"Data Source","World Development Indicators",

"Last Updated Date","2026-07-13",

"Country Name","Country Code","Indicator Name","Indicator Code","1960","1961","1962","1963","1964","1965","1966","1967","1968","1969","1970","1971","1972","1973","1974","1975","1976","1977","1978","1979","1980","1981","1982","1983","1984","1985","1986","1987","1988","1989","1990","1991","1992","1993","1994","1995","1996","1997","1998","1999","2000","2001","2002","2003","2004","2005","2006","2007","2008","2009","2010","2011","2012","2013","2014","2015","2016","2017","2018","2019","2020","2021","2022","2023","2024","2025",
"Aruba","ABW","GDP, PPP (current international $)","NY.GDP.MKTP.PP.CD","","","","","","","","","","","","","","","","","","","","","","","","","","","","","","","1363802057.8653","1522193651.7792","1648463551.43689","1810857555.73795","2001255995.51086","2095259749.36056","2158919231.42413","2350908521.51435","2424685609.47014","2489440705.33461","2739898103.25884","2918754740.63968","2936102553.38461","3027319748.04955","3335469123.98273","3426871110.39857","3572376596.76514","3782521886.1673","3926175809.01877","3489075178.03646","3434946033.82954","3623931877.15193","3549697827.01878","3793906436.882","3808447873.65564","3881687394.68026","3926951256.42967","4080271623.86488","4278675099.18117","4210290736.83411","3120095913.02122","3791812306.88464","4492347932.55543","5101901144.22916","5584653977.9108","",
"Africa Eastern and Southern","AFE","GDP, PPP (current international $)","NY.GDP.MKTP.PP.CD","","","","","","","","","","","","","","","","","","","","","","","","","","","","","","","579172931025.036","600032918812.838","600800452231.634","613066090262.034","638191628928.401","680523976101.564","732046919371.706","776638773869.981","800287720433.908","834165588836.716","881578113340.233","934425087407.332","985145557487.837","1035395442001.77","1122795437179.14","1228831861012.05","1350811512373.78","1479678589320.21","1575328035201","1599680984377.05","1705631630476","1808369379213.64","1815552128746.83","1940405330820.85","2076602678182.37","2148869258409.11","2268750738344.95","2459763906175.13","2452092198644.32","2571675364015.59","2574335034685.32","2868249708352.14","3190442256087.09","3374768239278.88","3565713113590.68","3818215535670.68",
"Afghanistan","AFG","GDP, PPP (current international $)","NY.GDP.MKTP.PP.CD","","","","","","","","","","","","","","","","","","","","","","","","","","","","","","","","","","","","","","","","","16377032683.4353","15166333855.1146","19806995163.9562","21981995255.7028","22892320780.269","26261445894.376","28521625037.6511","33344679965.441","35321124704.1571","43140953896.4454","49936634723.864","51184181904.4289","60766467131.1993","67458857272.9888","72946664022.0665","77274315044.0326","76798750471.4042","83362066704.4832","89369237677.5116","97800733345.013","100094011602.726","85767546197.7544","86135058870.0988","91347125337.505","95368282081.0498","",
"Africa Western and Central","AFW","GDP, PPP (current international $)","NY.GDP.MKTP.PP.CD","","","","","","","","","","","","","","","","","","","","","","","","","","","","","","","446126736133.366","466490178485.399","489690312233.581","494741185918.981","503700809522.611","522873824322.22","556859717103.514","590279741752.818","617924448043.775","635960702336","675719863218.33","728165156698.249","816511096508.181","881901582762.011","979902985003.676","1070138443024.54","1162368419946.3","1260250617569.12","1365730529444.47","1460907570086.77","1583804782377.79","1698475074352.79","1796232131040.07","1925162487098.34","2081639052383.14","2114363564215.35","2132247873789.91","2216491581850.24","2342005152902.75","2540028057683.06","2569089878268.89","2765414500385.42","3093513606481.64","3323796524638.08","3561456759951.8","3828060601634.58",
"Angola","AGO","GDP, PPP (current international $)","NY.GDP.MKTP.PP.CD","","","","","","","","","","","","","","","","","","","","","","","","","","","","","","","43074073050.4895","44972216729.6881","43311630089.1967","33704427291.0815","34885147280.6014","40959067177.6096","47358143132.7314","51679178936.2283","54711575818.8826","56696215285.2004","59751581476.3667","63666740831.1878","73491822509.1074","77556271312.4273","88736815278.8614","104473445323.494","120448309495.35","139797395591.946","157860858803.514","162004198389.139","172653197068.286","182548166822.434","207621875217.7","222514926605.069","244927399935.927","227162636843.096","230035949236.344","245679424581.42","261964346820.546","279131668989.222","260321778212.471","301129262182.548","334021676927.026","350954000185.321","377479074146.311","400212936179",
"Albania","ALB","GDP, PPP (current international $)","NY.GDP.MKTP.PP.CD","","","","","","","","","","","","","","","","","","","","","","","","","","","","","","","8728022983.58138","6496502296.62082","6166997079.2887","6916677324.92323","7650906671.8491","8851972751.64438","9675330535.76215","8689502853.73442","9653983189.84467","11033930510.5144","12287510466.7767","13619334671.3039","14767982327.0683","15712271002.738","16935169429.5006","18112033231.7114","20208416726.4065","22526611794.4377","24961656872.3648","26437303974.8549","28416130086.5141","29846310741.3125","30348619168.7123","30653646729.2026","32696805564.3108","33831434788.0951","35113414807.491","37369081148.0101","39260326195.7007","42219849458.0002","41182905420.8842","45345524203.3941","54275535286.4574","59923686142.1464","63473513071.6897","66307015661.1063",
"Andorra","AND","GDP, PPP (current international $)","NY.GDP.MKTP.PP.CD","","","","","","","","","","","","","","","","","","","","","","","","","","","","","","","1310131885.10193","1388922114.67774","1433773796.39868","1452619188.91206","1518993228.54028","1593606271.83984","1698236547.20671","1884167759.86815","1966215054.48245","2075776156.12893","2197696491.49015","2429638531.12813","2579571697.18916","2859201638.0709","3174958697.63352","3451259350.75091","3728768818.11427","3889274660.13765","3743831887.4337","3567168968.11756","3539214037.9619","3611940400.01089","3496180919.79718","3429540495.02771","3576657555.17428","3661620791.75687","3833543204.89228","3915698820.58319","4152298789.83756","4395348448.44156","4031176207.5678","4649508748.84024","5456542511.59286","5804635323.75573","6177703887.62295","6596405372.61993",
"Arab World","ARB","GDP, PPP (current international $)","NY.GDP.MKTP.PP.CD","","","","","","","","","","","","","","","","","","","","","","","","","","","","","","","1548975237652.48","1658870258391.5","1790889139639.93","1872168513593.52","1968415157867.26","2061606024866.94","2198579150141.68","2357375625404.23","2507004333165.62","2621117237880.67","2854225524499.05","2981121214360.14","3058142872301.73","3227913805590.53","3625827740610.44","3944288874234.18","4311706237491.13","4625820104958.77","4979306310108.93","5042227213427.64","5343998510990.75","5679675037187.63","6144696942163.51","6276395828103.1","6338641001359.66","5887766754250.74","5827264129769.37","6208230803021.32","6792332640019.17","7005159893720.73","6505696438774.93","7396233986127.35","8476299028749.85","8936109982502.48","9341767466037.47","9957977987207.14",
"United Arab Emirates","ARE","GDP, PPP (current international $)","NY.GDP.MKTP.PP.CD","","","","","","","","","","","","","","","","","","","","","","","","","","","","","","","167907035886.214","175078350012.523","185058463956.831","191834037038.03","209441560681.324","228133334821.153","245780527894.876","270496088551.107","274335446042.97","286291584042.11","324551222198.169","336501558167.355","350046365181.872","388371695241.351","436968125581.363","472549661102.503","535041904064.456","567037117097.466","596409747571.208","568626127582.665","584761553248.816","637031065631.766","659302624635.849","673342569890.033","705021482663.739","629269158546.742","625340547078.451","648225748926.389","723866553517.518","753927637632.337","627901561733.231","656665181293.844","756225458497.196","817937250430.128","871702497011.261","",
"Argentina","ARG","GDP, PPP (current international $)","NY.GDP.MKTP.PP.CD","","","","","","","","","","","","","","","","","","","","","","","","","","","","","","","234476844283.537","264545654080.426","292050532475.415","323509736784.55","349701129038.587","346874927356.258","372747062303.714","409929944204.457","430497422030.155","421808836959.473","427960175913.964","418303583403.588","378523791528.897","420107758522.524","470358838996.064","528046724343.148","588133949220.075","658480356238.014","698398185488.23","661115953568.952","736904550726.757","797263881242.037","819219854484.205","848625298160.51","838428063163.02","865155580188.784","882649216798.351","1035699067575.93","1090043170151.08","1057633159930.82","1011999397129.76","1191725417699.43","1353340950405.24","1377373008849.81","1392608159721.26","1494141945295.71",
"Armenia","ARM","GDP, PPP (current international $)","NY.GDP.MKTP.PP.CD","","","","","","","","","","","","","","","","","","","","","","","","","","","","","","","9804759537.06898","8950386612.30531","5327833129.23751","4974157579.75325","5354705603.58128","5844198432.68734","6300253203.11335","6621742394.56075","7184981696.97032","7527115893.91218","8151779326.01937","9135524003.24579","10502118179.1605","12208787869.0737","13853487621.3011","16273869612.9934","18990125434.5188","22176749550.1985","24163709283.2785","20884649142.6504","21603503566.7189","23085520248.3701","27043423649.5481","28572642912.7207","29343064966.5336","29315404012.9832","31629425029.462","35949453239.3726","38233278956.681","44365671088.179","43552758696.8095","47164867556.762","56884923384.7623","63885939646.6902","69334662220.9121","76408825661.974",
"American Samoa","ASM","GDP, PPP (current international $)","NY.GDP.MKTP.PP.CD","","","","","","","","","","","","","","","","","","","","","","","","","","","","","","","","","","","","","","","","","","","","","","","","","","","","","","","","","","","","","","","","","","",
"Antigua and Barbuda","ATG","GDP, PPP (current international $)","NY.GDP.MKTP.PP.CD","","","","","","","","","","","","","","","","","","","","","","","","","","","","","","","819608596.246289","865771251.615084","895759895.268138","965408471.023302","1051852685.32295","1027086737.19805","1114970753.46851","1196252709.36585","1266931123.33869","1332498765.72596","1447217180.39871","1412500912.43845","1449186282.85275","1567598182.53133","1702588348.58569","1869648421.15724","2172230129.36688","2438910772.92014","2485553313.1158","2201706020.76089","2053740262.0976","2055053749.15776","2008004315.57078","1916318722.69576","1923668370.58425","1876287100.28153","1918178442.04757","1938005691.19943","2229888663.55951","2425768090.57419","2054603457.83519","2377570792.25983","2763086050.98533","2976085376.85854","3127445339.50755","3375742065.78572",
"Australia","AUS","GDP, PPP (current international $)","NY.GDP.MKTP.PP.CD","","","","","","","","","","","","","","","","","","","","","","","","","","","","","","","296685757962.007","308330911527.991","319137562500.518","338947046000.544","359200986391.002","378995834548.066","403384154791.237","426343322558.765","453770601195.903","480293766143.645","505877260697.377","533673271158.645","566921563199.126","594920232985.354","634149683390.803","667645762326.089","713538801396.708","764543805901.331","799310108426.021","877090906570.653","870350207285.626","941694925125.012","977704262344.046","1066749681955.16","1105906481907.95","1106600366019.74","1147766860944.62","1194334822507.21","1257430105896.14","1339853335919.13","1389782994669.37","1498163677059.36","1719920190001.38","1926784790365.08","1961194326932.44","1986426180337.58",
"Austria","AUT","GDP, PPP (current international $)","NY.GDP.MKTP.PP.CD","","","","","","","","","","","","","","","","","","","","","","","","","","","","","","","148918502923.265","159253082350.696","166292336559.966","171130733844.562","178983328210.697","187611378026.528","194413030697.316","201596567961.196","211631673691.272","219789588984.161","234105852348.313","237675761705.927","250154113650.079","259551414495.312","273912173141.677","286136493567.015","309148607379.8","325119816177.868","341570699090.85","339462059937.129","349050492029.011","370671977954.567","389098738029.221","402959936317.639","413263298435.022","428239825841.592","457782737463.172","473923403470.153","500696126093.052","535946931732.608","521841933098.152","563936272645.242","653604985280.941","678135494455.28","695456204579.909","706980122891.209",
"Azerbaijan","AZE","GDP, PPP (current international $)","NY.GDP.MKTP.PP.CD","","","","","","","","","","","","","","","","","","","","","","","","","","","","","","","38334014118.2304","39352985290.5636","31153331531.8102","24524768990.1722","20113882130.1029","18112406068.864","18683773489.9182","20108311464.5576","22367731970.389","24362892662.2699","27680297848.0594","31105625948.0401","34570665511.2661","38851951371.8543","43588677251.8816","57525596247.0194","79737913303.2906","102752139788.813","115824486301.407","127457981800.769","135184888966.894","135803575412.212","148678132524.431","162604723251.662","167470430285.624","145466446321.068","141837623390.756","141069643128.845","151909515454.014","167158106107.002","153047750160.236","203884098954.124","228681533164.573","240355291138.004","256564024816.801","267574997456.737",
"Burundi","BDI","GDP, PPP (current international $)","NY.GDP.MKTP.PP.CD","","","","","","","","","","","","","","","","","","","","","","","","","","","","","","","3342761403.91998","3628488325.6012","3748659109.98746","3598053602.51115","3534131313.51743","3322459139.39502","3112622700.24358","3115954116.70807","3300644483.03041","3313543587.63878","3359566106.04694","3505834473.03598","3718625048.80585","3745638126.8011","4032281574.41145","4196140338.22574","4559718981.98836","4844567926.3762","5180297879.60642","5409640778.55783","5754285052.13045","6109356995.9024","6417733187.52282","7175699931.70619","7823061365.2092","7976716207.48418","8590112580.25924","9106376594.50655","9760479443.32744","10642824621.8774","11940929645.1974","13385338810.8296","14669668859.6991","15707609019.2112","16759504373.988","17959504405.3275",
"Belgium","BEL","GDP, PPP (current international $)","NY.GDP.MKTP.PP.CD","","","","","","","","","","","","","","","","","","","","","","","","","","","","","","","186267645657.78","196096893219.268","203635622335.812","206457217111.656","217670116118.938","227533645375.045","231014888043.209","241636062512.265","248651104225.033","260168701709.78","284923766985.587","296186500026.332","312900377877.018","320940313361.699","334098399405.687","347658412088.972","371830762035.128","391006547520.158","405729462246.522","409248174632.69","434079898662.779","455271537460.137","471861624035.897","489497572460.263","506062503280.372","519423798559.496","548605717461.086","571670659099.524","599540192091.147","651568428663.064","647547562363.422","702925341289.82","804520212618.154","855572977229.887","880200003407.7","891759752868.981",
"Benin","BEN","GDP, PPP (current international $)","NY.GDP.MKTP.PP.CD","","","","","","","","","","","","","","","","","","","","","","","","","","","","","","","6264447110.28949","6749974292.87702","7107990709.07527","7701140674.52435","8024491427.32846","8688007423.65855","9229636576.49226","9927215098.11164","10436421094.3531","11149451393.7444","12069905284.4509","12999880781.8589","13814866444.5673","14572733236.1743","15627491674.9087","16393603609.1479","17565614139.8545","19121539963.7381","20444297274.1008","21047481282.9425","21753633404.593","22860459982.9645","24393778410.0812","26896876069.4006","29454694903.9928","30961687093.8936","33245555033.1574","34745526935.4768","36720416644.3096","40076293090.6914","42407309934.6404","46467947984.7692","52885260370.2827","58326126512.0785","64229021427.9139","71359402707.7169",
"Burkina Faso","BFA","GDP, PPP (current international $)","NY.GDP.MKTP.PP.CD","","","","","","","","","","","","","","","","","","","","","","","","","","","","","","","5192843277.29924","5855373513.10139","6002745550.47023","6357733266.10639","6578873266.45838","7100769815.47088","8027218788.56278","8681454235.74069","9420568437.71448","10260410775.6638","10690983443.3496","11654669659.6621","12350989938.6256","13577548763.9053","14567076341.4337","16325164677.6425","17880926557.571","19120436925.2906","20619182898.4096","21360854972.8401","23446574733.5728","25515102554.621","26992067760.1929","29071648205.4878","30284926912.3411","31763609326.839","36383537964.2514","40632395597.0095","42375183591.2275","46790489892.5012","51134807594.6267","54689652540.5665","59532386775.1449","63587438130.355","68316006082.688","73948093046.1302",
"Bangladesh","BGD","GDP, PPP (current international $)","NY.GDP.MKTP.PP.CD","","","","","","","","","","","","","","","","","","","","","","","","","","","","","","","105008754995.188","112343514636.514","121157504598.338","129873049506.93","137806197694.12","147900975209.509","157420603395.793","167325146303.33","177965478376.263","188912743211.697","203418206724.302","218559239145.056","230463472731.358","246152172424.17","266015461713.869","292288029436.196","321404279212.91","353413232011.633","381885501580.95","403626330537.423","431294060065.991","468647816773.515","532553859722.85","577776460458.473","627516703644.248","671359529456.477","736379109928.489","791891204668.818","897767805988.755","997249695284.319","1104316059486.83","1247561124482.2","1431168528200.45","1569834703342.05","1676747750351.48","1783873538488.96",
"Bulgaria","BGR","GDP, PPP (current international $)","NY.GDP.MKTP.PP.CD","","","","","","","","","","","","","","","","","","","","","","","","","","","","","","","65801890504.5358","62282048474.4313","59068755557.1773","59573807755.5376","61952011125.7641","65086693950.3694","57276921250.08","47800256794.101","51010944186.6999","47685789556.7675","52486661576.8277","55745880726.4402","61023632700.6243","65439996516.2329","70999149830.2785","78821736273.3028","86694311160.6349","96744914592.094","107495192363.395","105622629901.322","110595938429.843","115716766085.834","119284959937.322","120959648888.106","127259120537.2","131974715792.619","143025290746.688","151834605221.488","161044349003.171","177100351578.409","179173759133.676","201459421189.973","234814142581.771","250316793450.96","270343833634.098","285967351546.676",
"Bahrain","BHR","GDP, PPP (current international $)","NY.GDP.MKTP.PP.CD","","","","","","","","","","","","","","","","","","","","","","","","","","","","","","","13849100372.048","15925300296.1204","17377895953.9684","20079358096.3099","20456821719.4372","21706545440.9762","23012414559.9135","24133299648.402","25573503153.7807","27050614773.8428","29129541485.3798","30527388692.6916","32039893082.4956","34729663754.2071","38153235357.7726","42013080198.5334","46109468097.2286","51286604418.5455","55539312162.2365","57301203503.6804","60511365799.6826","62950607636.3072","68563454589.6353","70567575887.0546","71379476259.9094","65822385264.1269","67525760773.3312","75332756767.7388","78150406940.0445","83979879528.4482","78668739612.8244","82671890844.1512","94024583668.9275","101285001027.71","106806443006.379","113620836223.026",
"Bahamas, The","BHS","GDP, PPP (current international $)","NY.GDP.MKTP.PP.CD","","","","","","","","","","","","","","","","","","","","","","","","","","","","","","","5468500283.68978","5417020162.02767","5328511069.35841","5471604368.14732","5764409068.3299","6142972182.90589","6519635759.57532","6717468095.60822","7113373809.75562","7729413187.27151","8232411264.49857","8638831360.05409","9010386267.99499","9072055567.69518","9398213125.15589","10022068527.375","10591125241.2845","11035373905.888","10986629740.8259","10592824921.3321","10886526704.2086","11179257851.7336","11652886944.3095","11480182878.3561","12128852901.2596","12384087314.253","12528462792.3855","13386673556.9062","13834540972.566","14254082379.9356","10769304826.4195","12313201284.2481","14623662058.5341","15627027677.6759","16556039743.5585","",
"Bosnia and Herzegovina","BIH","GDP, PPP (current international $)","NY.GDP.MKTP.PP.CD","","","","","","","","","","","","","","","","","","","","","","","","","","","","","","","4638932509.70576","4347498687.73247","4160350128.61079","4166061143.93325","4728681534.66189","5598749240.36193","8791286316.17363","12219662367.6432","14410279582.6355","16005700376.5963","17254490086.8633","17999375365.2625","19535753934.3872","20546707551.4022","22392189312.7876","24398008077.415","27910779311.9505","30847632975.3726","33896792726.6188","33747001507.088","34630137933.4667","36525499685.9754","37145682743.233","39027202675.8723","39811484294.7063","41678736713.3277","44799811684.6359","46722936529.9667","50326162060.6447","54962802410.7946","54010142683.1758","59338515900.5739","69388143492.1472","74455244050.19","79574675069.8909","81059241792.5348",
"Belarus","BLR","GDP, PPP (current international $)","NY.GDP.MKTP.PP.CD","","","","","","","","","","","","","","","","","","","","","","","","","","","","","","","53193233755.0668","54332225353.0038","50235620780.4513","47517963155.9159","42854253864.1338","39202485400.4298","41037957767.5172","46504640751.2218","50977578755.0883","53456725794.562","57838349006.2877","61935267852.9875","66071097819.689","72120938827.4759","82540052120.9581","93130096684.449","105602279441.195","117791170670.619","132306851751.702","133389134343.518","145473507868.578","156715098657.899","171127080561.616","179553714196.485","179879739572.13","171562717858.933","168862491607.69","174175435650.665","189020934305.568","210075611346.388","233301042735.647","256855349956.29","262307820040.802","283238528052.614","302896269295.772","315429062473.216",
"Belize","BLZ","GDP, PPP (current international $)","NY.GDP.MKTP.PP.CD","","","","","","","","","","","","","","","","","","","","","","","","","","","","","","","817820519.691848","945063972.170098","1089709015.56605","1184009143.76311","1209048395.48426","1243428714.14083","1280188270.43026","1357410348.1684","1426103971.04044","1582570968.8756","1816523717.00824","1950177928.49676","2087411348.04669","2334359698.19964","2511731559.52683","2647973576.05119","2852778900.62825","3027914670.8921","3036025702.26212","3041105454.8324","3121692416.19805","3181952157.00315","3111180042.63032","3254281029.56249","3311248639.34568","3398842023.32131","3427875304.21987","3403846084.01415","3611095600.75079","4051189866.74028","3766995886.26518","4632002927.90342","5420414259.22409","5649093285.65844","5992221037.38175","6329375749.73197",
"Bermuda","BMU","GDP, PPP (current international $)","NY.GDP.MKTP.PP.CD","","","","","","","","","","","","","","","","","","","","","","","","","","","","","","","2068931682.95819","2063302183.82614","2109061166.96491","2224009319.33941","2285116526.82913","2435661677.43304","2544751275.5505","2707711381.44534","2844929975.5501","2982784269.89532","3334556050.29534","3655898957.693","3657845331.53398","3857284207.76503","4052955585.08507","4250016553.26822","4623961353.1832","4908105011.58792","4909322335.5732","4661665611.44762","4600224450.47064","4519405326.5993","4401060438.48103","4546789583.9929","4573359853.64919","4819676018.15066","5102072630.22836","5447424722.84928","5488075615.45772","5832740627.90402","5481895565.20419","5968282122.23483","6792769517.28578","7349441843.16393","7674101281.85475","",
"Bolivia","BOL","GDP, PPP (current international $)","NY.GDP.MKTP.PP.CD","","","","","","","","","","","","","","","","","","","","","","","","","","","","","","","19940570633.5516","21700613524.8797","22560581468.3609","24081349018.5784","25743472352.1533","27512835099.7087","29238427029.0673","31216140385.955","33154582653.4672","33767287413.0701","35398184182.4941","36804696696.8351","38305660676.6158","40121036760.9218","42919321306.05","46222186140.78","49933262606.3093","53626977688.476","58020995959.033","60338636303.3639","63592192584.6249","68281842104.5854","75543727995.4098","86194974662.4211","93614432490.6754","96459271840.4801","103326049867.082","118215047306.154","123811713287.561","128447735965.211","113211838075.465","133727570900.831","148606710170.37","157983334173.324","160086293712.381","161966561766.575",
"Brazil","BRA","GDP, PPP (current international $)","NY.GDP.MKTP.PP.CD","","","","","","","","","","","","","","","","","","","","","","","","","","","","","","","997458383735.056","1041834385676.53","1059778771294.99","1138326881868.88","1230679787774.03","1309554571155.77","1362985284296.84","1433558431103.95","1454571004231.75","1482057413782.18","1582133937048.61","1640243857281.68","1716595685799.06","1770456746615.2","1922785831229.13","2046574552589.01","2193273153859.33","2389430239736.88","2559535104736.67","2572081759774.35","2799325235275.62","2970630762031.72","2992140131462.41","3120542014211.78","3166808963772.23","2989121457677.6","2907889886422.24","2980287463645.1","3187189640213.37","3333775621511.96","3359777233364.89","3787769507585.78","4179567285874.62","4474720701758.22","4742602740468.06","4986894750790.25",
"Barbados","BRB","GDP, PPP (current international $)","NY.GDP.MKTP.PP.CD","","","","","","","","","","","","","","","","","","","","","","","","","","","","","","","3150657519.8159","3130178768.9967","3019264305.45853","3115343092.20758","3245842156.66228","3380639192.47779","3579422142.9605","3813741574.53376","4000394963.3328","4070581493.0146","4347915183.91258","4340652550.36628","4442815558.52213","4629091555.39763","4820673201.68781","5168481553.56865","5651299872.41271","5925092497.01495","6077508099.22494","5808186954.87146","5403725814.20742","5511117691.59243","5170272090.78758","5277991195.78266","5235066267.85485","5353947894.39128","5365636087.92818","5314729462.35674","5550853306.91623","5620448558.19111","4660332272.11523","4990262588.49332","6197503668.02548","6543419902.49966","6931634372.03052","7318202568.51863",
"Brunei Darussalam","BRN","GDP, PPP (current international $)","NY.GDP.MKTP.PP.CD","","","","","","","","","","","","","","","","","","","","","","","","","","","","","","","17921687480.6192","19067044651.0503","18892985637.4755","19218257786.695","19823465754.4202","20511782237.8399","20881599212.0346","22589252749.741","21322422331.508","22545500716.5752","23857328633.4596","24752160223.4726","26132586739.0464","27603457286.3453","28375370607.785","29263918712.1849","31402712496.4994","31039593176.9265","30403543275.2682","30009758603.7937","31207137921.7792","33043605255.0477","35387298721.4889","34227281356.8655","33850747356.1201","26475996818.4788","24234121657.4006","26683717606.9096","28522807687.7392","30701487040.9233","31223413923.1335","35346624887.2816","37244157637.7327","39057792977.9173","41649466888.9988","43102847516.8548",
"Bhutan","BTN","GDP, PPP (current international $)","NY.GDP.MKTP.PP.CD","","","","","","","","","","","","","","","","","","","","","","","","","","","","","","","965176566.568485","993747163.590369","1063156360.57172","1109975371.77359","1189809535.38678","1300689410.68091","1398212795.9099","1498757656.64039","1605234830.74712","1757925585.72717","1858061639.95082","2039131169.08603","2287090949.65009","2513847013.55506","2714578404.80132","2993853472.0818","3260264370.79818","3887877075.81105","4142277505.43957","4487394036.5915","5083865945.4314","5629238206.58806","6152394144.3722","6285876277.6316","6835344112.57439","7564534468.08804","8430904600.97512","8808682290.34117","9093982075.92963","9873190251.01731","9605861812.92756","10436528611.9245","11761676282.2779","12761862273.7117","14059370168.3545","15610189369.222",
"Botswana","BWA","GDP, PPP (current international $)","NY.GDP.MKTP.PP.CD","","","","","","","","","","","","","","","","","","","","","","","","","","","","","","","7969467155.52807","8853501021.36474","9319407687.96829","9723110435.7611","10290996263.4799","11245435178.3841","12118901244.346","13354291675.575","13564289966.6786","15086086616.3285","15734473976.7616","16129079797.3101","17373897291.1875","18536478434.9638","19549992132.4376","21081728495.9999","23549478887.4643","25588569288.6119","26929778964.3493","23263372283.8042","25928888003.1349","28273534640.5122","26856576256.1748","29158549495.4532","32587870647.0545","31162419272.1222","36266220081.5912","35589435395.4775","36293825138.6309","37220081094.0541","36179872017.8699","43131382328.6508","48733593846.2038","52158097413.214","51966923542.8224","53030571759.4552",
"Central African Republic","CAF","GDP, PPP (current international $)","NY.GDP.MKTP.PP.CD","","","","","","","","","","","","","","","","","","","","","","","","","","","","","","","1781707623.76406","1831783983.82587","1753170790.15881","1800743914.80526","1929312915.1393","2111588545.16547","2064234890.45433","2211121275.40749","2341065142.13567","2459663881.56776","2452761381.69181","2619965169.2445","2756903876.8977","2659592507.37229","2894838239.1275","3012720151.32835","3253799664.34449","3495935180.39","3636486380.73794","3973116132.66403","4207624657.12501","4474567487.04114","4897034572.03065","3295437288.55","3231436576.44185","3559349379.23233","3893548336.23769","4236556479.54651","4419174296.74199","4869757044.86639","5359843442.72162","5769272621.61696","6207661682.42162","6482417925.94617","6742985507.57026","7243772032.86453",
"Canada","CAN","GDP, PPP (current international $)","NY.GDP.MKTP.PP.CD","","","","","","","","","","","","","","","","","","","","","","","","","","","","","","","560079852535.334","566913377990.183","584995582625.264","614777970806.488","656123037360.569","687848319876.131","712271325047.301","755540781803.625","793792715800.774","846415465103.585","900558298058.048","938102688981.544","971005415131.62","1023631541463.09","1083661973887.78","1171336075488.36","1241725035718.37","1301509598020.75","1342399079707.39","1306976225786.41","1363747388824.5","1430813998503.11","1468092337581.26","1554113562091.5","1621397186835.05","1594853378331.82","1678094023006.6","1765766672385.8","1852987590798.03","1899699472845.81","1847839998535.39","2179484689194.25","2501262353907.96","2601676541838.53","2701978839989.15","2780073936107.75",
"Central Europe and the Baltics","CEB","GDP, PPP (current international $)","NY.GDP.MKTP.PP.CD","","","","","","","","","","","","","","","","","","","","","","","","","","","","","","","835125895509.548","771716654662.622","753233987205.642","773732552213.974","819419268910.122","881526563214.079","924132418484.382","955236802497.331","996169583843.417","1027437117383.54","1088626126867.62","1164637608398.51","1244014098055.06","1313504981478.96","1432037282790.48","1514221444955.07","1678453863131.15","1864535038361.29","2058870566476.42","2059769552746.73","2173283080904.2","2324407888042.5","2400896506244.52","2472125444047.34","2579071227252.33","2698035122073.94","2860219281165.78","3067804292859.52","3297243366071.12","3653020718287.35","3689742443484.65","4020490549570.92","4529726983783.36","4810254719294.96","5057394580420.34","5275106599439.9",
"Switzerland","CHE","GDP, PPP (current international $)","NY.GDP.MKTP.PP.CD","","","","","","","","","","","","","","","","","","","","","","","","","","","","","","","193883181827.353","198604106994.352","203041305783.948","207592236840.031","214717403018.347","220274021870.571","226198629821.232","235216900791.309","243463753596.243","251565370893.415","266565156038.599","276867828664.253","286176303691.746","287817697419.59","300638479617.061","313421946484.772","351600728770.16","391042217440.579","416906506752.29","417193305920.325","433857381355.724","462120345073.839","483278307209.661","507597804761.531","529757067815.295","550106794576.254","572732784842.142","585861259246.661","614474626463.059","645435667735.924","642547142297.224","727047059179.797","830573401100.201","835013969788.183","877753767387.646","932096048760.891",
"Channel Islands","CHI","GDP, PPP (current international $)","NY.GDP.MKTP.PP.CD","","","","","","","","","","","","","","","","","","","","","","","","","","","","","","","","","","","","","","","","","","","","","","","","","","","","","","","","","","","","","","","","","","",
"Chile","CHL","GDP, PPP (current international $)","NY.GDP.MKTP.PP.CD","","","","","","","","","","","","","","","","","","","","","","","","","","","","","","","59721081632.0001","66748307793.5581","77242418497.9311","85471162462.1387","92705524536.5219","105056063294.375","116328214574.279","127081192393.564","133882247419.518","135405286598.02","145356809142.534","153317625285.349","160686939028.576","171598885379.002","187974254950.122","205184272361.174","256070327750.926","278373990855.263","275754675658.211","271327840689.37","307855669989.43","349147748338.746","374316599654.072","392670388758.784","402902197372.116","405499679728.348","424831691025.604","450891850914.83","478093905184.167","491729278797.843","491181023162.877","566308424865.614","604558869762.424","652152910210.552","712932938839.983","750190401679.883",
"China","CHN","GDP, PPP (current international $)","NY.GDP.MKTP.PP.CD","","","","","","","","","","","","","","","","","","","","","","","","","","","","","","","1124647401358.64","1271689537150.19","1486634304671.42","1733809877562.61","2002502773648.28","2269697941422.1","2541758457875.12","2825987413807.22","3084182650855.5","3369959391879.28","3741766224110.56","4144498831615.95","4597640556421.21","5162589666511.33","5839002583443.94","6711821784503.44","7795781407811.38","9140039997351.58","10216898947311","11246853891631.5","12589244234555","14064750800821.1","15465192010738.5","16670208037942.1","17754058548307.5","18577514881891.3","19647292057520.3","20974552138879.6","22862470132646.1","24777565958500.9","25777238693451.8","29438240129870.1","32520203910365.4","35549988086663.2","38238902604243.8","41259823532528",
"Cote d'Ivoire","CIV","GDP, PPP (current international $)","NY.GDP.MKTP.PP.CD","","","","","","","","","","","","","","","","","","","","","","","","","","","","","","","32831478345.2292","33955667727.0683","34644533341.7429","35397455090.8921","36446538661.1662","39862249177.2328","43729524250.7765","48775770205.1521","51427070909.1094","52763388081.8451","53815165578.3095","53841629590.6237","53185319478.0254","51672274066.9163","54751824975.1366","57031007284.1227","60445022065.6847","62766430563.323","67035504256.3211","69879369470.4433","75572133889.6993","72988975599.248","77223654948.2285","86638474451.6252","99929867262.254","111175876370.327","117748858729.37","125384273717.75","135827506244.13","155523648459.422","160302939789.704","179178274483.429","204205140580.333","225737405877.572","245266695941.085","268526112106.074",
"Cameroon","CMR","GDP, PPP (current international $)","NY.GDP.MKTP.PP.CD","","","","","","","","","","","","","","","","","","","","","","","","","","","","","","","23025240277.8658","22897314875.6357","22693118130.1113","21388318872.2246","22254990930.4011","23379172432.5153","24810680271.3541","26381154873.1341","27938304946.9043","29611876946.9537","31443201182.5652","33541506637.9599","35587737861.1819","38269320461.6687","42068507448.4953","44354338153.1605","47463977041.2603","50859594130.1207","53315733152.2223","55028202950.2113","57311621817.5328","60470659956.2005","63669714457.3458","69319477137.6358","75494717689.7735","79618697991.1036","85068226004.8733","90902832851.2771","99492538001.3058","108174199180.862","114420802871.501","129022200845.744","143363103383.9","153644594685.793","163008601218.629","172937252205.464",
"Congo, Dem. Rep.","COD","GDP, PPP (current international $)","NY.GDP.MKTP.PP.CD","","","","","","","","","","","","","","","","","","","","","","","","","","","","","","","32720913987.7943","30978844591.6052","28357899856.9787","25119998834.9236","24655763408.0172","25348926690.7549","25548894241.4947","24529630895.1391","24402434520.9769","23690989011.7499","22553281826.5998","22576788552.0763","23603483352.0277","25412043800.8853","27853801276.7653","30489598299.5492","33035581156.8676","36842973467.481","40344258590.9009","40812934298.9388","44869211640.6244","45610283959.9443","47454468511.5253","57649194207.4464","67376360420.2708","73774190841.0914","79760466323.4569","86260028947.5421","94447824695.5254","98168491901.6185","104512854274.501","139045034784.888","162802171507.61","183232966935.341","199240906232.236","216618320622.345",
"Congo, Rep.","COG","GDP, PPP (current international $)","NY.GDP.MKTP.PP.CD","","","","","","","","","","","","","","","","","","","","","","","","","","","","","","","8181388861.42115","8660669803.992","9089401098.21661","9213691382.34644","8893500368.17189","9441835598.73585","10027210024.5192","10136392428.7444","10633422672.7186","10505434342.9866","11557321034.9414","12266930679.7592","13028347252.688","13393614579.0386","14231948893.958","15816589849.4264","17606451725.1383","16887417170.6092","18298291841.6247","20553711138.9769","22869548223.2809","23856263885.5927","28717951831.4077","28335651923.6335","28527635281.5358","24035779100.7529","20973960925.5018","23783312191.5778","30668141085.6866","32125052982.7686","27446361623.0188","36903988991.0873","40111976664.1669","42389388833.0565","44353919938.3409","47002080999.5466",
"Colombia","COL","GDP, PPP (current international $)","NY.GDP.MKTP.PP.CD","","","","","","","","","","","","","","","","","","","","","","","","","","","","","","","165749937392.026","174785147989.031","185999296399.015","200662339790.487","216863846998.247","232929565322.014","242070320390.216","254691613370.437","259021506578.735","251643517104.608","264870681660.679","275379079769.433","286661049053.076","303774557819.646","328579327983.518","355245575260.817","390797993628.3","428431872784.056","451024877832.488","458978514360.483","485436645870.298","529875186711.481","552844741595.573","589812009091.885","621898180361.74","626205847138.119","665398390495.011","693117074956.624","747103674534.628","807590595866.731","785737564322.414","889808627041.398","1078943239346.48","1113485546859.04","1186738261093.78","1209578946628.56",
"Comoros","COM","GDP, PPP (current international $)","NY.GDP.MKTP.PP.CD","","","","","","","","","","","","","","","","","","","","","","","","","","","","","","","687547007.755394","666963785.297911","732356570.459761","768813654.336052","753926045.611129","813125554.808422","823786054.261117","874950821.874407","885005650.327123","921741876.412762","933128756.270167","1005850487.0095","1068445820.40434","1110616677.41251","1175841778.88647","1281412226.18464","1297753892.63929","1343624689.29648","1423808279.80252","1479016584.27929","1553543699.16816","1651294241.59918","1825883022.49139","1971983805.65452","2090119520.3971","2143329245.54369","2328363278.32792","2532916585.07953","2549756539.994","2605735931.66904","2616330804.01695","2821917777.54898","3096796332.841","3313718824.59433","3508069102.17537","3741736304.01896",
"Cabo Verde","CPV","GDP, PPP (current international $)","NY.GDP.MKTP.PP.CD","","","","","","","","","","","","","","","","","","","","","","","","","","","","","","","392118599.504094","411071432.044266","466425301.458475","519061637.741897","631840378.833892","736765677.994536","835381892.726372","944270626.783313","1074408388.684","1211895681.88648","1416386647.07708","1480599872.94375","1582561152.07322","1681202608.60961","1902455066.33672","2097735410.65507","2335068852.98463","2762175353.63149","3013570387.73532","2986566391.04944","3078374146.32788","3265194483.4151","3234562963.9147","3261480004.77418","3287510389.45475","3470693995.24233","3767658154.16819","4070196657.81328","4064409366.40188","4444817983.52976","3526877323.02085","3970664151.46117","4926921602.05216","5354203549.77483","5870602665.27225","6415078425.42562",
"Costa Rica","CRI","GDP, PPP (current international $)","NY.GDP.MKTP.PP.CD","","","","","","","","","","","","","","","","","","","","","","","","","","","","","","","15702887783.2144","16601734656.5368","18542417288.148","20329116817.4339","21701477975.537","23076860626.4905","23816692732.4166","25554131796.4209","27673097920.1721","29228767139.4852","31027327651.7614","32833574342.6596","34483122901.1997","36682018346.7568","39335107225.9165","42181713191.0372","46668360649.1651","51870464020.1086","55374923701.248","55229806691.5473","58897493166.9211","62759466988.2703","67457930914.9061","71836714857.4958","78151240896.8022","84436792805.3188","93454856050.2191","100716906509.815","106835376048.275","117295950469.771","111990627653.139","121862721017.127","136658687208.042","149325852586.005","161859684591.581","174245817162.923",
"Caribbean small states","CSS","GDP, PPP (current international $)","NY.GDP.MKTP.PP.CD","","","","","","","","","","","","","","","","","","","","","","","","","","","","","","","26357219682.3562","27509900141.2981","29162539993.7402","30024048757.5317","31758139557.2547","33427881582.5963","35812887174.6176","38305952228.0016","40664933131.3006","43407801522.5681","46510846548.8678","48725331490.2544","51689881951.0498","56578896696.9097","61164496541.3083","65913592571.683","73826607776.7181","79037393644.0028","82261463100.4069","80127157561.458","82540111233.5488","85055544926.4076","87552593539.7256","88991918030.8243","90960246865.979","89013225599.0943","86726228143.7638","90801412843.9052","93702848639.6446","98442597792.4142","89943597988.1199","105238741181.781","130177375822.419","148612289739.181","175529572774.016","195767074363.084",
"Cuba","CUB","GDP, PPP (current international $)","NY.GDP.MKTP.PP.CD","","","","","","","","","","","","","","","","","","","","","","","","","","","","","","","","","","","","","","","","","","","","","","","","","","","","","","","","","","","","","","","","","","",
"Curacao","CUW","GDP, PPP (current international $)","NY.GDP.MKTP.PP.CD","","","","","","","","","","","","","","","","","","","","","","","","","","","","","","","","","","","","","","","","","2930335331.20796","2975470407.35351","3033707213.99226","3102517491.0362","3192588363.36171","3314963113.92671","3473094179.89939","3655297541.98208","3807244971.70045","3810374354.5408","3859855630.10426","3959519302.37166","3818320183.53528","3818138347.10794","3796034989.7069","3797467729.8183","3775988376.26249","3895735784.59277","3923336909.93931","3998528568.93099","3377382710.98674","3834193237.75327","4390522904.91301","4744297906.37248","5106480247.9862","",
"Cayman Islands","CYM","GDP, PPP (current international $)","NY.GDP.MKTP.PP.CD","","","","","","","","","","","","","","","","","","","","","","","","","","","","","","","","","","","","","","","","","","","","","","","3626595917.1164","3842652813.188","3902691282.07438","3644016497.12184","3588140921.4513","3704981220.90876","3698215081.74604","3733288333.31213","3823800532.93183","3945662306.00326","4144412721.58719","4389520709.86546","4735347953.26175","4894495647.27721","4541293637.23615","5199243731.07254","5884291963.17836","6456207349.60463","6865016286.97666","",
"Cyprus","CYP","GDP, PPP (current international $)","NY.GDP.MKTP.PP.CD","","","","","","","","","","","","","","","","","","","","","","","","","","","","","","","7740542454.77911","8061490215.14916","9020248481.16397","9298696145.44486","10057578954.5718","11127151410.1165","11454098608.2365","11927223925.1147","12738736849.102","13501981347.2623","14779843755.2245","16041615812.1824","16716333038.1007","17439000936.8334","18885340997.0423","20504197863.4453","22535548212.0957","25229056976.4899","27398626136.6852","27393500466.133","27788302743.9115","28424530942.7074","27580494968.4061","26247497052.9958","25720887195.9981","27059320396.1653","30552872606.0781","33018374193.478","35608063563.1331","39790627824.1614","38671995280.4099","43922946896.619","52491614650.1645","57343530633.666","61312827973.1325","63713325733.9056",
"Czechia","CZE","GDP, PPP (current international $)","NY.GDP.MKTP.PP.CD","","","","","","","","","","","","","","","","","","","","","","","","","","","","","","","132765511974.255","121313267083.907","123449320046.385","126453699317.137","132911206917.45","144140261202.337","152467794902.305","153646246487.603","155071968252.375","159337917754.5","167488673558.384","180930479020.972","187052563018.901","199844071801.176","214017984353.934","225819370350.942","244855081108.525","270525568037.342","290123393361.636","289435341011.692","294894987471.384","306876088631.92","309706664288.31","326079204734.886","344636591853.555","359547085402.822","385090482980.625","416849081359.126","442610888485.238","486786860810.414","479686413475.523","502134232985.641","565056269805.88","609064222115.211","628403287253.67","658517722280.127",
"Germany","DEU","GDP, PPP (current international $)","NY.GDP.MKTP.PP.CD","","","","","","","","","","","","","","","","","","","","","","","","","","","","","","","1546387515961.92","1680347469517.76","1753247818552.81","1777340411652.32","1862430881564.67","1930097422717.07","1979805279864","2022112713988.2","2087761317297.27","2177128848707.55","2258651592444.51","2361315607485.98","2434539237038.42","2500901226672.74","2620153001468.31","2664895195600.89","2861867908526.11","3036781051743.85","3156115119313.6","3076286406449.67","3247684935096.22","3482660297005.73","3555788152623.2","3699715017346.77","3881293265898.25","3967282765427.53","4245516922488.2","4475276691331.57","4669303608140.89","4928324126256.54","4881924519973.52","5210634826523.96","5794969081509.46","6018523537416.52","6176636770148.76","6295798631798.23",
"Djibouti","DJI","GDP, PPP (current international $)","NY.GDP.MKTP.PP.CD","","","","","","","","","","","","","","","","","","","","","","","","","","","","","","","","","","","","","","","","","","","","","","","","","","","","","","3705185569.99916","3989155838.83044","4350576767.06687","4598427635.85082","4933188997.99709","5448494938.69266","5876851582.36168","6108376123.1385","6682759257.72075","7527895079.68293","8337854080.22828","9141300983.30277","10007772913.2465",
"Dominica","DMA","GDP, PPP (current international $)","NY.GDP.MKTP.PP.CD","","","","","","","","","","","","","","","","","","","","","","","","","","","","","","","324979496.571915","340497785.843788","355324813.39261","371609274.731613","379674727.436831","399384030.415584","419320445.680825","435874233.118648","457408657.719863","465523939.585033","487210023.581922","497862427.024219","489989209.5887","528668357.396291","565131241.228331","588185427.867843","633007064.628488","684991860.915012","747909931.217012","743976105.712236","752222279.928649","768069573.236969","754831354.250727","786822291.960244","850337552.355282","851449231.904434","901049875.836377","869638618.013813","1027375174.54409","1087477952.76083","962493750.735115","1062394694.29521","1256268805.6658","1350332733.28229","1412259860.37773","1496136507.3655",
"Denmark","DNK","GDP, PPP (current international $)","NY.GDP.MKTP.PP.CD","","","","","","","","","","","","","","","","","","","","","","","","","","","","","","","93696062489.2858","98277148392.4382","102550014732.968","104897949846.963","112810346811.071","118674693327.726","124854747066.08","131527940183.127","136842656416.169","141784548049.729","152968402265.577","157864325238.972","164861508226.377","166375281667.993","178433307921.784","185552256869.12","203312220757.082","213597362493.228","227806103577.384","223819626924.37","238758955885.134","247576922067.284","250251713083.953","263167333211.328","270207300529.4","277906461655.467","296830932013.306","318639654733.581","331590779599.814","352324705726.531","365525756328.655","406035574978.675","463707887262.401","460445058423.324","483764583912.86","500071455651.622",
"Dominican Republic","DOM","GDP, PPP (current international $)","NY.GDP.MKTP.PP.CD","","","","","","","","","","","","","","","","","","","","","","","","","","","","","","","26036949701.6221","27171608518.3465","30913792197.3344","33977854355.6718","35603478551.9434","38421916876.546","41457668323.0737","45925755429.8366","49556225952.5956","53251088026.7891","56990534569.4448","59712780190.09","63361361442.5897","63740463047.213","67146869674.1856","75783953622.6767","85285645906.1894","94094500105.8337","99041765876.3537","100652603690.52","110434557268.741","116310697708.575","118595431892.257","126545325604.148","138896444676.232","154478224941.033","171800387111.103","179695847689.553","194021299999.646","215339964553.46","209139062581.87","245311121758.829","276522078537.176","293040490595.374","315190999326.09","330881018370.385",
"Algeria","DZA","GDP, PPP (current international $)","NY.GDP.MKTP.PP.CD","","","","","","","","","","","","","","","","","","","","","","","","","","","","","","","192911659419.911","197042339773.793","205160240018.834","205612715262.994","208112935358.594","220550508017.347","233796384121.455","240444189841.765","255546937627.621","267456403248.954","283908375680.394","299010145326.757","320054211333.239","347587339464.813","372996309556.1","405464777067.083","430089739626.215","455435983831.558","475816185932.695","484495939558.314","513922383976.919","540260920347.765","543660681589.814","552043162307.88","576084364271.011","552563707134.997","548945698735.394","562537088659.901","583471998103.511","601470923945.205","558300141593.952","648895630480.26","720070091900.311","777329509754.195","826100849354.316","881645077497.479",
"East Asia & Pacific (excluding high income)","EAP","GDP, PPP (current international $)","NY.GDP.MKTP.PP.CD","","","","","","","","","","","","","","","","","","","","","","","","","","","","","","","2347204516263.72","2614473015709.69","2948679013100.02","3332417523965.48","3752069279203.75","4198193928296.14","4651619014085.99","5051554105412.71","5154175410770.39","5534162945878.14","6077777741274.76","6617106084574.06","7237972425714.74","8012295818094.51","8945368092120.52","10098086875743.6","11488774475148.6","13178848361904","14537006081156","15713514309798.6","17421437435992.2","19237532227651.2","21112063723764.9","22620766646256.5","23981764948556","24973689626076.5","26394981428819.4","28153618206015.8","30646120528125.5","33127308349198.3","33978453579390.1","38241809867059.8","42507295301716.6","46354632729473.4","49852633862488.6","53777328237842.7",
"Early-demographic dividend","EAR","GDP, PPP (current international $)","NY.GDP.MKTP.PP.CD","","","","","","","","","","","","","","","","","","","","","","","","","","","","","","","6029934725892.47","6512869803023.22","6942248821145.35","7271824414523.14","7647578304672.06","8083632704348.83","8696163975293.4","9254837469360.86","9345328266691","9732848135631.52","10413655472869.2","10870415601228.1","11275167729000.9","12085150314369.6","13244021846875.5","14491761803503.7","15957431272972.4","17407192269102.2","18496324069335.5","19035663488067.7","20525443446764.1","22090247678133.6","23542614052303.8","24602933081567.9","25671252848599.7","26366694721041.4","27724854715796","29611262003913.1","31579924490552","33075669584179.9","32625177894841.4","36802889834383.6","42271335525831.3","45923897420489.6","49061456146869.5","52529362770794.1",
"East Asia & Pacific","EAS","GDP, PPP (current international $)","NY.GDP.MKTP.PP.CD","","","","","","","","","","","","","","","","","","","","","","","","","","","","","","","5986309517992.09","6540723356221.69","7054093419201.37","7606619162896.21","8255663175146.66","8965819211092.77","9720552595248.31","10344383484126","10428980067019.7","11018658011253","11977842951027.4","12719037880843.1","13618210102716","14621632715245.7","15979411517390.1","17521792470978.2","19382442389597.7","21569220257880.6","23111114594903.7","24112797796756.1","26361438301704","28531175848695.3","30762455308103.7","32736666531260.1","34341166328433.3","35713517491185.5","37303046826347.7","39414423665762.2","42294800171616.3","45092901817830.6","46069069608157.9","51299181302194.6","56636425170548.2","61404770113372.2","65531934582478.5","70059524077814.5",
"Europe & Central Asia (excluding high income)","ECA","GDP, PPP (current international $)","NY.GDP.MKTP.PP.CD","","","","","","","","","","","","","","","","","","","","","","","","","","","","","","","1323323087549.56","1300376040081.43","1260950171753.96","1250446253238.77","1130014340116.76","1148638477278.76","1197792920458.23","1284186338740.92","1135420995711.2","1141733262037.43","1257317956556.9","1309699751924.38","1384073368627","1488685261210.24","1689094601897.04","1870528632528.68","2144758327016.68","2397192058327.18","2602995382638.71","2543916166670.3","2796886369708.34","3102145614615.56","3301962390261.17","3626989340745.57","3784536910869.94","3888299395876","4069201830675.5","4324110477914.23","4525671585372.28","4850116608188.77","4968634116259.93","5586218863114.05","6338906426456.11","6906096920113.55","7327857776647.24","7606077856877.66",
"Europe & Central Asia","ECS","GDP, PPP (current international $)","NY.GDP.MKTP.PP.CD","","","","","","","","","","","","","","","","","","","","","","","","","","","","","","","10031297066087.3","10286402872492.6","10339434936992.3","10452867856579.1","10663818693491.7","11101591030256.9","11500129356113.8","12020013776362.7","12276780110176.4","12774894437200.6","13779967511074.2","14495968807801.9","15212985958746.8","15842446888770.2","16873501156339.9","17840376423525.8","19819636482054.5","21322800716896.9","22871604914518.3","22347321419259.9","23379091938015.8","24853423525755.9","25625529837897.9","26904535798507.3","27711316294074.3","28232743968889.7","29649605494547.8","31349233867721.4","33068244690302.9","35606596387389.1","35202426073112.2","39225012376367.8","44229038736220.1","46686822783173.8","48923309412428.7","50476990731412.1",
"Ecuador","ECU","GDP, PPP (current international $)","NY.GDP.MKTP.PP.CD","","","","","","","","","","","","","","","","","","","","","","","","","","","","","","","48509374311.4521","52301972482.7404","54624884603.8441","57023088915.934","60720677524.9921","63390241505.4238","65668623963.2665","69692104103.4967","72777447678.0036","70309306291.4289","72686975971.8584","77449916534.6947","82529602903.2584","86586563566.3579","94989974959.2902","103257283378.398","111062338432.079","116241429368.212","126259252155.345","128423995877.544","135221979006.044","149717191250.669","159529618331.811","178551197058.881","189785459977.46","176939941130.612","179600489638.442","197653047823.802","207780861915.153","217496140458.277","202250004868.163","238844767157.606","270845949260.458","286015688709.3","287417221449.041","306477458293.649",
"Egypt, Arab Rep.","EGY","GDP, PPP (current international $)","NY.GDP.MKTP.PP.CD","","","","","","","","","","","","","","","","","","","","","","","","","","","","","","","208244358296.658","217709637002.324","232630679361.112","245052864057.75","260229492028.903","278020042615.416","297233526871.689","318965802269.624","340534346931.975","366258989179.641","398414667922.235","421787842950.885","438580660851.284","461522018279.653","493326417156.649","531546430151.553","585438475443.254","643918589071.521","703293511325.065","740703144649.523","788293878672.612","818754235836.905","963511290996.558","1002088457671.01","1000296471586.54","1085943366513.33","1084107404691.64","1153591166057.27","1302980395024.57","1437311654157.39","1665073256894.19","1728601012503.64","1973524921378.81","2123505572183.05","2228429994810.47","2391468107658.04",
"Euro area","EMU","GDP, PPP (current international $)","NY.GDP.MKTP.PP.CD","","","","","","","","","","","","","","","","","","","","","","","","","","","","","","","5439843568299.48","5741214215522.86","5923542918448.56","6018064996666.59","6299463171905.95","6590064819595.33","6800419003181.52","7077755117822.45","7428776446553.45","7734629304391.05","8247267812971.62","8666001457152.3","9054884711569.43","9262617669405.94","9684495795125.79","10087827656523.5","10972260253401.2","11680397011190.6","12186715122337.7","11933986916302.7","12292931018670.7","12852679580350.8","13000391366457.8","13457862452327.5","13847781942886.6","14276208684498.4","15181767227819.1","15947691873302.1","16670522587682.3","17935269768491.1","17422303475125.1","19023154432976","21520885663009.6","22737286185021.2","23589964944989","24203776840858.5",
"Eritrea","ERI","GDP, PPP (current international $)","NY.GDP.MKTP.PP.CD","","","","","","","","","","","","","","","","","","","","","","","","","","","","","","","","","1835746157.56044","2132109180.85459","2639758595.49468","2772142458.58966","3084261045.45638","3385578350.48678","3484314347.20701","3534097149.56657","3500595221.83175","3892811387.04343","4072119264.39758","4042244997.84871","4211205244.68338","4455060340.15544","4547936344.18342","4737800725.19958","4356653615.73796","4553452013.83977","4709915124.21859","5224331270.24732","","","","","","","","","","","","","","",
"Spain","ESP","GDP, PPP (current international $)","NY.GDP.MKTP.PP.CD","","","","","","","","","","","","","","","","","","","","","","","","","","","","","","","531534163822.581","563500585117.368","581697492071.347","589343434150.611","616271880964.55","646542871872.529","676980802913.139","717163411843.393","767578867088.249","805240729968.48","875544030101.985","937613530266.266","1010011962624.88","1057110459649.32","1122827608175.71","1206123912941.78","1365161602316.89","1471507777186.01","1532566796443.4","1493734747545.34","1481363055625.47","1496494330856.19","1490647159038.59","1519934795494.96","1568558742313.46","1635394289496.65","1747416921343.7","1854710948435.34","1918771506082.64","2075228716950.46","1862544224980.41","2099468112223.22","2460149125630.3","2691365412053.06","2836346104923.08","2954778621729.59",
"Estonia","EST","GDP, PPP (current international $)","NY.GDP.MKTP.PP.CD","","","","","","","","","","","","","","","","","","","","","","","","","","","","","","","11738830762.8244","11164969358.2134","9002068736.26571","8686435188.7754","8726215074.51612","9308924946.65071","9756069756.46743","11167991130.084","11714518344.3042","11694825363.5915","13165895127.5706","14309937469.3854","16092414317.885","18004464726.8057","19808789125.4018","22540852088.499","26053048060.5869","29763831551.6706","30490357853.7946","27342810985.4604","28778909187.4544","32724505473.0258","34710887167.1947","36681375664.2114","38652432196.4736","39084201421.1838","42036565381.3875","45458506883.4267","49073092321.7703","53853984376.4777","54074496993.4123","58890307058.6033","64784560252.5639","66935925247.8679","69160179531.5933","71200875879.9427",
"Ethiopia","ETH","GDP, PPP (current international $)","NY.GDP.MKTP.PP.CD","","","","","","","","","","","","","","","","","","","","","","","","","","","","","","","19854533229.801","19060938702.6712","17804582874.8572","20622102320.2706","21734309025.1586","23549705161.6017","26960746267.6285","28285165267.7517","27613919161.9116","29450325797.9407","31946530372.2659","35377560875.4261","36471526726.4831","36387745408.0607","42437815732.4457","48941322952.9473","55916777553.7314","64011179925.6412","72283405441.6267","79131265198.8259","90145031675.7616","102289393957.91","112944326945.938","123330855990.703","150119415264.863","169575372912.615","198234264745.131","219853609796.202","236067178129.627","259534702295.128","286209788228.083","316145121455.809","356652078688.787","394237719749.289","434781603499.515","490635723503.939",
"European Union","EUU","GDP, PPP (current international $)","NY.GDP.MKTP.PP.CD","","","","","","","","","","","","","","","","","","","","","","","","","","","","","","","6293889774977.95","6562396641942.31","6755956786158.73","6876595162554.85","7213723619203.53","7572792694257.87","7837235863053.96","8155858066313.72","8549732521891.86","8906308191443.07","9493353007146.89","9977631968727.68","10439322424056.2","10704306991145.2","11250196104852.2","11716966380002.6","12772242512739.9","13657681309302.3","14344015708332.4","14102701947388.6","14586851115874.5","15302327823038.3","15521362414519.9","16055166028147.9","16549009594910.1","17109112385298.7","18184420173014.2","19162664120682.9","20097254342509.5","21714540743557.1","21256058497462.2","23189787125039.9","26194148642906.4","27627768649591.1","28728190152652.9","29550230197054.6",
"Finland","FIN","GDP, PPP (current international $)","NY.GDP.MKTP.PP.CD","","","","","","","","","","","","","","","","","","","","","","","","","","","","","","","90496855233.2858","88055520376.8902","87079947045.0066","88448854431.8445","93918690695.9926","99948124513.3501","102837129753.256","111982141737.824","121467604537.12","127906519615.7","138633667653.669","144216548707.603","148717655863.497","151399996407.451","163093475582.88","168125347142.81","181372255850.286","200140589190.681","212967520899","202815433324.294","208882331259.465","220089124654.258","220560377327.338","224769897399.589","226909976741.879","231553250461.582","244883896491.636","260179677811.909","271632312186.529","288648091314.829","294705726881.034","314676442275.461","345218298184.76","354393161505.558","366065163904.528","372012543175.174",
"Fiji","FJI","GDP, PPP (current international $)","NY.GDP.MKTP.PP.CD","","","","","","","","","","","","","","","","","","","","","","","","","","","","","","","3001676182.97262","3019401047.89327","3276589585.85892","3425702149.33991","3677288858.40624","3848249866.45139","4106800016.25326","4085712030.71846","4185341117.06472","4618089717.31154","4642412694.59804","4841884355.06115","5074474974.35355","5226407638.86652","5651398732.1236","5869395917.91167","6162481143.79587","6275597104.29501","6462572390.24668","6412306139.2945","6681999214.26489","7004342988.34121","7506413298.92818","8102523421.03903","9649562155.87768","10581376662.2359","10814482478.4587","11562837160.3027","11908855209.724","11873649829.2699","9805010161.85803","9462683261.20136","11934312717.4443","13544497800.3134","14370830974.8549","15245470939.2877",
"France","FRA","GDP, PPP (current international $)","NY.GDP.MKTP.PP.CD","","","","","","","","","","","","","","","","","","","","","","","","","","","","","","","1018096815152.45","1065542442780.99","1106347604418.85","1128505427540.64","1180075072612.78","1232587026280.52","1270887999486.33","1330701376958.52","1400200100258.13","1464382542213.3","1584338617625.68","1678121490366.05","1752380317938.26","1744495521855.22","1813582506883.37","1922671524499.76","2062860437777.41","2180814695442.95","2256557852935.91","2244343116045.36","2334932124579.62","2450959100790.27","2473391243170.39","2612419376499.27","2666947056893.25","2722168830237.4","2861145268728.43","2975787193760.88","3114875305157.86","3445276604424.65","3345024904336.18","3562923665911.39","3887336263729.83","4165720740902.3","4286160804064.34","4396407858114.73",
"Faroe Islands","FRO","GDP, PPP (current international $)","NY.GDP.MKTP.PP.CD","","","","","","","","","","","","","","","","","","","","","","","","","","","","","","","","","","","","","","","","","","","","","","","","","1998199787.78641","1918979131.24482","1934923023.28646","2045272663.02123","2230891736.80358","2401726484.05148","2576292786.08384","2625111870.0802","2686800585.68905","2830966519.25388","3005353972.7185","3222676562.5199","3240676994.6779","3646874430.17944","4057079113.88713","4340094171.34143","4485358437.19194","",
"Micronesia, Fed. Sts.","FSM","GDP, PPP (current international $)","NY.GDP.MKTP.PP.CD","","","","","","","","","","","","","","","","","","","","","","","","","","","","","","","169406513.369916","188143395.810119","200143656.823977","221566894.459606","225088195.258197","245927362.241251","242067730.966974","230947728.573505","240168468.308293","246316511.068048","263545108.646624","274384291.703637","279883233.384695","290440074.511968","288734950.862024","305957809.701428","314089771.972073","317244930.930892","315171058.526721","321233349.113858","330695157.012685","350281036.783479","351025647.434142","343777473.486682","340796436.732451","359045102.178931","367025976.570055","381349699.9843","391671718.65065","412643110.245978","409589728.101911","441554563.264772","458231574.38887","480561385.224258","503824525.612222","523441483.12727",
"Gabon","GAB","GDP, PPP (current international $)","NY.GDP.MKTP.PP.CD","","","","","","","","","","","","","","","","","","","","","","","","","","","","","","","11757612734.1193","12898222053.8257","12784496983.6946","13604037704.4138","14410380028.8194","15444299194.2385","16297161147.2433","17529515073.6848","18343022246.2504","16940894455.2217","16998421652.2735","17752302023.5811","17983275720.1353","18750444795.3498","19387429857.9375","20530429168.3689","20569582356.9086","22396190413.5846","22072461363.8894","22237544766.6215","24103571966.1289","26345487003.7203","27000996624.1983","27735514310.3286","29386488339.4855","29199274580.0253","29399527403.7982","31914848308.0448","34140586624.1111","36169088370.7584","33623700958.8772","44025399637.0532","48589146460.6181","51615957077.2149","54692609213.2757","57615046774.8167",
"United Kingdom","GBR","GDP, PPP (current international $)","NY.GDP.MKTP.PP.CD","","","","","","","","","","","","","","","","","","","","","","","","","","","","","","","944895315679.781","964225075036.421","998967103356.542","1058341308768.99","1134482233657.1","1199194011050.44","1281639461088.26","1352651639697.05","1391486545178.04","1442132267135.47","1568431169893.18","1656526302604.13","1731679705222.82","1814127323516.23","1929233681052.23","1983057266692.95","2121727147450.62","2188298455936.58","2283365469986.08","2197196097079.85","2300313335032.17","2365186983394.99","2453854858801.03","2573286079212.02","2684633270527.06","2783933602001.87","2911336430425.08","3063422343817.79","3157648382903.36","3364310513465.69","3251561720478.82","3472169152711.61","4076201681999.46","4165470729171.24","4353581177831.03","4489311553269.46",
"Georgia","GEO","GDP, PPP (current international $)","NY.GDP.MKTP.PP.CD","","","","","","","","","","","","","","","","","","","","","","","","","","","","","","","28022459546.5729","22857472828.231","12881529747.0559","9323090781.93759","8532021446.85099","8937096710.49554","10120225606.4612","11377833455.4179","11862555570.0782","12375370151.425","12888609494.3269","13812366303.5068","14794851741.1622","16755117267.1891","18202347365.2529","20573625161.9374","23206197565.1117","26832289623.1104","28011563811.9783","27155393525.2886","29202260396.8547","32169542974.1089","37512405545.4749","40140934055.4256","43780102412.4376","45707843451.6546","48700949298.4327","51144255243.8394","55979867879.6125","62387596154.4602","62509091761.2555","70150781357.7257","83374527034.8949","93231249967.97","104794210320.744","115768121998.537",
"Ghana","GHA","GDP, PPP (current international $)","NY.GDP.MKTP.PP.CD","","","","","","","","","","","","","","","","","","","","","","","","","","","","","","","24333557879.6053","26485194120.8616","28139639378.3503","30203762450.1653","31866678828.0364","33872792079.577","36080446540.1542","38242808822.0535","40490370237.7248","42870134745.9753","45463352403.3416","48346528033.6354","51307232649.6406","55040849301.4092","59686118924.6842","65189447864.944","71500511454.2589","76629846712.7914","85252849108.8324","89934208913.3324","98218051384.2896","114325851683.939","131897589316.568","142807202863.437","154709158599.11","148971921853.893","147108962613.394","155172026664.996","169624926668.068","187633394275.742","192835182975.95","214867175690.96","238906456799.066","255525972804.887","277181782542.696","301913189126.834",
"Gibraltar","GIB","GDP, PPP (current international $)","NY.GDP.MKTP.PP.CD","","","","","","","","","","","","","","","","","","","","","","","","","","","","","","","","","","","","","","","","","","","","","","","","","","","","","","","","","","","","","","","","","","",
"Guinea","GIN","GDP, PPP (current international $)","NY.GDP.MKTP.PP.CD","","","","","","","","","","","","","","","","","","","","","","","","","","","","","","","5602693987.00967","5943540338.94616","6277825361.73967","6750798732.55468","7168677698.48895","7656217335.22825","8144226203.46062","8713947849.08858","9132996536.93073","9615314262.64274","10079248843.6247","10683238861.3659","11409577515.2598","11780111221.93","12379970119.9194","13150834368.0267","13717651667.9121","15049832151.0229","15973795087.1161","15891883770.8369","16859245457.1712","18172750157.873","19549354005.3136","20615455554.0816","21491243355.9802","22706690384.7223","27228620630.0338","33281442968.4819","36138275786.6167","40482435336.7228","44550864730.0015","51260936277.8168","57087996759.7038","62481097795.4779","67457857041.0153","74511886860.1443",
"Gambia, The","GMB","GDP, PPP (current international $)","NY.GDP.MKTP.PP.CD","","","","","","","","","","","","","","","","","","","","","","","","","","","","","","","1486411780.55542","1584424654.81667","1675284097.36824","1766651123.3751","1807157606.51683","1861318595.87299","1937539928.87452","2067528417.16297","2163941394.04327","2335015317.65708","2519242915.58715","2725374631.12836","2677775681.77999","2918238592.19317","3207980821.60925","3230757093.76002","3311885363.63365","3505132466.53873","3796168815.88602","4074185715.85031","4367340722.18857","4095033765.28765","4218609873.37637","4221821464.50145","4185554930.44809","4427516234.00185","4596488156.16964","4775616329.45243","5465023570.59128","5949796066.17881","6366827515.11477","7155630814.36372","8085590249.82622","8880884371.01197","9606579860.65928","10457665898.2604",
"Guinea-Bissau","GNB","GDP, PPP (current international $)","NY.GDP.MKTP.PP.CD","","","","","","","","","","","","","","","","","","","","","","","","","","","","","","","802402814.279899","871845030.512257","901521952.890614","942271661.51768","993187544.334562","1058628103.34634","1203058146.08286","1303351534.42102","1022164893.96078","1210939006.15984","1251994643.23621","1341455004.21415","1412078755.64263","1435840348.17154","1491730323.38026","1639425115.38887","1735045771.00006","1827670101.04556","1947171584.54371","2007141164.38815","2145408523.32757","2366706434.42818","2315038823.09405","2401201175.1458","2534913686.70368","3090468072.90842","3342056307.07795","3907712651.79045","3955763485.57032","4421993868.30303","4710613176.49037","5192661959.20682","5865550319.5578","6364243921.96581","6809806101.37745","7407867324.83194",
"Equatorial Guinea","GNQ","GDP, PPP (current international $)","NY.GDP.MKTP.PP.CD","","","","","","","","","","","","","","","","","","","","","","","","","","","","","","","273843663.275956","280210534.61731","386174865.276625","438945895.647965","523047695.18987","627393538.123216","1064245680.96152","2706202413.01162","3387232895.626","4316766985.66601","5218606639.57823","8718135555.35127","10576779292.8948","12290755429.1907","17417184474.473","20971910438.2838","23284349080.3925","27569927683.0396","33102869197.8274","33754473545.8438","31115770391.9211","33829572382.0227","38819917942.1185","37572294947.8452","38043505840.31","28320531411.9553","25110506259.4845","28802412248.0502","29763387484.0751","27476690018.3343","23476322655.934","29585328380.1352","32711102161.2428","31402794079.1978","32309841979.0526","31272912049.0597",
"Greece","GRC","GDP, PPP (current international $)","NY.GDP.MKTP.PP.CD","","","","","","","","","","","","","","","","","","","","","","","","","","","","","","","133845890635.525","142661736258.309","146934235555.657","148010460791.51","154194088829.538","160732752656.57","167389911452.92","177301834834.591","186896883204.682","191106293072.719","203363733580.267","220543981284.114","239683510642.31","254106162179.204","271967658479.067","274724928629.46","309409051597.804","319255293937.453","337220235581.276","332803958607.329","309604080411.863","285313440265.409","271519220404.783","282144538291.678","288106298935.587","287919086476.103","296388230996.636","308462278341.892","319754656488.279","342312014300.186","315962662965.275","354397719330.584","411748589273.105","443495290411.467","459604712611.1","471373929531.271",
"Grenada","GRD","GDP, PPP (current international $)","NY.GDP.MKTP.PP.CD","","","","","","","","","","","","","","","","","","","","","","","","","","","","","","","455099745.119173","477009219.177337","483726983.707058","485492969.155478","504256860.94273","525792723.935109","559181891.62895","597354064.138227","675066615.233357","731847002.57418","785007409.881885","786437834.141504","826111530.995311","922148126.238035","940814495.563754","1099133928.51714","1087761179.77614","1185644561.09784","1219939433.4198","1146288151.09042","1154288423.9388","1187112475.33669","1192607537.06932","1270986763.9944","1395680065.58143","1515375642.68552","1609230218.33648","1736355201.91495","1848147434.9335","1907436734.74985","1670787843.20161","1784188797.38537","2050794453.92764","2222943922.95531","2332792591.32452","2503945772.37446",
"Greenland","GRL","GDP, PPP (current international $)","NY.GDP.MKTP.PP.CD","","","","","","","","","","","","","","","","","","","","","","","","","","","","","","","1138268535.16728","1175427420.40302","1140760141.32989","1109083671.94734","1199873985.26156","1270709082.59959","1313765865.07635","1356052115.45952","1477676926.69074","1519236309.25796","1663983935.13787","1723043712.60412","1732825867.6619","1845317864.07139","2025815684.17581","2193539586.38207","2386809292.71011","2509143534.33108","2715185515.95353","2755589487.66317","2837491310.99291","2881652503.36305","2976237573.21152","2987592053.12251","3183767613.09356","3132039400.35499","3309838081.15221","3370887241.18687","3462603876.34978","3613246574.50507","3663823635.61473","3926166709.012","4289715330.76615","4486965813.16711","","",
"Guatemala","GTM","GDP, PPP (current international $)","NY.GDP.MKTP.PP.CD","","","","","","","","","","","","","","","","","","","","","","","","","","","","","","","30048855038.1591","32201487445.4695","34528834461.6291","36735414324.7313","39033239581.7246","41823722604.505","43849117688.6601","46551887135.0326","49425774386.4689","52053545115.1499","55153756303.8592","57711118585.7312","60858073595.173","63648563721.1445","67411075860.6053","71802368042.3216","77977560458.1854","85166064062.7616","89665975168.0793","90649270399.9505","94397176365.8388","100356396780.438","109525436435.117","118481654943.319","129165026045.901","142691593676.742","149695829653.575","158386879169.756","167560702050.443","183966454372.629","190017078585.484","208106522477.527","232169762817.209","249245675150.065","264923697499.69","284001281295.612",
"Guam","GUM","GDP, PPP (current international $)","NY.GDP.MKTP.PP.CD","","","","","","","","","","","","","","","","","","","","","","","","","","","","","","","","","","","","","","","","","","","","","","","","","","","","","","","","","","","","","","","","","","",
"Guyana","GUY","GDP, PPP (current international $)","NY.GDP.MKTP.PP.CD","","","","","","","","","","","","","","","","","","","","","","","","","","","","","","","2265886845.49277","2484421279.13197","2738168417.92506","3032225989.15659","3361216618.94551","3604354552.3543","3962336483.48678","4279786834.38939","4255216160.72686","4443174972.33808","4481852741.69117","4687235406.90469","4813988685.0101","4877995825.16129","5087480361.77302","5144629329.73567","5575318912.19327","6138165414.79015","6366244373.34913","6636845682.511","6995502297.22908","7510830548.78362","7930672473.7072","8400150803.44364","8405904168.05223","8656533235.33949","8793308785.64102","9408659458.00787","9848942431.25036","10694269146.4903","13581364399.677","18646751960.8246","32622830999.6023","45262779434.9639","66712538148.2432","81842203126.5377",
"High income","HIC","GDP, PPP (current international $)","NY.GDP.MKTP.PP.CD","","","","","","","","","","","","","","","","","","","","","","","","","","","","","","","19941657290303.5","20782583024351.8","21549408372102.2","22286186343725","23389206294580.3","24533407966061.6","25731827180255.5","27045643111878.2","28028288380751.4","29393419131437.6","31526118010782.1","32830873508570.9","34184145237445.5","35692699567895.8","38019394006665.7","40311027164753.5","43610510259355.3","46289457241153.9","48359157602658.5","47375271654714.9","49532609736080","52077647179017.5","53944135661707.3","56181936464574.7","57966887453004.7","59033966617606","61007385367719.3","63963013321107.1","67360483237901.3","70919908131171.7","69739183246487.1","77573598174131.1","86347639060443.1","91360873627334.7","95763014630834.7","99594884137256.8",
"Hong Kong SAR, China","HKG","GDP, PPP (current international $)","NY.GDP.MKTP.PP.CD","","","","","","","","","","","","","","","","","","","","","","","","","","","","","","","104116874731.44","113775355536.703","123623710880.417","134401841854.369","145557342597.643","152136955195.855","161519549981.636","172683925964.544","164352125396.127","170856010133.077","188116279162.759","193430914042.47","199691192189.214","209857502167.183","234249461138.839","259443601416.976","286252842155.032","313015294422.422","325835291922.09","319782973093.221","345574239114.697","369685331700.329","372875436044.484","384196203206.691","394115663343.846","408626637207.136","416436291872.847","438127783294.236","453865391644.541","459644295764.893","435300511002.663","488411631115.747","503870364450.141","538975658407.944","566878474085.683","603082632366.44",
"Honduras","HND","GDP, PPP (current international $)","NY.GDP.MKTP.PP.CD","","","","","","","","","","","","","","","","","","","","","","","","","","","","","","","2689556997.79704","3504750129.34848","3908496969.51357","4546783623.43752","5991471031.58711","7626453483.12388","9548964305.02769","11892179694.7245","13417962063.22","15183063849.1573","17019478118.0352","17876613256.5626","18835992941.5792","20081264092.855","21906446702.0693","23960344227.4418","26321301510.6228","28707391565.5117","30498686999.3227","29940608308.0785","31435174933.254","33314349143.9269","35002761425.5249","36777848313.4206","40422044599.9769","44760245066.2342","48814099005.3134","53891605878.8263","55011170333.9628","57523228910.7116","54491208505.2883","63827909343.1217","71200528075.1043","76475330659.3869","81220583993.8885","86628050081.2592",
"Heavily indebted poor countries (HIPC)","HPC","GDP, PPP (current international $)","NY.GDP.MKTP.PP.CD","","","","","","","","","","","","","","","","","","","","","","","","","","","","","","","391948360593.981","410994736112.662","417253576387.481","431599486254.074","443016962664.286","475946357579.746","511979398628.946","553537341256.738","581103752224.515","610474765225.448","643733977012.804","683481955870.766","722184553536.458","768400329176.918","834502931596.366","909042817766.654","991321303905.874","1074831628895.73","1157469507244.79","1205881001190.34","1296806913903.85","1378997580649.19","1423233770207.34","1528862646157.33","1679462149015.18","1770548223727.1","1893946497894.79","2018407180419.29","2160680404164.8","2324428049169.55","2387806165556.47","2643647810344.49","2960070835585.4","3169008850001.02","3404011518222","3700273231258.36",
"Croatia","HRV","GDP, PPP (current international $)","NY.GDP.MKTP.PP.CD","","","","","","","","","","","","","","","","","","","","","","","","","","","","","","","45509180348.185","37126371856.9329","33524607017.7354","31564929664.9497","34131480204.2543","37199194022.0268","40128829065.3371","43243375799.1768","44820279388.8918","44866944908.5981","47696523828.6735","50103846442.8456","54958789197.6072","58919071685.0031","63217821425.4242","66594717907.5639","76000438366.9622","84340144455.8446","90581964220.0291","87645537667.2394","86506966693.2546","90709707141.4563","92102589768.6739","94967337230.0243","95402644402.221","98602755050.7132","105968767342.115","112704576077.443","118823349611.788","130582625849.803","123665456651.047","143251063528.984","162419619810.837","184337164582.215","191573331317.946","197477532964.121",
"Haiti","HTI","GDP, PPP (current international $)","NY.GDP.MKTP.PP.CD","","","","","","","","","","","","","","","","","","","","","","","","","","","","","","","15095040162.088","15898994833.7951","15397845129.2105","14907486585.2714","13406213163.5224","15042028577.2615","15951672044.6855","16665637504.6077","17220641047.6538","17937656672.4745","18503583098.9991","18855377739.8428","19349795915.7304","20418643035.5657","20691393741.9641","21995769795.9883","23075131412.6456","24815757911.832","25966205175.9048","27665301315.612","26419005241.5639","28338743512.0008","28499373298.6682","31101506421.0806","31905357619.7515","31841589929.642","34719284269.453","36124687052.1535","35046384798.4854","35947134169.5494","34891691692.7124","35449637231.0451","37332327692.6204","37992125111.8733","37305809631.5936","37310409448.3393",
"Hungary","HUN","GDP, PPP (current international $)","NY.GDP.MKTP.PP.CD","","","","","","","","","","","","","","","","","","","","","","","","","","","","","","","95120411822.2401","86642904115.4884","85901974958.1668","87431508538.4478","91930108725.2084","95255630038.5894","96797529908.3423","101324595511.719","106929309898.796","111512148211.518","121221290399.567","134707565389.08","147628015412.936","156602499786.184","164247716254.805","172400813274.61","184930459553.688","191957737790.672","207878441304.937","207383146533.519","216910365370.431","229272125664.901","230205082153.03","242786701094.945","253655114129.22","263929299193.963","275019599716.579","289157120615.007","313129747062.98","345399739504.719","344108181960.693","374519891736.617","424855824379.66","444849116289.335","464144179174.887","474167443640.1",
"IBRD only","IBD","GDP, PPP (current international $)","NY.GDP.MKTP.PP.CD","","","","","","","","","","","","","","","","","","","","","","","","","","","","","","","10318455701129.4","10881164211071.1","11339009981849.2","11915630756001.6","12550244451301.3","13370020771812.5","14349468713841.1","15337240752001.1","15677349281378","16500133244532.3","17879452266913.1","18976323145491.3","20136256222275.4","21738295400319.2","24082739989314.3","26650683702843.3","30071925566608","33597002074664.3","36621602727125.5","38016717705907.6","41431267906745.1","45068988348854.1","48374561143729.4","51237506975070.5","53409025910437.2","54502716391243.6","57154968146747","60851541783401.7","65681679239749.5","70145500635687","70861274585512.2","80401310484470.5","89826204794382.3","97629721853813","104609388854786","111805720997113",
"IDA & IBRD total","IBT","GDP, PPP (current international $)","NY.GDP.MKTP.PP.CD","","","","","","","","","","","","","","","","","","","","","","","","","","","","","","","11591919723681.5","12225466092470.5","12743789850566.1","13367094409950.8","14047231585954.5","14952787041914","16039563547812.3","17124378601926.7","17546535165390","18458308778109.4","19967678896828.4","21202981171299.8","22526690650900.8","24302824299658.8","26898660392067.6","29739888002741.1","33455344939598.3","37283948245115.3","40574784365521","42199827069084.3","45925099941674","49862632183768.3","53442144288749","56683111473092.2","59279486193390.7","60642184241448.4","63588158188210","67727767546023.5","72953481053996.8","77944208925586.4","78857594019756.4","89099793014853.5","99566520046123.3","108048088560222","115746454003225","123786836111340",
"IDA total","IDA","GDP, PPP (current international $)","NY.GDP.MKTP.PP.CD","","","","","","","","","","","","","","","","","","","","","","","","","","","","","","","1277799674569.67","1348890534016.27","1409608206782.51","1456272339192.64","1501711459481.52","1587670590506.79","1695187376351.31","1792198013090.5","1875208884606.31","1964331955071.21","2094223061680.58","2233154694475.93","2397683037862.51","2572147906362.37","2824038105514.57","3097841656284.39","3391853011564.95","3695174810634.89","3961308786213.74","4191886461555.89","4503118635237.21","4803339299198.04","5078548950695.42","5456656763061.59","5883475599166.35","6153895677223.22","6448271418809.91","6892542183586.71","7289222869807.08","7817354775154.51","8015305857439.68","8719550371457","9763880842366.96","10442013227658.2","11162096663809.3","12009360440967.3",
"IDA blend","IDB","GDP, PPP (current international $)","NY.GDP.MKTP.PP.CD","","","","","","","","","","","","","","","","","","","","","","","","","","","","","","","707286863492.638","745815001481.166","786031270595.195","801949633279.718","826133052365.699","863334346147.071","920537770965.989","959453674061.968","997604368351.484","1033068306409.3","1095843453249.26","1166533157617.74","1263506240353.84","1349790395627.86","1491152167188.46","1632086935935.73","1779911954791.41","1927758225573.06","2048893362571.57","2183570351522.69","2337044314404.69","2487806616826.75","2623394632963.81","2809172820954.38","3013338700994.47","3128566085626.4","3203629621522.01","3428001333637.44","3508419484014.74","3733825592680.16","3781870046203.23","4079987333812.88","4576879754820.59","4874923995868.98","5196478775630.78","5580064403583.44",
"Indonesia","IDN","GDP, PPP (current international $)","NY.GDP.MKTP.PP.CD","","","","","","","","","","","","","","","","","","","","","","","","","","","","","","","558566694692.797","617370051336.456","672466806844.005","733128147391.113","805239825941.116","889701784218.445","976822132319.178","1040368063190.02","913959321130.452","934225632554.343","1002393386943.36","1062308403760.97","1127357707857.22","1204571151552.37","1299193180621.13","1416205194343.54","1540185871066.56","1682286249781.6","1817815938958.79","1913691221478.22","2057500878528.1","2229511719014.97","2408290405583.69","2524244786997.21","2605517436520.51","2625201734355.44","2715764060542.74","2857305082359.12","3069918631697.01","3266185831776.73","3223404542894.6","3530623140454.75","3982443152480.66","4338308807417.93","4669750008876.41","5045777634646.3",
"IDA only","IDX","GDP, PPP (current international $)","NY.GDP.MKTP.PP.CD","","","","","","","","","","","","","","","","","","","","","","","","","","","","","","","568530330400.609","601016977005.666","621149092207.528","652202769782.682","673424580930.794","722446816913.684","772680707340.508","831191755856.219","876221735830.556","930274397596.071","997537722613.265","1065766042358.39","1133026385693.38","1221242264462.66","1331468517596.54","1464276396393.29","1610471165048.25","1766053374234.51","1911326324744.88","2007143744037.33","2164826059529.19","2314207706710.64","2453778159537.91","2646039260763.14","2869180674598.03","3025228627625.01","3247760757496.35","3467716942695.62","3786955014629.99","4090814539614.38","4242016896468.46","4649714536512.14","5198171586925.48","5579960046033.7","5980057762560.09","6445530795838.71",
"Isle of Man","IMN","GDP, PPP (current international $)","NY.GDP.MKTP.PP.CD","","","","","","","","","","","","","","","","","","","","","","","","","","","","","","","","","","","","","","","","","","","","","","","","","","","","","","","","","","","","","","","","","","",
"India","IND","GDP, PPP (current international $)","NY.GDP.MKTP.PP.CD","","","","","","","","","","","","","","","","","","","","","","","","","","","","","","","1018201654221.48","1063759893890.46","1147649979839.65","1230667649856.65","1340643848951.56","1472429056459.55","1612582227699.73","1706823240212.44","1832749005587.47","2023098863535.49","2148393266128.54","2302739788368.96","2427481126569.03","2669983695863.29","2959011538142.67","3293596463654.88","3668840820878.9","4056917038441.3","4262719550006.73","4626208473420.32","5080323638425.33","5456905664597.58","5985633819024.47","6310995047939.01","6617003628047.92","6997517448587.87","7571476761271.26","8114591591644.64","8965491923245.94","9647375432521.55","9490197151332.14","11057175215742.4","12744841181382.3","14169361699611.9","15551990799136.2","17197369286822",
"Not classified","INX","GDP, PPP (current international $)","NY.GDP.MKTP.PP.CD","","","","","","","","","","","","","","","","","","","","","","","","","","","","","","","","","","","","","","","","","","","","","","","","","","","","","","","","","","","","","","","","","","",
"Ireland","IRL","GDP, PPP (current international $)","NY.GDP.MKTP.PP.CD","","","","","","","","","","","","","","","","","","","","","","","","","","","","","","","48292108311.687","50888615368.6693","53788407627.7139","56546013947.7643","61077629816.6635","68366043917.0799","74501929201.1064","83173614107.2473","93166378432.6013","101534472721.861","114976880695.444","125936924865.413","138491150176.63","144995711189.552","157638181621.92","168336054806.382","188989534435.692","205792959555.56","198299092484.809","188179393477.872","196829942900.45","208199288525.856","214588649595.661","225471292904.091","244914320528.521","336282090835.213","347396402317.041","388172220718.651","423037155364.586","458044240143.148","492269858894.107","596419876445.516","721794446246.441","708773959826.188","759615017802.817","850567259429.132",
"Iran, Islamic Rep.","IRN","GDP, PPP (current international $)","NY.GDP.MKTP.PP.CD","","","","","","","","","","","","","","","","","","","","","","","","","","","","","","","441695276369.887","514698653584.273","543789382787.717","548490146193.677","550687674834.423","575733365829.78","623505151333.163","642822177464.947","663567681472.681","686435116082.988","743018891152.583","777923889837.981","853836569714.023","945915842663.808","1013476655141.04","1078595302117.88","1167448014896.48","1296871219993.41","1325174131413.74","1346779499252.25","1442181137533.09","1510878159010.73","1350996142580.98","1303941173479.7","1309343245409.77","1179271586721.99","1273508833471.56","1336570976906.26","1319678011170.43","1212412942428.13","1326317568089.77","1405064801822.49","1570509884130.78","1715465961262.19","1822449658109.93","1820556170291.92",
"Iraq","IRQ","GDP, PPP (current international $)","NY.GDP.MKTP.PP.CD","","","","","","","","","","","","","","","","","","","","","","","","","","","","","","","","","","","","95749417689.5091","108247890634.41","133500631047.39","182252654590.388","217325437739.515","259577403492.44","270111255029.432","251805287766.414","162650639376.298","256191378327.307","268650501074.505","292549681428.58","306150208624.142","337724546699.393","351290680602.339","378324820651.477","415269270855.8","484698181757.22","517535382527.478","481300153146.581","350607538727.124","349270949154.251","400912993904.789","484572670623.272","504546085405.445","445338053116.048","548372044650.918","634124482694.101","660992817488.528","666933546038.017","670835815567.878",
"Iceland","ISL","GDP, PPP (current international $)","NY.GDP.MKTP.PP.CD","","","","","","","","","","","","","","","","","","","","","","","","","","","","","","","5798192233.41259","5980877370.61677","5910786029.51263","6130366163.20394","6487221791.13891","6630960073.05241","6896451481.51432","7428006895.00961","7995474262.19229","8313343970.00472","8483162570.22605","9183067946.38737","9473694740.83829","9578543128.50653","10505774160.6014","11267764951.3388","12200041221.7398","13104618871.037","14012995371.9299","13399209245.6064","12804348462.3045","13207330384.831","13647066325.9439","14484592269.9024","15214277139.1164","16446744814.6442","18190080364.9505","19362623766.3591","20495061192.9701","22091742446.5477","20830028966.8558","23364749317.8553","29258503367.8259","31723299258.7663","32296993855.9635","32738741762.3349",
"Israel","ISR","GDP, PPP (current international $)","NY.GDP.MKTP.PP.CD","","","","","","","","","","","","","","","","","","","","","","","","","","","","","","","73216171813.4221","81540255757.0539","89869571403.8244","95787155727.8374","105099261944.974","114387991665.763","123285598457.232","129941523682.17","136805261674.722","143314723248.401","161921811247.104","166028371280.919","171326508746.415","165087426942.408","177406329869.103","177900460782.628","185886112753.263","202994618221.642","205000115328.771","209960597634.776","224273550299.283","242855153528.869","256556058895.301","280284188369.206","285458375535.195","299978524818.899","325495777628.731","342874719088.994","356213491078.732","372815750574.293","377536184766.278","432500426228.325","512441744847.419","544663843842.694","572904642516.519","604502979737.783",
"Italy","ITA","GDP, PPP (current international $)","NY.GDP.MKTP.PP.CD","","","","","","","","","","","","","","","","","","","","","","","","","","","","","","","1059532275862.27","1112213919810.99","1147050545592.22","1164225056668.8","1214662103430.7","1275929811815.59","1313517220283.23","1361773066754.87","1426954494020.27","1460169980172.29","1546100913442.79","1602993647426.02","1646072139397.13","1678879072468.22","1710606336265.03","1753016877957.85","1895288582808.24","2004029153747.96","2097398729606.2","2054765138278.71","2092130192358.42","2184513771818.95","2183804737265.14","2198918891792.88","2211700088150.52","2251646419220.95","2433618302347.89","2528635516998.96","2609651815348.66","2787073032822.59","2641203589480.81","2946333608376.65","3379175362343.35","3559677647109.66","3672334968238.59","3700051124493.07",
"Jamaica","JAM","GDP, PPP (current international $)","NY.GDP.MKTP.PP.CD","","","","","","","","","","","","","","","","","","","","","","","","","","","","","","","12150476921.5542","13169132832.0529","13732634866.6635","15382012659.1796","15927785902.7117","16643885904.7547","16929320425.5331","17024856212.0792","16814271480.7843","17230861467.8043","17776011992.8863","18420730729.0645","19080620874.3625","20170699978.0589","20987292378.0099","21838804990.0002","23164937240.5652","24133233436.7713","24398538081.2315","23482294382.5724","23421341615.2008","24318188186.4853","24482361183.001","25335490525.034","25729271303.4542","26557230587.3337","27953150940.837","29471159210.7602","30323771691.4051","30618406077.4869","27640333680.5414","29598984033.4944","33745743032.6315","35955474687.1996","36650871022.6615","37708310365.7517",
"Jordan","JOR","GDP, PPP (current international $)","NY.GDP.MKTP.PP.CD","","","","","","","","","","","","","","","","","","","","","","","","","","","","","","","17188628066.5832","18055749641.2862","21117217714.7985","22587751248.7243","24216966446.4018","26257869685.5643","27296629375.305","28686021335.7827","29882197180.5743","31332258918.6408","33402406568.4361","35954454179.4156","38625036932.6608","41026798383.133","45739416141.9487","51016593113.3156","56845946047.594","63159792310.5552","69024944496.2241","73004240577.5162","75840497895.8603","79655565615.6419","81407069550.867","86237230288.9593","88442962904.7104","94032574896.3063","95863765993.9687","103775394634.033","103471245772.386","109980839480.733","114158000448.51","111289485557.448","122479348512.03","130985532879.127","137668256266.41","145525016937.626",
"Japan","JPN","GDP, PPP (current international $)","NY.GDP.MKTP.PP.CD","","","","","","","","","","","","","","","","","","","","","","","","","","","","","","","2510446283187.67","2686788098954.35","2772764350144.04","2825452970830.2","2917046069904.72","3044313810377.48","3206471255981.79","3292235315769.74","3265170972150.23","3296230202052.95","3512858338494.55","3604934680099.18","3702964659063.84","3798577618373.21","3978002469076.3","4148028487875.77","4343315061417.94","4525957502743.64","4564608536168.87","4333520207945.78","4566742069204.86","4663769515148.49","4846627497799.74","5079365477355.17","5125715274285.21","5304626331348.45","5268889536646.98","5376867541149.42","5464294866534.16","5539374610904.89","5499931865590.03","5781285635750.58","6161900725612.81","6565294640128.01","6714043512607.59","6837216297272.17",
"Kazakhstan","KAZ","GDP, PPP (current international $)","NY.GDP.MKTP.PP.CD","","","","","","","","","","","","","","","","","","","","","","","","","","","","","","","135074235244.353","124281550007.858","120376717014.073","111892872897.179","99882474777.3518","93614609792.6527","95805115253.2764","99113997427.4801","98323575360.0823","102407254087.695","114990222138.235","133452670509.866","148808116624.21","165858440471.686","186669097080.919","211196657905.37","241004547156.365","269564507802.195","283825255021.326","289002744477.936","313868548155.523","344049455918.982","369783340663.465","417039504506.503","426844567293.671","406611059018.014","422786764645.624","447143865260.692","475138151280.585","551108130794.884","565757228613.755","650469813945.991","719030002511.576","783663069773.21","843272304926.095","923242483532.805",
"Kenya","KEN","GDP, PPP (current international $)","NY.GDP.MKTP.PP.CD","","","","","","","","","","","","","","","","","","","","","","","","","","","","","","","39587653484.5653","41515097270.9164","42121691418.0946","43272411384.3753","45359958237.4096","48351578864.4341","51278552660.5416","52410546872.53","54743370145.5147","56797949169.4491","58432863844.0315","62007031616.3205","63314978395.1964","66458368610.7824","71728946875.9571","78347607389.9451","85991146841.985","94371493365.5045","96413190292.2938","100215839418.271","109607761065.872","117598023944.482","124961878452.748","139746695151.583","154709329446.165","173206956148.628","188546457052.59","205511364865.135","221491717233.004","240006995767.663","250255393335.358","284129273925.386","319128744857.34","349866773689.003","375260973445.682","403644276634.412",
"Kyrgyz Republic","KGZ","GDP, PPP (current international $)","NY.GDP.MKTP.PP.CD","","","","","","","","","","","","","","","","","","","","","","","","","","","","","","","11170168417.0913","10630564112.2065","9368256102.65394","8107716053.18828","6617613642.33757","6389911212.69789","6967876605.73532","7790830580.24187","8045555484.99068","8457698761.9107","9120091689.70798","9821712906.32322","9972613783.54892","10884450551.7065","11962539832.5229","12315965409.6054","13089706552.8642","14592873714.243","16123695425.5391","16691390974.0427","16814571636.1229","18183659161.176","20283491468.0054","23114163150.7939","24971077860.1925","25086544783.7459","28429771863.0656","31241590663.088","30789434119.8894","34955978964.9393","34834094213.2461","39301901464.0311","45872323474.7241","51857293771.0071","59277315111.7175","67699484557.9942",
"Cambodia","KHM","GDP, PPP (current international $)","NY.GDP.MKTP.PP.CD","","","","","","","","","","","","","","","","","","","","","","","","","","","","","","","10396290528.2385","11563776554.4895","12657283369.2269","13488340386.7139","8980985670.76189","10077366643.8194","10867053239.8058","11497359838.3443","12170888166.6774","13911358385.1776","15648212290.5394","17182956708.2008","18543232821.4336","20853910301.1196","23440026263.2042","27391055614.494","31325690955.309","35520024826.7455","38911165512.5873","40746485215.681","43335477861.2194","47452391312.3707","53555447530.5541","59026496728.1017","63400653497.7179","69267932041.222","75271078913.0336","81171550322.3937","91413678746.1866","101425852442.976","99390356590.6425","105674090069.142","118996706244.494","129578876766.571","140784234185.091","152469894039.209",
"Kiribati","KIR","GDP, PPP (current international $)","NY.GDP.MKTP.PP.CD","","","","","","","","","","","","","","","","","","","","","","","","","","","","","","","89192035.8040566","86999784.3212881","110301879.270139","112798965.068413","117563734.654674","123332119.226717","125524674.388173","129192354.874612","136447881.238729","132962287.357978","145142424.027758","143744360.974991","148090670.534314","148635263.816354","151702715.650645","158481412.565322","172806424.565088","182910603.368315","180870183.234322","182962657.358809","187456471.796221","197568194.319608","212926944.993768","233292072.856638","240354497.899667","269913079.510203","291791468.043366","308042150.898792","325890122.239503","342237993.276251","342393520.812552","388239045.253851","437018706.945269","467391849.209518","501488445.453292","537300385.640508",
"St. Kitts and Nevis","KNA","GDP, PPP (current international $)","NY.GDP.MKTP.PP.CD","","","","","","","","","","","","","","","","","","","","","","","","","","","","","","","363220495.762659","368501946.689461","392989313.322526","429668980.89246","462109503.23515","497196086.271904","535880781.709475","582320695.185916","585998920.76144","613426887.949042","690322971.331009","742949267.801455","764813996.875776","749236741.509405","800131640.575666","905536529.619447","962869402.762798","994895716.603658","1128826508.12689","1097118231.88387","1109849563.30343","1151059045.16662","1103295123.22526","1159047588.95253","1259894306.10067","1265579265.23194","1328207470.1639","1391674596.19905","1447606595.65757","1525099297.07708","1280771310.01142","1257766533.81363","1488421075.41363","1590129098.87493","1634690029.75338","1725662720.01793",
"Korea, Rep.","KOR","GDP, PPP (current international $)","NY.GDP.MKTP.PP.CD","","","","","","","","","","","","","","","","","","","","","","","","","","","","","","","367281012583.379","420994234049.952","457937281895.178","501582551002.383","560303528736.34","627745659560.855","690316084477.852","746335051253.342","717447628566.737","812127446358.389","904290745856.293","968351043308.064","1056449990197.74","1097679833472.43","1185627221743.38","1261440107622.55","1354934541083.4","1472942503438.35","1531049402635.08","1515720738976.03","1641249629244.75","1695061783755.07","1760084816235.68","1807584606267.19","1879259025687.7","2030098805867.59","2134380442776.72","2216570013000.47","2347691719530.07","2407645008550.9","2481996469956.38","2677430056971.27","2868310039875.42","2969845527350.41","3159472343387.38","3262583720598.03",
"Kuwait","KWT","GDP, PPP (current international $)","NY.GDP.MKTP.PP.CD","","","","","","","","","","","","","","","","","","","","","","","","","","","","","","","51830199665.537","31609795069.2392","59102505172.9561","81068824096.5434","89784932996.7036","96120914726.7115","98472964834.4735","102648636488.146","107603565126.622","107173982386.409","114747022969.717","117581074880.003","123007582116.661","147169229937.834","166602568021.429","190055446974.675","210639122904.789","229308408042.608","239522364875.08","223946418387.151","221294735314.644","247607548894.174","273942363886.453","269446403119.479","250513498757.744","173580844357.312","167620163166.601","193471105720.751","222102130620.338","225238748744.737","182442653963.014","220886348790.238","252587693505.223","257635961747.528","260139566256.117","274732320247.405",
"Latin America & Caribbean (excluding high income)","LAC","GDP, PPP (current international $)","NY.GDP.MKTP.PP.CD","","","","","","","","","","","","","","","","","","","","","","","","","","","","","","","2591126086674.39","2778036824380.32","2917724533302.36","3046778281103.91","3257506468789.26","3361643337269.91","3539215922322.2","3791718645118.87","3928765636265.12","3980207030364.74","4221821437708.11","4339747137379.49","4406658063259.96","4571715814836.75","4981474403020.01","5371147421378.91","5883221435940.94","6377701009155.91","6802153149377.55","6752445247620.92","7239019297426.86","7796615368297.16","8035739828327.54","8385275339716.41","8641708928173.39","8583795825498.25","8794874249535.38","9242029529800.79","9735410649066.63","10048169040518.3","9737405098722.13","10976784251904.5","12323970522075.8","13131893914494.2","13739911219140.6","14307055102036.7",
"Lao PDR","LAO","GDP, PPP (current international $)","NY.GDP.MKTP.PP.CD","","","","","","","","","","","","","","","","","","","","","","","","","","","","","","","4363761389.65584","4705167969.995","5079954039.92492","5507840000.53427","6084424275.71786","6648776914.90627","7239582549.37708","7870515416.94174","8274750148.79968","9004985809.56844","9742974224.86059","10535332008.1324","11332299880.0903","12257140061.5735","13386972232.139","14788036347.1851","16558002670.95","18298564183.267","20110556742.4335","21752548533.3226","23894264990.4532","26347634540.9717","31166890463.4396","34521998381.2813","38868372116.7692","41395269251.0588","46586124701.5285","50122949866.8694","53366707257.3905","56042601063.21","58135955846.4305","60225053628.2101","66255084264.1273","71280196929.9626","76066725259.6296","81745829310.985",
"Lebanon","LBN","GDP, PPP (current international $)","NY.GDP.MKTP.PP.CD","","","","","","","","","","","","","","","","","","","","","","","","","","","","","","","10750781535.1353","16610108796.7912","19781278547.8641","22430224368.7397","24765996545.2855","26915874161.2652","30501961986.3298","31355287003.7118","32869994198.0371","33159932511.202","34366112722.6865","36489188155.8107","38324718400.1419","40342563132.7364","44194530903.2438","46804414732.5588","48995393157.1281","55008171419.8552","61152899772.2595","67825932483.5009","74125159474.5141","76310623816.177","84407152005.059","93707683516.7205","102439561735.377","110329048228.764","119762487637.993","129139845044.674","131563779278.949","125803329502.353","92719310020.9046","66328931529.5091","70604897092.5105","72660549003.2365","69192263555.9809","",
"Liberia","LBR","GDP, PPP (current international $)","NY.GDP.MKTP.PP.CD","","","","","","","","","","","","","","","","","","","","","","","","","","","","","","","1748971487.1869","1550909689.83683","1029705162.5716","706514749.87201","564563098.093315","551809812.275147","630022666.911216","1322020679.44772","1740724349.83647","2149171527.31373","2826791043.48976","2974850449.64491","3134763219.10134","2233017927.1003","2353140546.80445","2555093116.74324","2845755597.76265","3201556695.06024","3496422549.54532","3704460178.37414","3978191716.2177","4393239184.19532","5059406068.44855","6080102164.40169","6475698206.39695","6245654129.67803","7087452920.22171","8073192528.51869","8899159431.27983","9580659050.4301","8545642458.19242","8095196890.78495","9087877268.60501","9865552367.75342","10517079482.6778","11354062595.8765",
"Libya","LBY","GDP, PPP (current international $)","NY.GDP.MKTP.PP.CD","","","","","","","","","","","","","","","","","","","","","","","","","","","","","","","76336325965.4134","91272573958.356","90820566161.0248","89474543886.8143","93153107855.8209","92994492807.3873","96717953731.0597","103514332832.841","100959286911.021","103155520703.815","109373537679.527","109864797005.68","110502228280.153","127350867122.331","136610171687.041","157618648439.634","173041361686.132","188802016673.891","192127838324.731","184806729198.709","196456261294.767","99575929952.2947","165767103868.621","133349219556.353","112538152127.142","116940831227.105","112487606548.722","121473194597.018","129305467689.061","112565780546.273","77180930238.7107","90199384483.2022","88595964160.1864","101245419050.634","105730068245.886","123225769199.284",
"St. Lucia","LCA","GDP, PPP (current international $)","NY.GDP.MKTP.PP.CD","","","","","","","","","","","","","","","","","","","","","","","","","","","","","","","958222550.862249","994349400.726485","1097892681.51203","1130470981.57455","1173065896.10679","1218599260.59879","1277175599.28487","1290181690.25186","1386700031.80125","1443880514.60932","1477307041.27041","1459090175.06282","1487935173.33416","1582019145.18889","1742624517.98651","1789889459.87902","1959394598.66488","2046523142.7868","2189194266.95802","2140384715.38119","2173546036.02291","2314377079.25926","2320160606.42391","2428896995.15468","2508124115.03731","2510450378.66625","2688565160.89794","2844567883.7689","3085990648.9362","3315660677.32961","2697924040.38197","3417148018.918","4368281936.15632","4706935487.56193","5053820309.12313","5165564285.28886",
"Latin America & Caribbean","LCN","GDP, PPP (current international $)","NY.GDP.MKTP.PP.CD","","","","","","","","","","","","","","","","","","","","","","","","","","","","","","","2774385472683.58","2976272178355.67","3137197281529.11","3283690307286.58","3512104091836.37","3636562312012.87","3834576311184.79","4111829563583.77","4268731923318.8","4332523175005.85","4595511785640.68","4733147832610.24","4812922306834.57","5000137576130.32","5450796692452.78","5874045005734.78","6458517457132.52","6997954299067.06","7436783346095.47","7381248027118.14","7919566893541.94","8538371325868.64","8819712675823.51","9207299177348.47","9496656715328.8","9459883212184.13","9714134753348.96","10212322139417.3","10743927326814.3","11104143012555.3","10755231465144.4","12138326403000.8","13613653810830.5","14532026422278.9","15269912155404.6","15932342868767.6",
"Least developed countries: UN classification","LDC","GDP, PPP (current international $)","NY.GDP.MKTP.PP.CD","","","","","","","","","","","","","","","","","","","","","","","","","","","","","","","498142393088.678","526336535817.957","543779440830.243","559374959367.111","576359359277.51","622549616982.382","670013490363.017","720131747233.449","758296142007.036","802555460296.563","858910673442.005","923506266151.914","989047739672.569","1064556152672.47","1165859866008.07","1292434015731.51","1426583491574.21","1573941022245.58","1709017976195.71","1796553235827.41","1934902300187.3","2048944025614.25","2160315767349.13","2330484445977.72","2539481129492.96","2660554127871.43","2852524845563.85","3049918662252.16","3351859142340.4","3640564254033.93","3786518977784.26","4126851410658.1","4640227898581.43","4974160767439.37","5302647312308.33","5688658372044.44",
"Low income","LIC","GDP, PPP (current international $)","NY.GDP.MKTP.PP.CD","","","","","","","","","","","","","","","","","","","","","","","","","","","","","","","226380925514.27","237528586098.078","240946561292.365","250689384646.752","258027587573.589","276168168646.1","296583499485.333","322577986082.291","338836355777.661","355905666018.481","377246455510.752","404914467648.71","432643281138.4","464345455140.329","507323280035.822","558718795832.553","611034382849.622","668516293005.264","720114108685.839","749676605356.953","813495580973.101","839146214197.19","822043538728.519","881523266132.417","979447421387.264","1045368306705.74","1131977580997.9","1191440755401.98","1268852200087.43","1349955008711.33","1396137115878.28","1528858929503.82","1696390415843.97","1784070198837.06","1903188051517.76","2081073395246.83",
"Liechtenstein","LIE","GDP, PPP (current international $)","NY.GDP.MKTP.PP.CD","","","","","","","","","","","","","","","","","","","","","","","","","","","","","","","","","","","","","","","","","","","","","","","","","","","","","","","","","","","","","","","","","","",
"Sri Lanka","LKA","GDP, PPP (current international $)","NY.GDP.MKTP.PP.CD","","","","","","","","","","","","","","","","","","","","","","","","","","","","","","","41329904729.7087","44693068466.0545","47722862975.0756","52225010188.6356","56327121025.0501","60671121191.1824","64129557241.7906","69414028636.4444","73492167113.4998","77737438830.6553","84268270516.9929","84834118463.8609","89568100815.5854","96762088314.9135","104774542076.869","114804514456.91","127419930496.252","139767212518.127","150936623726.958","157242031518.296","171910623364.327","190668570948.271","216969311691.012","231635412206.587","243530581316.648","256403786039.716","277383189833.284","291985462544.255","307237748359.096","307704703450.39","283651682000.533","317188291990.966","314779558546.248","319804100144.55","344105104200.35","371266789711.246",
"Lower middle income","LMC","GDP, PPP (current international $)","NY.GDP.MKTP.PP.CD","","","","","","","","","","","","","","","","","","","","","","","","","","","","","","","2649163700905.99","2811433677037.84","2992212936680.33","3125323838860.57","3301097234614.82","3542009851672.36","3818299233447.6","4038696886403.81","4273659681222.06","4553030594297.78","4847080058424.87","5178599445766.88","5446688947277.79","5852552430197.08","6481873177207.79","7161091135773.8","7927157094184.5","8718273371895.68","9279780738613.69","9890251761769.57","10661755519265.7","11398117144985.8","12447951519660.2","13208465750247.1","13911978948667.9","14630859396987.2","15474528392569.1","16574087154213.5","17984776166936.7","19363112274267","19546444145243.8","21924225485340.3","24996420171118.1","27335812317316.3","29556760234186","32226999669129.6",
"Low & middle income","LMY","GDP, PPP (current international $)","NY.GDP.MKTP.PP.CD","","","","","","","","","","","","","","","","","","","","","","","","","","","","","","","9847003032476.65","10527661102759.4","11182746152657.2","11845534014706.1","12588271894589","13458375179501.7","14522361568822.6","15552196553896.5","15973097339760.2","16799483295865.5","18134337976155.3","19251940168887.3","20429190709498.9","21987700139172.1","24350831222000.4","26905841935571","30022469941961.6","33457142785312.6","36111463150756.8","37830308402814.2","41281621382524.6","44736481583889.2","48011657553385","50938330133064.3","53429904447094.2","54937339625582.1","57728657863745.9","61420442408061.5","66061815472781.1","70448583315016.9","71289283704555.3","80169484366251.7","89914447670105.1","97683469802990.3","104618007872099","112182894537869",
"Lesotho","LSO","GDP, PPP (current international $)","NY.GDP.MKTP.PP.CD","","","","","","","","","","","","","","","","","","","","","","","","","","","","","","","1382711467.43878","1529057872.1917","1672693665.5895","1772441136.8361","1918539101.69203","2023226630.56751","2175581041.68291","2295062170.92643","2356542358.24209","2401266218.79852","2550829821.20349","2701162148.66984","2762993886.69429","2946017812.951","3076437173.08561","3282873966.85037","3527263619.08907","3774547161.58005","4059772691.23149","4033598929.98469","4297759286.25933","4588922382.32492","4661713347.89244","5219948224.49632","5764436175.6392","6386751308.41258","6268088273.64999","5649078944.01488","5747871432.63277","5674505764.43564","5721443959.41194","5755132494.46552","6311660371.82874","6656102807.90263","7177748753.00503","7525103904.45785",
"Late-demographic dividend","LTE","GDP, PPP (current international $)","NY.GDP.MKTP.PP.CD","","","","","","","","","","","","","","","","","","","","","","","","","","","","","","","5377672976417.83","5590182383036.77","5785656059671.12","6191097737360.38","6618147248968.88","7144174594067.38","7656685684668.39","8212639702952.9","8519606997030.16","9023531831606.19","9886232362028.27","10630925617602.6","11487381027993.1","12579539077620.2","13977672737545.9","15584945291264.1","17854056035201.7","20203558528453.3","22383105626574.6","23375196020612.3","25570949897877.3","28100100267602.7","30278623982265.8","32244138713122.5","33710393884906.8","34150488657113.4","35561291451721.6","37860391890954.8","41153532981760.7","44372599706942.1","45178349737378.8","51483081198967","56950724994881.2","61630599322844","66111001650068.1","70709588519276.2",
"Lithuania","LTU","GDP, PPP (current international $)","NY.GDP.MKTP.PP.CD","","","","","","","","","","","","","","","","","","","","","","","","","","","","","","","33390795812.752","32560769677.7605","26222953912.2802","22488499299.955","20725540515.0271","21856274997.9023","23335551467.0745","25622329816.2274","27849099271.7516","27906326900.8021","29657143300.3994","32623386526.2887","35448119354.2747","39820969448.3119","42568098558.8099","46353671897.0879","50756697882.5639","58061973430.8163","62077688527.9219","53942382839.8415","57977725568.4402","65279063756.8239","69572962756.7615","73705135304.2126","77175584961.7303","78450288525.6069","82576317910.997","88988938099.6687","102878073082.262","114028537683.962","115963490767.144","128897260180.564","143431971450.931","151390159239.107","160875274926.687","164191578213.025",
"Luxembourg","LUX","GDP, PPP (current international $)","NY.GDP.MKTP.PP.CD","","","","","","","","","","","","","","","","","","","","","","","","","","","","","","","11436001421.6745","12844728038.521","13376499101.8097","14268772932.0418","15130288356.007","15668765165.5357","16453948981.6543","17821460892.1819","18801500302.2796","21456887315.5603","24055883297.9079","24785392753.4622","26135002654.1386","27184592422.1459","29632208882.7079","31997247356.4584","37272711508.0075","40859951022.6412","44452842913.4099","43266596939.1543","45796115571.6264","48970848492.8168","51308724180.9019","54838614516.1038","58578326007.9309","61437308583.9496","65980119592.3436","68570197215.6405","70910323890.9321","75250600111.6431","76953191626.4398","87543117438.5069","95953334617.1932","101694636711.411","105667605468.017","107539709844.783",
"Latvia","LVA","GDP, PPP (current international $)","NY.GDP.MKTP.PP.CD","","","","","","","","","","","","","","","","","","","","","","","","","","","","","","","19835012011.2632","17923044281.0576","12443673664.5488","12103865974.3643","12633030763.0633","13397049054.1098","13977537939.1374","15486813219.2387","16682978062.4125","17346142139.9212","18582683435.0143","20585228631.3065","22105571058.6452","23321670080.5297","25616608944.8353","28714553391.8029","31456306200.2185","35745454817.395","37979879612.7179","33292420508.83","34344114865.1792","36416672540.1412","39499388914.3638","41205977404.0988","42973303968.5787","44581207156.4962","47153222826.1706","50040059546.9355","57464098005.6375","61623338377.0805","62223400359.4028","69560319491.8466","76202334926.1283","80592320917.1387","81873163245.5773","85250682581.0084",
"Macao SAR, China","MAC","GDP, PPP (current international $)","NY.GDP.MKTP.PP.CD","","","","","","","","","","","","","","","","","","","","","","","","","","","","","","","9357288548.27105","10027734026.7043","11620225701.9417","12512600274.4159","13323366173.1603","14051078067.5872","14248245109.8778","14453512566.5475","13947840405.8949","13811588081.0173","14936200118.5426","15713623993.9634","17378825635.0615","19785366564.9972","25729335993.509","28679637720.922","33523341914.3111","39417878495.6692","41540369337.6403","42339260569.3332","53611440450.2799","66548689367.7824","75594087091.3419","88701648911.3815","90262808129.8884","69855433514.4725","70243698176.3952","78310486061.5598","85299875277.618","84691906233.3769","39120940823.8275","50078061226.1194","43471387012.9819","79028897190.6274","87348132820.7461","93989342794.7481",
"St. Martin (French part)","MAF","GDP, PPP (current international $)","NY.GDP.MKTP.PP.CD","","","","","","","","","","","","","","","","","","","","","","","","","","","","","","","","","","","","","","","","","","","","","","","","","","","","","","","","","","","","","","","","","","",
"Morocco","MAR","GDP, PPP (current international $)","NY.GDP.MKTP.PP.CD","","","","","","","","","","","","","","","","","","","","","","","","","","","","","","","68185140644.3336","75577728563.5279","75678482134.5974","76898554508.4178","86856358768.104","83884051837.6434","95988653942.1347","96119997247.9889","104236148641.178","107505176346.585","112779237883.124","124223383246.612","130859594012.914","141678088815.692","152138743420.374","161917911221.801","179914946049.686","191148032263.173","205906139139.876","214936468530.817","225161798963.664","242503162218.145","246970051910.011","258279124276.737","250969666045.261","273699865546.218","278969225512.902","291813531443.919","283691175471.346","295693593669.819","286108585852.483","323485096796.555","352773835863.224","379200564157.857","403355259929.214","433708561693.044",
"Monaco","MCO","GDP, PPP (current international $)","NY.GDP.MKTP.PP.CD","","","","","","","","","","","","","","","","","","","","","","","","","","","","","","","","","","","","","","","","","","","","","","","","","","","","","","","","","","","","","","","","","","",
"Moldova","MDA","GDP, PPP (current international $)","NY.GDP.MKTP.PP.CD","","","","","","","","","","","","","","","","","","","","","","","","","","","","","","","20531255151.6059","17829490050.8968","12929180911.7434","13076816772.7591","9229018605.55662","9290607151.48043","8904685469.42976","9207437232.44534","8701778415.08359","8527671452.11733","8904650398.47002","9660570037.0725","10575928938.0187","11496523303.7295","12679294796.7785","14057611967.1383","15186699782.4692","16066091171.5458","17652937904.7987","16696108705.7648","18098844323.5147","19546989102.1386","20750685232.971","23541379306.0256","24700278843.524","26084243383.8688","28945251498.7153","31001699470.1457","32129614587.5903","35735831415.9353","35646566427.3806","40707659297.2633","41576390620.3521","43627018871.221","44831019342.3029","47200529223.1046",
"Madagascar","MDG","GDP, PPP (current international $)","NY.GDP.MKTP.PP.CD","","","","","","","","","","","","","","","","","","","","","","","","","","","","","","","14054716201.2588","13613706025.4992","14088368300.332","14725165790.2107","15033245439.6643","15606083597.3549","16234135986.5014","17124031731.5862","17994782387.9853","19107008186.3627","20410681393.2564","22118357801.2449","19674988011.4824","22026619585.7012","23808012897.7775","25722276417.5908","27946951443.7336","30343273030.7271","33003976082.1174","31886307058.8549","32473669403.563","33666784883.9147","34340036474.5784","35522723859.5999","37117789637.7909","38053900319.1193","40755587226.8307","41438402026.5191","42523532549.9391","45498322775.5634","43150154155.9558","46835678113.5382","52242538954.1867","56467722691.9137","60371062673.7196","63925658752.4976",
"Maldives","MDV","GDP, PPP (current international $)","NY.GDP.MKTP.PP.CD","","","","","","","","","","","","","","","","","","","","","","","","","","","","","","","1017631080.55823","1067223261.74099","1164358702.12369","1258192127.27811","1384642343.00428","1597250633.31631","1754312838.29211","1934431770.36585","2102781086.33469","2264235680.6791","2404575740.98504","2361756426.34045","2572787193.49297","2984325951.851","3246149989.60873","2973722869.59972","3789796513.86516","4170136718.77498","4632025837.02803","4271869073.28685","4617173537.03173","5129171219.95063","5411041263.86776","6106704769.13274","6916720148.34871","7653295112.38148","8320672192.7847","9059366711.74352","10360598102.1094","11255471307.3294","6741118651.2306","9834087308.92595","11989913320.5107","13048139899.235","13839316145.1881","15124842334.6564",
"Middle East, North Africa, Afghanistan & Pakistan","MEA","GDP, PPP (current international $)","NY.GDP.MKTP.PP.CD","","","","","","","","","","","","","","","","","","","","","","","","","","","","","","","2249567891664.05","2457789830648.29","2648558717573.85","2747538921280.62","2870893613415.4","3015405025160.14","3226137066752.07","3408733435839.73","3595234979173.55","3753675529062.27","4081201401689.92","4261424967856.5","4434381083254.73","4715792600281.98","5235508304321.5","5666446234994.37","6171903424535.24","6670845693610.07","7075034537064.75","7204330275578.92","7634139020147.22","8095337351543.66","8504452645218.97","8656091978809.12","8750568175853.16","8232726466641.43","8318876812771.34","8836062559320.88","9479785508069.25","9650496600581.18","9316971690156.84","10429123862249.1","11899379650445","12633739292457.2","13275702685688.8","14010686356125.1",
"Mexico","MEX","GDP, PPP (current international $)","NY.GDP.MKTP.PP.CD","","","","","","","","","","","","","","","","","","","","","","","","","","","","","","","710420021424.76","766511861683.901","814816208611.489","792434727124.965","844918918772.265","811649814115.514","877904059491.375","957332165802.74","1027968570892.25","1071236887499.62","1154381053953.29","1175052599155.97","1194403398875.47","1242532259750.86","1321438100421.35","1403085812662.01","1559516573127.03","1635050538850.25","1730732432768.21","1701373700227.37","1807659190912.93","1989888022736.31","2103287719050","2150334057847.95","2254435512928.14","2309023754517.36","2457812552694.79","2528308608622.02","2606266095451.42","2636530052162.13","2454084724287.39","2652858836180.66","2975527888555.43","3267926340143.66","3378877367982.99","3413265579050.57",
"Marshall Islands","MHL","GDP, PPP (current international $)","NY.GDP.MKTP.PP.CD","","","","","","","","","","","","","","","","","","","","","","","","","","","","","","","93825565.1155074","97083732.7740046","106386748.301184","115449773.941236","124845534.167738","137932080.261637","125986037.359534","119897913.391294","120428094.408878","120502144.347604","126256390.309105","138045931.115562","145288213.799407","145842934.690891","149153206.297777","156584998.567541","161697836.870742","172204501.045367","162241749.927676","169225654.557021","180769874.14685","183572222.118388","184577180.217699","194868626.17995","195765211.118971","201307890.605551","208309785.843008","219584916.862795","236940414.686441","266025061.381535","262126624.830441","280006016.508552","297820262.390828","292179016.735994","309318883.778787","325243535.473786",
"Middle income","MIC","GDP, PPP (current international $)","NY.GDP.MKTP.PP.CD","","","","","","","","","","","","","","","","","","","","","","","","","","","","","","","9627138759266.1","10296617750096.3","10947471816745.7","11600402137000.1","12335317538388.5","13187661396068.9","14231509253240.9","15236296629613.5","15641941196655.7","16451604911785.2","17764999529048.6","18855711362176.4","20005959228113.1","21533398861475.6","23854176491257.2","26358790509466","29423639559181.4","32801410560971.6","35405052804960.7","37094843356450.8","40483493670701.3","43912688832870.1","47204280468233","50072583420889.3","52474120777630.7","53921273617559.5","56632236908822.6","60264992886001.8","64830552739172","69138433621931.8","69936098903193.6","78685268425090.7","88266500082936.1","95942916117773.2","102760260101100","110158801155280",
"North Macedonia","MKD","GDP, PPP (current international $)","NY.GDP.MKTP.PP.CD","","","","","","","","","","","","","","","","","","","","","","","","","","","","","","","11036141177.0359","10705317389.5147","10230434259.4614","9690677317.61345","9723576382.44674","9816785459.75487","10114976689.7267","10437569699.1005","10937866224.3244","11547065224.7202","12470015424.6204","12313123732.8898","12919323327.4796","13366520348.4469","14575909814.8865","15987084114.6324","17726180110.0306","19112755353.8408","21537348914.5563","22588960792.0782","23340415263.4399","24064073322.1383","24558706027.8925","26269639871.2986","27776082234.7265","28751812176.9414","31373389511.8992","32582920118.6984","34872909268.5795","37942655610.2449","37052231340.4671","40681405923.1634","44350094739.8486","46342710300.8617","49249522331.506","51037468856.8534",
"Mali","MLI","GDP, PPP (current international $)","NY.GDP.MKTP.PP.CD","","","","","","","","","","","","","","","","","","","","","","","","","","","","","","","8774425398.49286","10219315477.4154","9923403115.27608","10600339932.7869","11432072300.4318","11756818679.5494","12734163160.4699","13487625494.2905","14546660319.3728","15446745137.3495","15680377604.4608","18567703455.389","19428772090.9352","21753398112.3429","22668376288.5989","23972583774.4234","25623628529.0366","26781044948.8374","28290298182.377","30017466179.7383","32076619107.1026","33699390834.7448","33747006199.5551","35954307150.1016","39372059745.0124","43326258239.039","48588600863.8981","51646498097.6108","54874814697.0095","59410075204.0447","59141995694.5382","62603712698.5219","69539629819.6867","75548153582.4836","81307517201.1442","88265455597.0502",
"Malta","MLT","GDP, PPP (current international $)","NY.GDP.MKTP.PP.CD","","","","","","","","","","","","","","","","","","","","","","","","","","","","","","","3571985631.02019","3923822214.745","4201498784.76035","4493808882.32643","4849132818.80668","5264808329.52342","5569792384.06914","5919965671.29342","6248975286.95605","6549444225.29587","7105269419.99932","7245491219.79559","7734094616.85415","8295557833.06742","8653693776.5171","8976169097.95938","9410871915.16932","10172820609.5903","10911588130.2733","11046930397.552","11983120986.0549","12249072330.0695","12901618878.599","14077390565.6674","15261022395.6985","17044155907.2044","18634758487.6727","21376497361.9564","23313723101.7084","25897298178.7629","25760009807.1211","29443353450.974","32197667472.3395","37089933820.0733","39855071468.4125","41860622488.5813",
"Myanmar","MMR","GDP, PPP (current international $)","NY.GDP.MKTP.PP.CD","","","","","","","","","","","","","","","","","","","","","","","","","","","","","","","17563520317.8283","18039349765.7598","20232926691.2074","21963426392.3092","24109873843.3871","26325672249.1251","28534772831.9448","30667316092.2386","32831204099.8077","36940066205.7776","42969607731.5272","48921379074.9794","55656083938.4756","64612058190.617","75349622677.7311","88256902158.75","102875055020.716","118332621200.233","132981732357.82","147918054675.134","164139949926.908","176893542391.214","191632597101.832","208269863967.961","221802511725.486","227790290910.88","229647106575.787","244240022243.58","291745887545.292","321180596449.631","304367346941.67","276462287916.21","308081731002.126","322543473271.925","327337091988.226","329736585932.9",
"Middle East, North Africa, Afghanistan & Pakistan (excluding high income)","MNA","GDP, PPP (current international $)","NY.GDP.MKTP.PP.CD","","","","","","","","","","","","","","","","","","","","","","","","","","","","","","","1382153152572.06","1531324093037.61","1626184151641.04","1664908976012.76","1727776261669.6","1815475509028.32","1957673166661.25","2057110531586.18","2192667105770.2","2322089277553.81","2518523508679.72","2648415931156.88","2782482011267.64","2912402897028.26","3224231972335.36","3483525609874.16","3785240319722.61","4117429874271.02","4329453231393.38","4469306139005.73","4741227749196.1","4859296722007.75","5063840503078.7","5147413284295.68","5176564534766.04","5072149304747.81","5226185696845.88","5531853862042.06","5854854981206.93","5973374301922.37","6169615437197.64","6644423071692.97","7446344539434.14","7947707314822.51","8345122336925.41","8755711127488.66",
"Montenegro","MNE","GDP, PPP (current international $)","NY.GDP.MKTP.PP.CD","","","","","","","","","","","","","","","","","","","","","","","","","","","","","","","","","","","","","","3534315753.57183","3749164666.73277","3444810632.17159","3632050310.63639","4112961276.51197","4329975161.43321","4494231865.54518","4809594799.33266","5106743987.47539","6421042440.29357","7669022378.49164","8515398518.49085","8023142269.91922","8431854769.44381","8900372885.37362","8570900123.16301","9147097559.32287","9528346555.97984","10051710940.5025","11275214126.9847","12116925279.0257","13207619292.6971","14857418045.5368","12923286386.2084","14807492512.0585","17491558758.1177","19867425734.8315","21239022450.9469","22072877345.296",
"Mongolia","MNG","GDP, PPP (current international $)","NY.GDP.MKTP.PP.CD","","","","","","","","","","","","","","","","","","","","","","","","","","","","","","","7302015144.38578","6892683694.35131","6397199493.26193","6341315006.28575","6614952541.13334","7184288883.49005","7479331657.55203","7904782843.85904","8260603886.39654","8634719686.50612","8931513813.39637","9402283756.20272","10000318210.009","10912071503.1122","12396137238.1232","13712180012.879","15344468578.8632","17375296733.8467","19286329499.1886","19159108636.072","20626275493.213","24691841190.0464","28827895153.548","30272589127.4882","32298614756.1739","31655860016.5362","32468148776.2369","34940501306.6572","39516811632.4633","44456622358.2437","45560002626.38","50053145881.8599","56311372895.311","62729158018.0109","67579102218.002","74226766695.0254",
"Northern Mariana Islands","MNP","GDP, PPP (current international $)","NY.GDP.MKTP.PP.CD","","","","","","","","","","","","","","","","","","","","","","","","","","","","","","","","","","","","","","","","","","","","","","","","","","","","","","","","","","","","","","","","","","",
"Mozambique","MOZ","GDP, PPP (current international $)","NY.GDP.MKTP.PP.CD","","","","","","","","","","","","","","","","","","","","","","","","","","","","","","","3876487206.00048","4204974220.97092","3974943055.32608","4514346155.49394","4907676297.38871","5116944166.97909","5767947003.91167","6560643833.90569","7322310594.17353","8303449441.14361","8556603915.6203","9873700733.82933","10996611842.0149","12023092301.1204","13359389787.9263","14647954897.6726","16596153907.1081","18349679163.9719","19989637477.16","21305419652.1035","23004781234.0599","25154428816.7064","26184549692.2646","27901295071.5242","30064933093.9697","34986722839.8131","37700803807.9202","36130431041.8671","38466735958.1982","41503339393.0606","43454882038.8104","46205728911.2947","51654575587.4033","56514089616.6494","59161570416.7195","60500447853.8037",
"Mauritania","MRT","GDP, PPP (current international $)","NY.GDP.MKTP.PP.CD","","","","","","","","","","","","","","","","","","","","","","","","","","","","","","","4040954730.77911","4252311546.88183","4430725301.51102","4802161268.71116","4754577303.31524","5330945207.73247","5744419725.87809","5607128251.07425","5827650392.84994","6127206513.99921","6020496210.45361","6106841805.11726","6287417868.53756","6855760839.57039","7373310008.95111","8255919832.8635","10070769270.9595","10139902984.759","10301051552.092","10374730881.1414","10775959021.46","11457213194.7678","12539868166.8489","14306348184.4928","14875055357.1756","15775044970.7205","19136599346.5408","22539620070.5711","23550299208.1808","25064433257.7255","26408154182.6332","27635403694.625","31612656171.1026","35014705830.6397","38147313767.5582","40795887531.1942",
"Mauritius","MUS","GDP, PPP (current international $)","NY.GDP.MKTP.PP.CD","","","","","","","","","","","","","","","","","","","","","","","","","","","","","","","5291732680.09381","5713338569.86525","6224109201.49302","6695451604.81865","7121259303.85552","7582312813.20792","8152571640.83671","8764830013.03536","9401511318.16924","9783492628.41546","10825805990.9956","11440127923.6069","11805526646.0418","12751945865.5715","13661866762.9494","14340688258.2634","15502201805.7782","16839920435.5263","18102076420.0469","18826349036.7341","19892945690.901","21145045368.4349","21675772052.814","23208575041.1718","24334337754.2099","25597955580.231","27741560246.3672","28963344696.0256","29634148312.2324","30858108173.352","27373244659.4645","29138600357.7481","33814851320.1635","36713891756.4564","39487130721.6526","41872584926.5152",
"Malawi","MWI","GDP, PPP (current international $)","NY.GDP.MKTP.PP.CD","","","","","","","","","","","","","","","","","","","","","","","","","","","","","","","6410072363.38358","7205388185.13623","6829178160.38751","7668613469.16619","7030306343.67203","8378455953.78692","9156093759.72065","9667211208.90712","10156652110.1469","10613744872.6873","11025237005.575","10712639072.8128","11064057833.9813","11926235758.4761","12910787913.9367","13750850277.8735","14841124507.1961","16706556970.2173","18329372044.9302","19978329413.9691","21611136728.3058","23144997068.0643","22999500003.4794","25181923450.6662","25024588183.9773","23972522499.7063","24755675039.6412","24899003391.0601","25268494147.2089","27587532191.9057","29563756336.0156","33831623933.4187","36571691928.9564","38662848058.5451","40285660851.2269","42194891550.8885",
"Malaysia","MYS","GDP, PPP (current international $)","NY.GDP.MKTP.PP.CD","","","","","","","","","","","","","","","","","","","","","","","","","","","","","","","122810506139.263","139083006806.969","154891808950.268","174252991499.706","194368644593.339","217949174450.641","244139235636.696","266535267079.615","249694877222.567","268770475586.283","299208017013.774","307529056856.517","329144531978.247","355071566642.716","389353505935.185","422973326617.09","460368023537.155","502623799375.322","537061439765.158","532195216545.364","578657813401.84","621861803378.808","671523206704.637","698862906454.866","746116305787.407","766027917953.276","803828295814.355","854693620881.573","914713180247.419","967567806880.737","931106663877.47","1022398815013.98","1194025047008.72","1282002684291.74","1380903612305.24","1492996614457.69",
"North America","NAC","GDP, PPP (current international $)","NY.GDP.MKTP.PP.CD","","","","","","","","","","","","","","","","","","","","","","","","","","","","","","","6525292784218.29","6727105680174.01","7107431643792.23","7475560980125.83","7945644153887.4","8330032981553.57","8787938076322.85","9335800493185.07","9859454645776.33","10480570249373.5","11154844854108.3","11523687587939.2","11903771260463.2","12483938825670.9","13304910929472.9","14214783092041.6","15061931997071.6","15780645703032.3","16117170402043","15789704891397.9","16417318613275","17035065403829.7","17726463398019.7","18439343351675.5","19234108546688.7","19894692054350","20488109095636.8","21383316097108.7","22514991666413.5","23445514213473.7","23228602894100.6","25911097971316.6","28562669123425.2","30420542983681.6","32007665941270.9","33557819699508.5",
"Namibia","NAM","GDP, PPP (current international $)","NY.GDP.MKTP.PP.CD","","","","","","","","","","","","","","","","","","","","","","","","","","","","","","","5306693289.23079","5934133854.77143","6505711498.4274","6554721981.0942","6810488168.07239","7224392377.75998","7591428679.33119","8048229364.46233","8406572288.87592","8812782497.42236","9327139076.81049","9649500147.93709","10268715463.1921","10915420256.8168","12584232426.0371","13307073391.4921","14687700517.6245","15896336614.3787","16631951660.205","16784063685.2189","18013988182.4745","19321711402.13","20550227216.2329","21847544464.6311","23966035323.935","24849167508.2085","24880312287.1765","24787610435.4624","25396298133.5144","25469883811.1962","25525198217.6345","27287889637.5942","30806720904.3641","33328321266.2777","35446230511.307","37069626686.0809",
"New Caledonia","NCL","GDP, PPP (current international $)","NY.GDP.MKTP.PP.CD","","","","","","","","","","","","","","","","","","","","","","","","","","","","","","","","","","","","","","","","","","","","","","","","","","","","","","","","","","","","","","","","","","",
"Niger","NER","GDP, PPP (current international $)","NY.GDP.MKTP.PP.CD","","","","","","","","","","","","","","","","","","","","","","","","","","","","","","","6124299546.75669","6303585937.34555","6576228696.26294","6753760867.93859","7025909093.43333","7349484059.78526","7491559547.85291","7737152662.16133","8604376011.30359","8706977049.89061","8796601713.39436","9648418941.5438","10280284056.4598","10710799712.5381","11038836389.6431","12219683989.871","13343624936.1701","14135852906.1755","15522168134.2495","15924423036.5891","17500575091.7074","18282764961.5946","20722563498.3675","21071366592.3543","22315918540.8947","23372915804.2583","24449454798.7355","26300408744.8811","28231620143.6616","31382459007.1497","35252528622.5792","38905670296.6926","46765903772.7539","49774303274.0188","55255576050.9831","60784101569.7092",
"Nigeria","NGA","GDP, PPP (current international $)","NY.GDP.MKTP.PP.CD","","","","","","","","","","","","","","","","","","","","","","","","","","","","","","","275808209081.344","286157312880.886","306232923675.143","307111711523.799","307976297624.601","314205118750.69","333382647313.997","349092291522.414","362127849920.367","369397533855.774","396713560377.997","429651189635.836","503213336553.28","550850361320.401","617990214726.821","678403997801.772","741699956683.415","812005395929.212","883636567485.631","960541896993.31","1050047441170.07","1128596680690.86","1175405871092.75","1268094051628.1","1374917444173.53","1393399173032.77","1382274968939.12","1409126218184.72","1466986668306.62","1581908571394.07","1586733523426.62","1658304866199.37","1852965137170.42","1985244857800.87","2117352870850.15","2264022356237.62",
"Nicaragua","NIC","GDP, PPP (current international $)","NY.GDP.MKTP.PP.CD","","","","","","","","","","","","","","","","","","","","","","","","","","","","","","","8235899133.61883","8498305478.25366","8725550609.63872","8897275983.49386","9390558011.98428","10154249904.4189","10996157197.1806","11629481060.0253","12196681249.827","13239574881.114","14094810964.9104","14838904567.8824","15183115172.9325","15873159638.8124","17165886758.7337","18462276078.3771","19821995460.6091","21392520307.4976","22553839569.6402","21945744533.8682","23192039227.6967","25165708471.7559","26602665591.8129","28187335291.8785","30743442934.0975","33507510695.4469","36662825386.1517","39320729869.7902","37985543205.7636","38779457707.5101","41191106018.3216","47305032464.5981","52468514465.2105","56819122785.7881","60314752542.5872","65057109096.2401",
"Netherlands","NLD","GDP, PPP (current international $)","NY.GDP.MKTP.PP.CD","","","","","","","","","","","","","","","","","","","","","","","","","","","","","","","287113651498.819","304062981620.299","316297738149.629","327867185551.504","344783637581.074","362981260984.618","381493004304.364","406838980206.138","435856592176.551","463551337938.583","507938807993.737","533687179113.153","558243595308.055","556306924381.732","585504395361.107","616539911875.417","673590885532.526","724126664465.208","768245112205.479","743192515393.424","752698442798.631","784643538480.86","798429903639.945","833870397887.156","839056229120.25","863202457350.693","905370307047.098","959996164418.59","1013551388032.4","1081370572466.31","1091779125681.31","1202303330254.13","1391834585371.04","1437170091488.24","1533375443144.24","1579414785562.87",
"Norway","NOR","GDP, PPP (current international $)","NY.GDP.MKTP.PP.CD","","","","","","","","","","","","","","","","","","","","","","","","","","","","","","","78008562710.0358","82950739196.1647","87831222909.4072","92498965577.532","99226883580.8922","105530585727.304","116749706015.297","124982801393.026","123936041172.692","135510810892.034","165329731181.73","170117343276.548","172216130987.674","176419190426.248","196215266691.459","222794064409.868","255430311406.896","267954006393.73","300523259167.42","274031747304.462","290614092680.332","316471490528.845","338014968322.197","351440286558.865","350336877097.466","325301565081.798","320615222218.903","352653328314.442","385741275640.784","393765968523.656","375375925969.961","498678309268.732","708957430194.386","594836234715.422","588750471306.345","583775486657.848",
"Nepal","NPL","GDP, PPP (current international $)","NY.GDP.MKTP.PP.CD","","","","","","","","","","","","","","","","","","","","","","","","","","","","","","","16196689761.2142","17810741814.2109","18964671279.3056","20161613006.6578","22283951223.0951","23540289865.5459","25248513849.7185","26980592501.5289","28106804321.4202","29762327037.5985","32323564941.74","34637822535.5725","35218354120.6462","37330483315.9708","40129377424.9704","42827565904.2654","45633718278.5693","48469053794.9879","52418781245.0331","55132930649.0445","58490655451.7457","61740111909.6309","67896548716.8693","73334815489.017","80283011240.3674","82282973616.2707","83198953169.4628","100972413071.514","111086748720.566","121063056101.567","122690085757.445","134000165871.651","151613609848.266","160340672683.928","170364437629.599","182896587086.718",
"Naoero","NRU","GDP, PPP (current international $)","NY.GDP.MKTP.PP.CD","","","","","","","","","","","","","","","","","","","","","","","","","","","","","","","156022308.242562","130661931.670111","111909386.116155","96097626.6457082","94354925.572677","88700337.7619979","79612165.040188","73733973.1053841","65773202.6699808","62322708.754631","59364703.8797047","56597305.7577506","51745618.5963243","52917404.4497456","51995739.0443284","53626041.8139431","59951312.21338","47980946.6679785","58686480.2657644","55767977.8732215","56445718.6794637","66082352.0706502","83709650.0248851","88644980.4163333","104476177.972657","109050744.920046","114636131.49518","109280211.226159","110836381.462414","122295244.714944","125891600.345647","141840340.93446","151928739.34764","156416971.561322","162623004.146925","170760853.507831",
"New Zealand","NZL","GDP, PPP (current international $)","NY.GDP.MKTP.PP.CD","","","","","","","","","","","","","","","","","","","","","","","","","","","","","","","49321471007.8355","50682272913.1682","52540573315.0094","56798339869.9833","61930551653.5662","65621211315.3563","68639565056.2214","72222402139.9026","73715706042.5266","78923926226.423","82941140643.9896","87354287358.6309","92024844754.3231","96638498104.7079","102694007617.053","106147882736.156","116048766335.845","123889183115.716","127349469279.383","132288407215.546","136200099015.259","143505516802.778","145665816630.138","161024468543.457","168537477528.753","172839364173.817","188392430853.958","203162354756.495","208154088948.75","225133834634.615","231174456954.475","245088353611.212","274818582712.329","285738436246.213","295150254933.357","305373476618.8",
"OECD members","OED","GDP, PPP (current international $)","NY.GDP.MKTP.PP.CD","","","","","","","","","","","","","","","","","","","","","","","","","","","","","","","18502496622123.4","19369873912736.7","20256885573339.1","20994897078578.7","22122376910713","23201486473039.6","24419903458249.1","25730079404489.2","26587514262057.1","27828577668038.9","29773855363364.8","30931048785284.4","32122624793726.1","33309362303187.4","35326370117298.8","37263611281433.6","40047459393999.4","42324214027167.9","43777127145289.2","42894744086935.9","44825231862264.9","46945950865811.5","48526688656676.4","50598379167609.9","52473549651394.5","54336520342791.8","56546714823030.9","59099107159787.8","61777739679421.5","64893086577836.2","64002496728205.8","70247274400812.3","78838854574740.9","83423447284418.6","87084505441818.8","90013561123923.3",
"Oman","OMN","GDP, PPP (current international $)","NY.GDP.MKTP.PP.CD","","","","","","","","","","","","","","","","","","","","","","","","","","","","","","","47457422317.3496","52042427722.7235","57706974727.2831","62644685469.7944","66462082243.9354","71246206187.7124","74760402831.76","80638069628.2849","81488985690.0859","82888074232.1176","90014688072.3085","96287569206.0829","97017085206.7501","96761269993.5744","101343093383.905","107425752823.128","115909874629.798","124979650727.106","138788915172.836","147998452503.27","153500039106.631","161201808676.585","177317851461.746","180245565668.084","177051225729.964","150899641148.99","146364894955.712","152544979822.972","173709314188.187","171026532860.206","159026046195.661","174253981507.44","201552948101.649","211966280733.417","220772429846.239","232398923583.02",
"Other small states","OSS","GDP, PPP (current international $)","NY.GDP.MKTP.PP.CD","","","","","","","","","","","","","","","","","","","","","","","","","","","","","","","63946897503.6016","66313966181.7812","66247208769.5704","68230959337.8127","71548806067.7813","76074273185.7342","79371102763.6387","85749301799.7521","88341593350.6804","91555993262.7436","98910473789.1685","105044508131.264","111262953814.271","118464400658.734","126419506020.179","135081972328.292","149165479107.676","162261378083.055","169981294413.475","166240902860.024","172936930944.994","183883252246.668","190318711930.159","195948578132.348","203213494162.518","205007105413.449","219188047442.806","236087180061.727","251706593317.785","275271757125.494","264809804996.685","296395003535.774","334822832181.578","360032689139.685","380662032351.84","398914722933.622",
"Pakistan","PAK","GDP, PPP (current international $)","NY.GDP.MKTP.PP.CD","","","","","","","","","","","","","","","","","","","","","","","","","","","","","","","220145327073.561","239109860201.254","263404278878.186","274387544193.724","290720230126.18","311545532157.61","332624937562.955","341793200800.023","354448986552.15","372621675877.712","397295872779.832","421075052529.943","438714453455.652","471540229065.137","522140892732.279","577697637560.024","631551171917.635","677493326111.109","705189290452.082","734177854525.162","754259486400.526","790452779286.801","840345473962.346","881009821208.77","924121429937.152","973520332591.722","1019403996557.85","1069378806760.21","1129963710339","1162667379542.97","1186293820824.83","1285342890384.16","1442546145862.19","1489716315899.88","1573745745234.43","1677664333899.13",
"Panama","PAN","GDP, PPP (current international $)","NY.GDP.MKTP.PP.CD","","","","","","","","","","","","","","","","","","","","","","","","","","","","","","","11420108545.6914","12918352599.7945","14296409882.1641","15433744826.7074","16212562749.6561","16842436155.405","17850482404.0327","19558135655.5857","21436812257.9991","22873184549.3425","24375848207.7466","25161478641.4942","26193558633.1218","28072109076.4579","31183787671.3048","34823289276.3167","39435653647.5341","45831593909.5098","51478329157.9081","52630716056.073","56505646921.9037","64539438913.9416","73204937473.2873","83865270123.4766","94874168724.4033","107892257844.093","121987463715.67","137443278041.997","135303491321.191","140760298314.011","115991046900.546","134415382039.559","159868582747.822","177664712331.259","187078139095.772","200685085534.879",
"Peru","PER","GDP, PPP (current international $)","NY.GDP.MKTP.PP.CD","","","","","","","","","","","","","","","","","","","","","","","","","","","","","","","74116182042.5989","78323106644.8318","79674985252.5577","85840388309.2209","98464395694.7376","107979480315.799","113033978453.687","122430449958.104","123321655121.771","126936414115.683","133309382889.776","137153352639.582","146880640284.64","156018919944.691","168158161162.792","184330906995.691","204321436689.23","227733468333.495","253305933861.28","257661182886.378","282522933746.742","306596257463.361","317877785320.222","336660846713.936","346866168556.312","353319959252.515","372451971818.884","394435327375.369","417164014966.504","440127331383.878","412561044537.264","506813209118.862","558159201571.602","576782393044.635","611879061140.163","650598143709.638",
"Philippines","PHL","GDP, PPP (current international $)","NY.GDP.MKTP.PP.CD","","","","","","","","","","","","","","","","","","","","","","","","","","","","","","","163922815846.766","168726841734.174","173292591052.821","181270865320.562","193238822448.349","206415565501.481","222512680260.227","238089227862.667","239527280439.615","251045919502.342","267983918571.811","282373530818.711","297418392704.657","318718479262.679","348789467142.286","377505058697.658","409835358911.106","448381089539.482","476875271339.782","486765839755.921","528817160197.898","560551170595.17","610496454569.407","650515526397.366","694071312888.333","726055887752.637","787994332750.166","840500711155.115","914882799585.1","988832200540.151","923366701020.759","1001824458376.1","1154429198731.57","1263215410391.29","1368554635188.07","1468828072888.91",
"Palau","PLW","GDP, PPP (current international $)","NY.GDP.MKTP.PP.CD","","","","","","","","","","","","","","","","","","","","","","","","","","","","","","","146248682.461054","158610984.016302","151843005.090223","136322725.571779","149397588.730587","169155744.681382","190166855.435275","197895448.986528","204121884.046598","195831881.165363","195053030.366008","214096028.028571","227674513.653608","227229516.9623","241442675.959636","256196578.872406","264699676.74276","273738995.128409","263518162.050845","248717602.301312","244121359.503858","260482927.342332","270802946.969928","271573322.41825","287946293.862779","315524585.696727","323831295.911","318352395.749523","324285520.020116","330628910.275633","314945675.901011","290079678.682491","309273383.888284","324639045.844279","372641388.767285","407161801.094792",
"Papua New Guinea","PNG","GDP, PPP (current international $)","NY.GDP.MKTP.PP.CD","","","","","","","","","","","","","","","","","","","","","","","","","","","","","","","6636625576.46467","7516082467.79019","8751992503.03568","10590266617.7284","11459111502.9233","11311837623.5849","12409769799.6964","12130888658.7728","11804858001.22","12194053548.1702","12159159061.8232","12417865874.9982","12590800156.4933","13117239566.6256","13836515284.3419","15175777704.5677","16490093334.8174","18260499666.0385","18557148782.1663","19941353582.7122","22227994798.2754","22937846465.9927","24453122385.8671","25820522088.3915","29828194888.629","32085428348.9209","34168434980.2838","36009673546.8841","36731754151.8161","39010933635.2043","38283266635.0321","39825722840.6625","45092847739.4473","48543204725.7565","51682414095.5894","56125596604.9384",
"Poland","POL","GDP, PPP (current international $)","NY.GDP.MKTP.PP.CD","","","","","","","","","","","","","","","","","","","","","","","","","","","","","","","235719000394.878","226594213042.378","237586484688.806","252310389364.08","271337165506.028","297744188985.096","320980068302.137","346576007064.522","368103972319.811","389722131423.02","410178544436.386","427433163986.767","452696001489.058","471020367450.868","512140217752.982","531856746243.163","579933425506.751","641692333173.103","700460796974.123","736332308838.595","798552949934.859","868165962038.92","903168300515.319","929470019210.633","967768860680.126","1025181347854.76","1076820000427.04","1145711205425.05","1228297337147.81","1362291050579.99","1391432848266.15","1518447457166.84","1722431295218.79","1778349511630.98","1874118068301.56","1977097411146.36",
"Pre-demographic dividend","PRE","GDP, PPP (current international $)","NY.GDP.MKTP.PP.CD","","","","","","","","","","","","","","","","","","","","","","","","","","","","","","","745177002765.591","777025853823.795","804019170188.86","803776531316.418","817910024759.674","860568291543.824","926976887128.633","1007497120293.1","1097775037332.47","1166166192995.05","1266002666953.91","1350895115090.67","1450521483864.79","1455396956224.65","1688460503924.47","1842528904197.9","2016474608764.46","2193805298839.93","2380474100670.42","2514113145379.97","2715522882843.55","2892595297381.31","3038317017097.21","3264898582805.81","3462742528658.71","3404513057313.27","3485500139575.04","3669357822246.6","3949297810409.95","4228597118645.14","4208528461872.63","4622219791619.28","5176188193708.36","5498456390940.94","5826665891447.66","6208737582721.05",
"Puerto Rico (US)","PRI","GDP, PPP (current international $)","NY.GDP.MKTP.PP.CD","","","","","","","","","","","","","","","","","","","","","","","","","","","","","","","47430946916.1133","50164929623.0428","53649844275.2494","57472364707.9015","61156651065.7784","65279254316.0237","68012386125.1869","72561523613.6236","77435299153.1913","82763674407.1566","87407772669.0404","95018648281.1128","97379572650.1842","99355198887.1075","110952955187.228","112158144248.809","113987397205.098","115714247440.645","115768684477.718","114208485374.133","115118738808.946","117072536776.923","117437602455.976","117220284809.445","116122525954.824","114269131890.728","112229482734.795","108691833112.613","110917943635.114","119615939334.496","120954841139.023","132333844622.722","145937660769.974","152444689652.621","161192440885.93","166234225380.676",
"Korea, Dem. People's Rep.","PRK","GDP, PPP (current international $)","NY.GDP.MKTP.PP.CD","","","","","","","","","","","","","","","","","","","","","","","","","","","","","","","","","","","","","","","","","","","","","","","","","","","","","","","","","","","","","","","","","","",
"Portugal","PRT","GDP, PPP (current international $)","NY.GDP.MKTP.PP.CD","","","","","","","","","","","","","","","","","","","","","","","","","","","","","","","117599878142.3","126887518941.188","131193007266.518","131558423936.499","135664019420.444","144440354722.577","150174191166.055","159615541195.023","169553708903.317","181041025245.14","194305323124.877","202369272663.047","212108753260.396","218062175577.932","225146902330.314","238691088867.445","259661483655.241","271355033996.038","281542630016.914","279761661890.112","288561911698.88","282976747881.101","278393304900.247","292449626203.935","299181613079.32","306681988282.699","326173486566.704","339609538500.021","358872472764.768","389495112468.607","370352154969.925","400564219793.072","472153682091.776","526796742406.973","561605132240.166","574232775758.211",
"Paraguay","PRY","GDP, PPP (current international $)","NY.GDP.MKTP.PP.CD","","","","","","","","","","","","","","","","","","","","","","","","","","","","","","","22748650544.268","24339602473.556","25316579876.287","27196004791.998","29253835143.5934","31904979125.6016","33000392550.8371","34993657196.5494","35411015356.636","35421527839.2976","35385622738.9274","35880616250.1888","36430399731.9231","38754792317.2273","41411671091.3978","43621331541.0617","47128136568.4052","51029293966.4836","55391362983.5503","55587466546.3214","62505525102.5223","66529576563.4646","64597743085.5266","72608983989.6981","76522545296.8008","78091620933.4249","83295458687.9189","88597623578.681","90877352659.2356","92185455052.434","94492100805.0321","102942716900.518","110233561502.758","120354818535.357","129101509259.544","141533902645.534",
"West Bank and Gaza","PSE","GDP, PPP (current international $)","NY.GDP.MKTP.PP.CD","","","","","","","","","","","","","","","","","","","","","","","","","","","","","","","","","","","5208478031.17165","5696188857.85647","5870921582.12245","6848137832.64218","7917753208.5737","8694711884.7887","8130931295.79618","7539890005.76732","6700816640.00533","7790816730.61944","9754347362.3541","11196051507.9991","11426303733.9293","12180459700.9979","13337485311.0966","14572973199.0308","15602241929.8768","17452978799.9046","20754291213.588","21557010047.8386","22459712716.3974","24638355542.6155","26474303888.9446","27203915977.4344","28400606241.965","30494072108.7083","28609644862.7012","27878126229.8832","31080110138.6453","31916806459.4865","25232673502.1909","27066426398.6286",
"Pacific island small states","PSS","GDP, PPP (current international $)","NY.GDP.MKTP.PP.CD","","","","","","","","","","","","","","","","","","","","","","","","","","","","","","","4976287797.50495","5088535378.95959","5464947326.13988","5702340506.57158","6099896529.51665","6474137411.58997","6816151122.06544","6832485761.27555","7006282511.3094","7475895056.13969","7536103849.72833","7798571746.78556","8103530669.7267","8405018116.50788","8995106944.8915","9468688403.85657","9977388112.88928","10233946514.9446","10617925541.0779","10602722977.4852","11106547255.5288","11744905941.9413","12363884591.6104","13132312940.1305","14846466339.334","16008834021.8689","16582673743.2966","17572310116.916","18147480328.874","18406734451.9625","16227787404.4088","16102866317.4252","19072588708.0503","21343293843.2751","22667899925.359","24071709803.1263",
"Post-demographic dividend","PST","GDP, PPP (current international $)","NY.GDP.MKTP.PP.CD","","","","","","","","","","","","","","","","","","","","","","","","","","","","","","","17439581539830.3","18206064339310.9","18947948036472.2","19583438324694.1","20580490572116.8","21561703848976.6","22604937485437.4","23724859074622","24621447194349.8","25819692822129.7","27605157821751.6","28737099423178.7","29873267942247.6","30999093184577.2","32844578964461","34628562155684.9","37075702110821.9","39142259505628.4","40389857668035.2","39468503537530","41098725405852.3","42776142989890.4","44104583868925.5","45963587074845.9","47449711862485","48906675407341.5","50806917598278","53051986305353.1","55513310712312.3","58387377427767.6","57567445454045.8","63231195832010.3","70122507706698","74161767563467.9","77404406088010.3","80147567618977.1",
"French Polynesia","PYF","GDP, PPP (current international $)","NY.GDP.MKTP.PP.CD","","","","","","","","","","","","","","","","","","","","","","","","","","","","","","","","","","","","","","","","","","","","","","","","","","","","","","","","","","","","","","","","","","",
"Qatar","QAT","GDP, PPP (current international $)","NY.GDP.MKTP.PP.CD","","","","","","","","","","","","","","","","","","","","","","","","","","","","","","","25178593755.5947","25597405715.6996","29147148561.6101","29442636155.4838","30497918840.6894","31884424159.7233","33888280866.9899","44818617034.8368","50406871412.1256","53310199435.2649","58894535252.3295","62568147619.2467","68104261156.9166","72032295047.2972","88185100142.591","97764747818.0234","127154090896.213","154087541160.976","184797280238.014","208170595249.336","245953930698.753","283715632113.244","311656942652.869","324265528776.433","319295523267.788","240424800591.957","222778394716.76","252948449980.88","283965164161.23","283662144439.194","229537462611.12","292655073655.389","326588931595.463","342694016165.464","362122007020.082","383067790399.785",
"Romania","ROU","GDP, PPP (current international $)","NY.GDP.MKTP.PP.CD","","","","","","","","","","","","","","","","","","","","","","","","","","","","","","","122511235728.063","110292860728.845","102916290606.992","106966455915.25","113546065230.916","123153081179.379","129961249328.966","125498798198.903","124795823091.818","125763968841.135","131293987971.658","144297886544.753","155641050650.503","163088502465.205","192837451674.312","204714220858.462","244874887111.358","286153799742.014","344669120502.383","338931473444.955","351378706179.214","378851738814.843","397299040888.336","393241911412.391","410782346678.911","428504292201.253","470987914160.119","527784373816.796","572201453999.387","647499696558.666","658752984995.337","717727367561.009","799645180388.259","876458840208.491","934999930675.984","968038244934.612",
"Russian Federation","RUS","GDP, PPP (current international $)","NY.GDP.MKTP.PP.CD","","","","","","","","","","","","","","","","","","","","","","","","","","","","","","","1187867177345.69","1166060239234.87","1019330664916.99","953036578047.642","851033580203.763","832874933680.049","817526684921.471","843109809492.517","807029157570.945","870676186417.138","1000581025238.44","1074585972513.88","1167897269467.94","1338656016289.81","1473342751130.23","1696729209914.7","2133189651004.96","2377454045310.02","2878201315078.61","2768599517953.78","2927003701123.48","3259319197327.19","3480299219245.88","3741783381914.29","3763534951277.17","3526235948513.74","3538975998887.59","3807101264909.27","4231842328030.95","4579553861372.4","4651428694918.23","5688268314339.54","6005391634782.98","6480856591277.35","6968620322317.93","7235550375977.6",
"Rwanda","RWA","GDP, PPP (current international $)","NY.GDP.MKTP.PP.CD","","","","","","","","","","","","","","","","","","","","","","","","","","","","","","","3999340723.57131","4030631569.0008","4364585938.38389","4105741140.97567","2086300967.54961","2880332636.56588","3306904254.57065","3829826089.84174","4215952781.19783","4461682537.2607","4944691271.39986","5485012335.5779","6305080501.02221","6571166516.9749","7250429923.40679","8179021013.43149","9209206371.06167","10180718929.9023","11535060158.3689","12331391834.4381","13396710668.7321","14761257879.7816","15550512519.2587","16549085751.0007","18812974521.7811","20493279924.0294","21993942240.193","23783311684.0921","26576931104.9254","30335651235.3159","30771828422.2556","37079447223.7257","43618881781.1374","49104646245.4901","53960577882.1655","60673096982.9139",
"South Asia","SAS","GDP, PPP (current international $)","NY.GDP.MKTP.PP.CD","","","","","","","","","","","","","","","","","","","","","","","","","","","","","","","1182719811354.72","1240668189232.57","1337722533755.06","1435295490057.93","1559635570772.22","1707439382769.78","1862533427821.23","1973976197080.75","2116021471315.73","2323533533881.85","2472665945692.51","2645171856108.87","2787590932379.77","3055726612883.75","3375891647752.79","3749484149793.93","4170348809751.29","4606624550560.64","4856734759902.14","5250969029234.96","5751720016789.85","6188720573655.54","6814616974563.45","7206134317139.85","7582085988510.11","8022781567280.81","8685189590996.26","9317308720931.32","10301038806492.4","11094521548916.2","11017201959041.1","12776195414008","14666154467580.1","16245151177955.4","17771106777631.2","19566141233812.8",
"Saudi Arabia","SAU","GDP, PPP (current international $)","NY.GDP.MKTP.PP.CD","","","","","","","","","","","","","","","","","","","","","","","","","","","","","","","491751214286.076","550174174732.583","588487320621.247","604724651550.611","623522590565.57","638580237488.623","671760534909.934","701435012451.785","729206147032.856","734841024380.109","786942754618.821","807435076757.994","814337895558.62","903232412150.069","1007575521722.85","1100945029576.24","1172500995062.46","1230925383608.87","1332906137889.21","1326821212099.97","1410623854397.82","1609021434441.12","1701855662189.08","1718292769472.73","1771539691265.8","1608022150954.67","1545761853587.76","1645531261860.11","1792988810566.04","1790607498345.21","1499327559869.91","1929888259783.05","2315221957193.99","2413917173181.58","2539369804792.1","2728040565174.31",
"Sudan","SDN","GDP, PPP (current international $)","NY.GDP.MKTP.PP.CD","","","","","","","","","","","","","","","","","","","","","","","","","","","","","","","39282199948.6794","43660879336.5641","47593246916.0833","50947318274.7502","52558737454.2083","56878813961.5385","61348495372.0139","73834691684.9156","77881417315.7438","81435239639.9891","88564739245.9535","96445600318.5119","103827359882.217","112535655147.733","121502742733.56","132384431092.085","145380169266.826","157882741880.57","167115045784.96","163492001092.429","171863473852.462","169772374359.292","136998908640.888","140750771539.855","165409530125.751","168783439920.87","184446367323.917","181639236414.642","185735342775.64","178285831253.721","156677404687.453","156168260027.791","165673537392.092","121236329959.636","106895751228.665","113257494657.248",
"Senegal","SEN","GDP, PPP (current international $)","NY.GDP.MKTP.PP.CD","","","","","","","","","","","","","","","","","","","","","","","","","","","","","","","11681748026.3344","12398041145.6239","12847987579.57","13331428997.7489","13609610968.0917","14654819907.9506","15224558681.361","15958773498.3573","17090032848.099","18420888624.6541","19570436635.5577","20873751077.5079","21212690440.9045","22841550966.476","24544901105.4187","26405610456.0776","27854350284.2051","29417807068.6473","31094983346.1281","32147815841.0219","33641848598.666","34793989168.2758","36793686306.646","37962162529.6039","40387333256.6553","43696523920.8699","46623906157.9398","49976677833.9555","53794440219.2467","59654664271.8226","63008586953.5983","71874343647.3319","79950717707.8597","86438861494.704","94309111914.9175","103429462833.809",
"Singapore","SGP","GDP, PPP (current international $)","NY.GDP.MKTP.PP.CD","","","","","","","","","","","","","","","","","","","","","","","","","","","","","","","72567935289.5565","80039818614.9265","87299407292.2172","99610026325.9982","113025308154.634","123675157840.114","135348780534.989","149132789364.222","147504597158.176","158146154729.211","176346004845.368","178385824944.978","188265410321.509","200714210203.082","226599047616.708","250919344756.967","281953944536.434","315718477163.644","327798172570.569","330241984298.39","382788414427.104","414966621180.859","436192127374.617","448607292111.358","462493850769.64","482409671479.023","505859791458.305","539094507206.237","587541125078.565","601849836899.112","580620109209.485","730724326968.531","814085453045.431","856451638819.689","924612573514.694","998284821428.084",
"Solomon Islands","SLB","GDP, PPP (current international $)","NY.GDP.MKTP.PP.CD","","","","","","","","","","","","","","","","","","","","","","","","","","","","","","","419688663.348653","459914656.94104","530135652.997436","564409651.538106","623154258.772706","700405638.922474","724710735.652438","730469342.965072","748218955.884949","755121232.26375","661975470.869846","623024346.525307","614990442.336607","668043060.830743","738717664.11407","817947160.024709","878055524.784041","934669061.82501","1011990225.48652","1047402938.46477","1163051317.61636","1275246702.09661","1331026028.17013","1424576693.35947","1466627190.2023","1505043743.132","1603745352.13068","1682671121.96014","1768481412.61848","1829115370.46737","1791033325.40608","1868488264.52908","1949659091.45299","2079242403.25081","2194730588.18497","2337820693.36789",
"Sierra Leone","SLE","GDP, PPP (current international $)","NY.GDP.MKTP.PP.CD","","","","","","","","","","","","","","","","","","","","","","","","","","","","","","","5800107037.49941","6137285329.47585","5083677184.60938","5275710858.96794","5283425681.45497","4962679784.84901","5142164702.42269","4923418040.00517","5067621957.33999","5037611630.4653","5494453626.56679","5261673093.61265","6760740245.98671","7548040799.6785","8253190495.42376","8882533936.00769","9548637953.65843","10175086579.5289","10753417038.2826","10985371002.7373","11825553290.7732","13047238199.0292","15180106235.0926","18132893193.6871","18992888503.1033","18016747683.9373","18985500633.4743","18458970768.5457","19947639782.9398","20907754880.1582","21514821783.5609","23064667132.9818","26017863486.4552","28521177154.7529","30484051984.6192","32782240324.3707",
"El Salvador","SLV","GDP, PPP (current international $)","NY.GDP.MKTP.PP.CD","","","","","","","","","","","","","","","","","","","","","","","","","","","","","","","15418497355.5708","16178078235.1839","17708660006.9227","19183181033.6746","20512085344.297","21933578771.0822","22516372034.7055","23623396375.681","24522491254.1843","25407195732.8483","26275779197.1459","27103757839.144","27957893783.7392","28956162119.9711","29999281496.9337","31769341360.9739","34169382081.0377","35743537155.0391","37217108000.5322","36656992707.7589","37901740167.7753","40156336831.7232","41014930721.7797","43540259025.7112","46245033584.1948","49059658944.8194","52431584608.9046","55705683541.0245","57245624328.4326","60709614751.3463","58560345367.2006","67623210509.8633","74573019176.5352","79926949307.0663","84032906864.9029","89761087564.7524",
"San Marino","SMR","GDP, PPP (current international $)","NY.GDP.MKTP.PP.CD","","","","","","","","","","","","","","","","","","","","","","","","","","","","","","","","","","","","","","1146203066.27657","1245617705.48198","1377559955.17067","1439466701.86544","1553985487.90953","1583039185.7232","1676814405.37958","1800232207.28567","1901704090.03514","2035432564.91023","2239203606.83608","2270913389.93316","2049094350.419","1960472690.05016","1834547471.48532","1716096717.85314","1677503706.60645","1727750657.70467","1718776386.10914","1755447161.24143","1774575166.32898","1880099419.5289","1991185553.71797","1919532819.34316","2217650270.84052","2562998892.83274","2668518038.06413","","",
"Somalia, Fed. Rep.","SOM","GDP, PPP (current international $)","NY.GDP.MKTP.PP.CD","","","","","","","","","","","","","","","","","","","","","","","","","","","","","","","3002985650.31634","3196142639.37345","2991496641.6233","3184613046.92116","2672117737.11988","2837012927.61483","3121397463.77491","3212707603.1047","3462797041.98687","3768802847.52063","4128217443.96511","4521310704.18239","4941920819.13682","5424016437.39499","5965908467.37257","6590462096.42488","7234365833.14286","7927778185.25098","8621462134.15025","9255348422.73841","9994942775.77036","10884050227.9368","12497699432.2334","12154103352.6435","15043200412.4411","18520522054.2121","21071187605.581","23819083389.0575","23974962229.0084","24820311698.3044","24215279554.9726","24047321167.4183","26457836151.7667","28582387038.1925","30496212962.7557","32288221931.2232",
"Serbia","SRB","GDP, PPP (current international $)","NY.GDP.MKTP.PP.CD","","","","","","","","","","","","","","","","","","","","","","","","","","","","","","","","","","","","38310589211.3824","41417038982.5413","45894929147.9546","48890284375.4125","44462524279.9547","48222917596.0226","51043934824.8836","56720813784.6753","60016049691.9125","65042529152.4647","69925378089.4074","77549904026.0764","86256448682.4641","96453818539.7382","95448590870.146","97122366502.097","103469763811.263","104465981037.54","109268110101.61","109089014410.084","110307011397.82","116148136667.107","121358433822.066","128962441554.604","142983336092.961","144971723055.912","159966329526.014","174228119137.802","197218350304.081","216248987968.538","222079871098.38",
"Sub-Saharan Africa (excluding high income)","SSA","GDP, PPP (current international $)","NY.GDP.MKTP.PP.CD","","","","","","","","","","","","","","","","","","","","","","","","","","","","","","","1024223537954.19","1065435115373.61","1089566752616.91","1106765785018.28","1140748911128.23","1202091106413.19","1287417495130.75","1365260569080.42","1416578976386.26","1468365712452.91","1555457227308.14","1660812107115.61","1800223873349.07","1916102973348.84","2101703999699.96","2297827498051.02","2511768285661.01","2738239453627.63","2939583543523.21","3059122644949.66","3287878502013.23","3505088513031.02","3610073342367.68","3863824079568.05","4156282429080.51","4261144953409.29","4398154908558.53","4672790663537.88","4791023102139.64","5108746114549.6","5140862783388.85","5630836129324.14","6280690143811.62","6695210562452.04","7123823990648.51","7642685410463.76",
"South Sudan","SSD","GDP, PPP (current international $)","NY.GDP.MKTP.PP.CD","","","","","","","","","","","","","","","","","","","","","","","","","","","","","","","","","","","","","","","","","","","","","","","","","25459846092.9847","26908388739.4893","28731556886.301","27963579014.1695","15245740378.7431","21404113972.9807","15423015948.6817","12827976279.3273","","","","","","","","","","",
"Sub-Saharan Africa","SSF","GDP, PPP (current international $)","NY.GDP.MKTP.PP.CD","","","","","","","","","","","","","","","","","","","","","","","","","","","","","","","1024846020876.79","1066096551872.66","1090292265992.92","1107563184669.25","1141543305047.59","1202905932753.08","1288330489018.49","1366303069577.19","1417659195905.56","1469481702045.25","1556647086404.24","1662000598584.05","1801445010815.84","1917273977137.15","2102871274109.07","2299140111792.56","2513249046893.69","2739895676357.31","2941224546102.09","3060732817175.73","3289581660182.72","3506992131184.07","3612038373848.72","3865845694242.22","4158563941103.47","4263520053069.74","4400882770650.58","4675730879919.65","4794128973755.92","5112087570605.74","5143920166789.53","5633809813106.68","6284190936265.15","6699029336090.94","7127868450263.72","7647084501193.97",
"Small states","SST","GDP, PPP (current international $)","NY.GDP.MKTP.PP.CD","","","","","","","","","","","","","","","","","","","","","","","","","","","","","","","95166737320.2553","98799846630.2932","100866643513.571","103952193523.322","109421403766.831","115974027489.101","122048294588.055","130893375284.124","136033318850.277","142479548383.208","152988852694.095","161590777592.654","171079092491.67","183489132240.242","196632886497.798","210526941646.309","233045778508.763","251591929205.417","262914665309.449","257022247063.72","266627840163.649","280695842093.115","290244333381.779","298072809103.303","309020207367.832","310029165034.412","322496949329.867","344460903022.548","363556922286.304","392121089369.87","370981190389.214","417736611034.98","484072796712.047","529988272722.141","578953143521.819","618120299934.647",
"Sao Tome and Principe","STP","GDP, PPP (current international $)","NY.GDP.MKTP.PP.CD","","","","","","","","","","","","","","","","","","","","","","","","","","","","","","","185010526.623298","193564361.906164","199361233.720042","206331693.856122","215373508.52781","224287008.229591","231819075.363315","238166165.56873","246863874.908805","256616187.653313","263605693.701718","277801323.032604","291598047.842856","322010367.882571","342368284.968559","376459531.147802","422475544.053991","449722627.789212","486939448.026706","506122665.930839","519693559.671654","541020702.680323","510473178.137151","568963141.090766","636217933.350876","635224720.801456","676154316.181896","711213101.655078","828353862.937865","993443247.544168","1118602098.8079","1272434617.36875","1365235820.32405","1421022645.54201","1477834693.78268","1534857246.05052",
"Suriname","SUR","GDP, PPP (current international $)","NY.GDP.MKTP.PP.CD","","","","","","","","","","","","","","","","","","","","","","","","","","","","","","","2678193505.62286","2843521586.67107","2919954587.70792","2788892863.01829","2945288230.79681","3007041749.9026","3092714577.89616","3325371427.87157","3440087304.55653","3439925148.17664","3591720896.31","3826844332.50122","3995130087.63027","4330668916.70988","4825129979.67816","5200358636.21814","5671305389.27323","6122697610.75954","6499240325.87734","6736401999.7957","7170692978.07893","7746725931.88615","8543540170.86024","9202587589.4457","9549802477.86613","9622189492.37402","8507962995.52901","10430160138.1193","10704591610.3525","11976970718.446","10376871438.022","11405269573.3629","12510425131.8056","13286850296.7349","13851016240.5246","14494135109.5398",
"Slovak Republic","SVK","GDP, PPP (current international $)","NY.GDP.MKTP.PP.CD","","","","","","","","","","","","","","","","","","","","","","","","","","","","","","","45776539314.0008","40427619423.5603","38569643992.3713","40308349716.1102","43723712643.8825","47248999707.4616","51044629521.2858","54570885556.0119","57497499104.1407","57875786297.0919","61269701225.1223","66522272442.5907","71468766178.7321","75701495443.4988","81475373218.9291","89028795055.9132","101581452197.333","114115427268.918","127563859479.374","124304090741.495","136843668612.662","141446569656.423","146127789163.241","151983350436.957","157726426211.136","163516700301.903","162206967889.124","164513828512.121","171626766869.264","185362871936.432","192849134106.197","208794626628.333","225577447539.178","248895327471.854","259427658332.387","266948107314.636",
"Slovenia","SVN","GDP, PPP (current international $)","NY.GDP.MKTP.PP.CD","","","","","","","","","","","","","","","","","","","","","","","","","","","","","","","26957486836.5512","25388586620.0466","24548214024.9134","25844611479.3664","27802732204.0111","27136265130.1566","28406237043.2489","30299502919.7433","31693191922.4161","33725135986.596","35585022008.0205","37377961218.0849","39899174675.888","41741872075.1396","45108071650.7675","47375967613.7248","51317755982.5325","55433853501.4161","59549872276.1045","55537410273.7783","56498748591.4798","58948688238.2166","59218840691.9658","61044782666.8722","63038801633.1833","64663229172.6161","69334151784.9407","74761997302.4595","80094210481.808","88491661031.4007","87812276776.0687","96808602042.5058","110508337429.356","119065338141.8","122475674025.953","126249648939.295",
"Sweden","SWE","GDP, PPP (current international $)","NY.GDP.MKTP.PP.CD","","","","","","","","","","","","","","","","","","","","","","","","","","","","","","","174233984269.759","178062033056.397","180009782676.858","180470162906.385","191725554106.91","203760019929.419","211755470364.613","219529361045.401","229212345359.442","243558172772.112","262934295543.704","266397091394.845","276558573688.966","284758598567.864","304023631768.54","308795315882.742","342076185301.22","373357496875.287","386362730274.316","372813134332.777","393424132362.799","418905405469.581","430340247133.141","442558406156.265","454177438152.355","477835214492.077","497904015897.38","516830811431.267","538901548531.951","584968921885.621","594248837310.755","647768167635.192","697566522841.818","721315715902.549","752795158344.899","768561078543.32",
"Eswatini","SWZ","GDP, PPP (current international $)","NY.GDP.MKTP.PP.CD","","","","","","","","","","","","","","","","","","","","","","","","","","","","","","","2793330714.84509","2938631978.88581","3102565952.50223","3274760342.27399","3424978499.07638","3665532494.7358","3876049793.66536","4065230458.64447","4217968121.89458","4403884821.92816","4582913301.29096","4752284144.41845","5023458030.03777","5355135729.69408","5698050476.78409","6228859363.62223","6853000521.03838","7342576011.24757","7591857830.54656","7748153777.4644","8142240328.47264","8463109858.28999","8721539668.10442","9301118767.86387","9505985731.71684","9589423949.44562","9752556676.96278","9942306087.53805","9977108180.87457","10911854750.6501","11127332067.0674","12054388840.8388","12961606131.4982","13916034459.7318","14693836415.4464","15738955351.2953",
"Sint Maarten (Dutch part)","SXM","GDP, PPP (current international $)","NY.GDP.MKTP.PP.CD","","","","","","","","","","","","","","","","","","","","","","","","","","","","","","","","","","","","","","","","","","","","","","","","","","1220883869.31281","1275264093.50553","1361446644.96573","1244034957.24634","1297132717.26644","1595754082.34087","1670741627.98452","1715280492.62225","1734514654.41279","1654131914.00095","1846228425.4425","1595272169.0693","1683919292.28275","2054400770.22802","2211373830.60224","2334256363.82371","2481232298.2886",
"Seychelles","SYC","GDP, PPP (current international $)","NY.GDP.MKTP.PP.CD","","","","","","","","","","","","","","","","","","","","","","","","","","","","","","","622431372.617339","661243640.971046","724824607.683628","796196703.93893","793382976.884864","813946629.722198","911715858.790005","1040526382.28419","1078183419.8794","1113910040.3412","1187592257.34096","1186753668.68124","1219812767.91491","1170665972.04139","1167879581.23942","1312972127.13529","1480770423.75411","1655883380.22322","1641779267.14167","1610948498.80996","1703983496.98573","1904526849.5446","1965962288.1898","2022705629.98449","2282561394.46641","2376133656.96414","2727776636.94028","2939950358.56908","3105218260.84621","3340635866.25777","3057830378.36233","2975737695.0276","3502316390.22326","3820035607.74249","4045880710.62887","4400364876.26173",
"Syrian Arab Republic","SYR","GDP, PPP (current international $)","NY.GDP.MKTP.PP.CD","","","","","","","","","","","","","","","","","","","","","","","","","","","","","","","","","","","","","","","","","","","","","","","","","","","","","","","","","","62769889990.2697","67658911809.4146","71281645287.6985","81638695447.7965","103072861947.37","110180384541.124","","","",
"Turks and Caicos Islands","TCA","GDP, PPP (current international $)","NY.GDP.MKTP.PP.CD","","","","","","","","","","","","","","","","","","","","","","","","","","","","","","","","","","","","","","","","","","","","","","","","840706881.664863","927787117.12483","751006112.688674","767619728.674552","819656166.207328","758533705.328941","805373139.952771","895397560.259655","1006075300.03016","1141042868.1947","1201275732.35407","1294624143.60061","1345630111.63417","866859707.740014","1133630688.91659","1385314538.61967","1633832264.68227","1768772452.35929","",
"Chad","TCD","GDP, PPP (current international $)","NY.GDP.MKTP.PP.CD","","","","","","","","","","","","","","","","","","","","","","","","","","","","","","","5782972638.65523","6488818610.47174","7167720273.5943","6184890613.73825","6957292454.20047","7190999344.48852","7484807712.71971","8044321796.49008","8700221361.748","8763087847.54806","8882755493.70016","10141648881.913","11173780453.4789","13071829615.8239","17937528351.4742","21706461719.3846","22254390810.1676","23817367025.0254","25024256278.5969","24824015201.6682","28561342717.8768","30461038960.1658","32170419375.9758","28891559089.8221","30267066736.3152","34824885498.1589","32044391367.1726","32763179281.538","35993735511.6899","39237861358.9549","37652981933.4921","43413141699.6577","48421249979.6148","52220761053.6221","56167294744.8605","60968307584.9057",
"East Asia & Pacific (IDA & IBRD countries)","TEA","GDP, PPP (current international $)","NY.GDP.MKTP.PP.CD","","","","","","","","","","","","","","","","","","","","","","","","","","","","","","","2344561030480.16","2611481108164.2","2945242154352.41","3328467738878.05","3747604160624.74","4193183023979.45","4646050981306.48","5045486001921.25","5147976782544.88","5527475690353.71","6070404508827.79","6609072267184.73","7229168143869.91","8002520482197.95","8934435036008.5","10085723534345","11474680640230.7","13162630542334","14519084249607.8","15694098233789.5","17399873986965.8","19213715566174.3","21085922460513.6","22592737656833.5","23952060101673.3","24942772060198.4","26362294024678.4","28118712866580.6","30608094571529.1","33086186288171.3","33936251238742.6","38194248069576.1","42454409574663.8","46296938423082","49790603750538","53710415267453.8",
"Europe & Central Asia (IDA & IBRD countries)","TEC","GDP, PPP (current international $)","NY.GDP.MKTP.PP.CD","","","","","","","","","","","","","","","","","","","","","","","","","","","","","","","2981747406346.58","2903239087980.31","2711978098634.74","2651823211717.16","2461328040658.86","2504037917212.47","2562834003583.64","2689345940402.85","2530496102547.15","2619887552534.6","2898960758665.81","3061318561244.82","3275780160888.96","3585366191250.12","4001015309303.05","4448592635648.77","5264982089223.5","5883050411910.48","6724403771777.25","6581047634476.2","7070924632068.99","7814908986023.8","8294116500616.7","8907411639401.01","9149284834445.57","9098798455289.09","9404979802239.05","10069246503364.3","10837880403165.4","11747144194128","11973087860224.4","13855372486900.4","15263608299238.7","16476415821263.5","17567513262894.8","18270208773447",
"Togo","TGO","GDP, PPP (current international $)","NY.GDP.MKTP.PP.CD","","","","","","","","","","","","","","","","","","","","","","","","","","","","","","","4439301232.09897","4557305505.33766","4475613684.48886","3890054699.10217","4568383650.10326","5030111257.73967","5574809250.23879","6486276956.08222","6408321086.70317","6660294271.03496","6757798862.68303","6966862856.35571","7345865960.08452","7994297556.14942","8128929929.14046","7992595213.14124","8457420139.981","8584474616.75229","9102983528.31698","9658650556.19224","10348352346.7593","11176893782.796","11682932568.5144","12497161169.3217","13473934096.2236","14404265141.0156","15189492245.2958","15997662738.6373","17071442753.291","18743922688.0212","20669188622.0662","23428363747.2408","26674277296.8326","29375626514.9048","32069634435.3069","35048367802.874",
"Thailand","THA","GDP, PPP (current international $)","NY.GDP.MKTP.PP.CD","","","","","","","","","","","","","","","","","","","","","","","","","","","","","","","243614094310.774","273406869883.915","302241591504.217","334937597128.891","369446135474.785","407821471835.001","438759554250.221","434035819910.814","405406964942.038","429942634383.876","459270578981.943","485786532528.096","523671014967.435","572401201879.446","624761920450.304","671334138601.474","726416076229.58","786648045467.268","815641200163.807","815004207919.438","886887468591.468","912789677004.354","1014923127426.43","1062759710029.05","1078896775480.04","1113921789913.93","1181322173179.74","1250522147488.09","1347310632514.94","1427827121310.44","1372405963762.15","1451544299160.13","1595798215246.12","1692060914184.4","1785194726242.2","1880026586072.36",
"Tajikistan","TJK","GDP, PPP (current international $)","NY.GDP.MKTP.PP.CD","","","","","","","","","","","","","","","","","","","","","","","","","","","","","","","13943620063.7876","13391690259.8763","9724775693.02454","8322617829.38113","6689753766.92441","5981980136.53358","5074216353.7329","5248470243.21476","5589434108.77565","5878240231.28354","6511801775.71055","7296360377.66769","8209998212.50465","9293019173.07059","10525836908.2581","11583212852.9495","12776250025.3854","14145938228.0059","15557549804.717","16263992676.8967","17531653705.7586","19217458989.9627","21470286380.6837","23981005942.072","26555018899.7668","25719495030.4775","25833179135.519","27412327692.495","28565171550.94","32973431253.3471","35623586501.7738","39727222945.4623","45957048815.3182","51613134922.7186","57337489950.462","63894915021.3661",
"Turkmenistan","TKM","GDP, PPP (current international $)","NY.GDP.MKTP.PP.CD","","","","","","","","","","","","","","","","","","","","","","","","","","","","","","","20005015503.853","19729107691.0971","17158762975.6044","17828963674.2331","15059403820.8483","14268135326.0912","15502816662.4597","13972357015.5631","15132574094.3756","17878922747.4027","19283874315.2506","20574610611.8062","20948075020.8853","22059931880.1684","23785892191.7351","27729156787.4298","31720919738.0221","36183476801.2402","42302079585.5101","45159333092.957","49913298143.4811","58441023273.0772","64099926378.1677","69625757915.0254","75798477556.9655","79032357701.4529","82167730668.8496","86403378533.5301","95629644637.5132","104707568728.178","104049441351.615","115315697251.207","131218740917.981","144672364332.287","157578118693.028","172197765411.055",
"Latin America & the Caribbean (IDA & IBRD countries)","TLA","GDP, PPP (current international $)","NY.GDP.MKTP.PP.CD","","","","","","","","","","","","","","","","","","","","","","","","","","","","","","","2673268608707.31","2868876790195.21","3023571072307.9","3163494254453.67","3383875482737.16","3501691668828.81","3693170372965.1","3960790126966.63","4109757143495.18","4166583062662.17","4419739245837.4","4547036331258.52","4622736835690.16","4804750956840.65","5235955377343.92","5650169892673.54","6222361894412.47","6750438111282.8","7181933703851.21","7130281261110.62","7659137897929.16","8266074098577.27","8543627033489.96","8926011931259.98","9211321239380.05","9176319845540.51","9428508586105.3","9921912542568.28","10442381684896","10787211947623","10448173880669","11795624759274.9","13230691247299.3","14125972356569.8","14841524754473.9","15487374917006.9",
"Timor-Leste","TLS","GDP, PPP (current international $)","NY.GDP.MKTP.PP.CD","","","","","","","","","","","","","","","","","","","","","","","","","","","","","","","521048755.353427","596384217.543138","673775394.234388","760133027.816554","831662484.304786","905830464.812833","996042886.858828","1053747832.49431","1044278772.17065","683595120.369722","1105092169.76242","1314700343.0794","1245667673.48211","1242540621.76236","1281057492.88751","1360657464.89165","1344884865.99637","1523119267.78973","1729365751.60342","1916592414.82504","2120904731.02125","2293643875.57212","2707989840.55098","2973246949.47284","3380077842.07778","3745031233.3965","4164913918.53211","4334794317.47985","4544057098.21969","5927904565.65458","8131466902.16421","9214760522.97672","7844558870.42686","6659500331.48123","6203708382.71607","6822343566.70042",
"Middle East, North Africa, Afghanistan & Pakistan (IDA & IBRD)","TMN","GDP, PPP (current international $)","NY.GDP.MKTP.PP.CD","","","","","","","","","","","","","","","","","","","","","","","","","","","","","","","1378149741563.87","1526888607925.29","1621473904066.88","1660086561861.47","1722771752225.2","1809978587765.74","1952019930737.4","2050484105843.32","2184979272235.66","2313634850551.09","2510666642073.54","2641168018582.04","2776092516759.68","2904935033126.36","3214830933376.26","3472708822418.8","3774228893683.11","4105701631139.34","4316589268179.17","4455218975306.28","4726140341135.91","4842365930558.37","5043620782950.44","5126397947122.38","5154632739676.58","5047971503946.64","5200162493510.41","5505145076476.78","5826982250289.39","5943403925859.08","6141574946336.23","6617186614741.6","7415985134415.85","7916591349210.75","8320938951818.59","8729718143342.24",
"Tonga","TON","GDP, PPP (current international $)","NY.GDP.MKTP.PP.CD","","","","","","","","","","","","","","","","","","","","","","","","","","","","","","","240850946.30573","264969053.198918","271690178.34038","288526783.537029","309281859.091504","335432982.029271","341891354.475192","345698499.857598","357598159.889665","371008601.623205","393656191.956169","408527645.94207","433251935.779752","442034571.870863","444988336.921196","455922516.980288","459804185.599076","460623493.30614","492329331.622277","469957723.064502","479590457.694277","522298522.972838","536917937.631484","548206674.777924","568856651.602537","580530288.889246","624718688.13199","656269919.913638","674847676.563163","684029300.284706","705748676.230441","731052538.408938","766381098.836859","816913222.908718","851562745.490774","899928702.820399",
"South Asia (IDA & IBRD)","TSA","GDP, PPP (current international $)","NY.GDP.MKTP.PP.CD","","","","","","","","","","","","","","","","","","","","","","","","","","","","","","","1182719811354.72","1240668189232.57","1337722533755.06","1435295490057.93","1559635570772.22","1707439382769.78","1862533427821.23","1973976197080.75","2116021471315.73","2323533533881.85","2472665945692.51","2645171856108.87","2787590932379.77","3055726612883.75","3375891647752.79","3749484149793.93","4170348809751.29","4606624550560.64","4856734759902.14","5250969029234.96","5751720016789.85","6188720573655.54","6814616974563.45","7206134317139.85","7582085988510.11","8022781567280.81","8685189590996.26","9317308720931.32","10301038806492.4","11094521548916.2","11017201959041.1","12776195414008","14666154467580.1","16245151177955.4","17771106777631.2","19566141233812.8",
"Sub-Saharan Africa (IDA & IBRD countries)","TSS","GDP, PPP (current international $)","NY.GDP.MKTP.PP.CD","","","","","","","","","","","","","","","","","","","","","","","","","","","","","","","1024846020876.79","1066096551872.66","1090292265992.93","1107563184669.25","1141543305047.59","1202905932753.08","1288330489018.49","1366303069577.19","1417659195905.56","1469481702045.25","1556647086404.25","1662000598584.05","1801445010815.84","1917273977137.15","2102871274109.08","2299140111792.56","2513249046893.69","2739895676357.32","2941224546102.09","3060732817175.74","3289581660182.73","3506992131184.07","3612038373848.73","3865845694242.23","4158563941103.47","4263520053069.74","4400882770650.58","4675730879919.65","4794128973755.92","5112087570605.74","5143920166789.53","5633809813106.68","6284190936265.16","6699029336090.94","7127868450263.72","7647084501193.97",
"Trinidad and Tobago","TTO","GDP, PPP (current international $)","NY.GDP.MKTP.PP.CD","","","","","","","","","","","","","","","","","","","","","","","","","","","","","","","8612212473.50023","9180573278.12672","10337494266.056","10511717212.763","11119141565.3285","11784787155.6028","12856714602.4523","14062292626.3444","15375674026.0636","16844585170.8643","18414986311.6735","19614552541.4239","21500303543.8474","25090943424.5395","27814044185.0652","30467245569.7022","35555034981.4516","38254469950.9576","40314012461.1914","38781259247.1721","40557013588.637","41271904854.1059","42570297060.6539","42557597663.5023","43086668078.5492","40254443002.5198","38222733192.1134","38642681284.4242","38972468991.6189","39986318837.3395","36534412038.4497","41686067308.9332","45035551556.2473","47386828719.1854","49781695168.2817","50773047838.4714",
"Tunisia","TUN","GDP, PPP (current international $)","NY.GDP.MKTP.PP.CD","","","","","","","","","","","","","","","","","","","","","","","","","","","","","","","31464019086.3478","33798146186.1407","37266668915.5458","38985429954.2208","41083421171.9961","42931216042.1597","46841251003.1236","50241559387.3744","53236655265.2984","57258903703.0823","61313898051.7602","65074550336.8665","66959827912.1367","71492709892.3067","77993230437.6347","83243203695.1587","90310265370.3493","98980554525.5966","105163019446.176","109031969302.846","113635873874.478","113606614096.659","116862242696.596","118895810770.27","123418430878.511","122945411435.233","126742366551.333","131519908969.82","139320230402.965","148376650136.515","142707604074.227","149936984870.616","165021465828.293","171442514675.941","178534905334.374","188111845827.052",
"Turkiye","TUR","GDP, PPP (current international $)","NY.GDP.MKTP.PP.CD","","","","","","","","","","","","","","","","","","","","","","","","","","","","","","","459387952039.803","479377862371.247","519737506868.368","574834356605.106","555146613522.529","607520998249.675","657964966425.62","723502109216.989","558449376517.967","547123825108.798","610019955680.874","597200774071.03","613794944279.164","642721814350.46","738109792463.549","818321750586.217","949690135315.409","1048982077648.64","1146894075526.16","1120327905776.24","1277661680078.31","1463485391067.47","1559091965238.24","1711440006671.06","1867225631776.81","2025622645617.01","2119160173385.16","2277149346739.11","2331530015986.67","2396162651371.03","2435610709000.62","2701595710002.02","3392326818246.31","3685769235019.18","3858852700979.86","3889308838891.98",
"Tuvalu","TUV","GDP, PPP (current international $)","NY.GDP.MKTP.PP.CD","","","","","","","","","","","","","","","","","","","","","","","","","","","","","","","14775421.7134176","15826404.837567","16638488.6383288","17733066.3350728","19974197.1018095","19372436.1998078","18551094.3865097","20758721.4589504","24246029.7319102","24204592.5375703","24523913.9776945","25250554.1493408","27775757.6728893","27091815.9058697","27295051.7267626","27096161.178195","28295165.5250166","31068606.408107","33750657.1549551","32050365.1620351","31639167.8581141","34720306.2780369","34357923.1840086","36272230.0568263","37519226.0131487","41418992.164837","43809787.3688045","46051690.3267363","47759904.8088379","55076197.0723351","54125407.4015367","56595135.0334033","53990102.2410855","57952337.5994854","61404180.4280842","64159080.1951932",
"Tanzania","TZA","GDP, PPP (current international $)","NY.GDP.MKTP.PP.CD","","","","","","","","","","","","","","","","","","","","","","","","","","","","","","","23491355568.4815","24788987573.7933","25502040902.4233","26421314766.147","27408503035.5492","28982148610.3136","30853910833.4912","32492413241.1906","34076111626.265","36239191741.5232","38735486574.4038","42012196527.0232","45691379980.6552","49702556051.0153","54868980890.7269","60820175034.3264","66791196428.4091","73244007993.2579","78900413699.5023","83570043784.323","89945449517.178","98844247428.6534","95839768784.7191","103152549535.165","108559934988.865","116992999511.588","127160946763.025","133500817705.841","151987436389.558","171137212069.963","194561908147.279","212790081675.953","238331841188.784","259679988732.801","280833174205.384","305597202859.277",
"Uganda","UGA","GDP, PPP (current international $)","NY.GDP.MKTP.PP.CD","","","","","","","","","","","","","","","","","","","","","","","","","","","","","","","11699400049.0962","12766822405.0984","13504120522.5534","14975256378.4336","16274444403.0892","18530332831.771","20581449478.7907","22004120914.1416","23342908773.6551","25579863869.7616","26981198606.2863","29018837888.4594","32043293153.0215","34791125984.0929","38158688983.0809","41847327034.2943","47790135007.5766","53214123601.8293","58962980521.8739","63361765399.8984","67747293891.3833","75638854428.333","69771843672.1953","72260074930.0597","77668413711.6786","82192547854.5883","84011710476.5525","86701094761.929","96102592476.7351","104978215231.617","112575267254.241","123267190675.87","138092348395.874","150844716104.454","163950515169.825","179214990762.33",
"Ukraine","UKR","GDP, PPP (current international $)","NY.GDP.MKTP.PP.CD","","","","","","","","","","","","","","","","","","","","","","","","","","","","","","","395118912172.648","372943233594.697","343679302110.404","301866380213.132","237708418153.851","213083947549.153","195286511639.596","192694502133.206","191157786924.151","193475131462.017","209531326332.275","233103262449.234","249365990559.317","278488976784.518","319709877737.895","339861133730.703","376867755297.721","418879809625.929","436529004061.998","372738819860.39","392706515335.047","422633627957.62","441412985744.166","502958216930.577","458591716288.241","431227247239.316","469908642632.233","496521669473.448","537198415902.321","604396090412.295","656105592902.923","746470597165.436","569620243726.391","623390939737.444","659616920504.447","690445995589.257",
"Upper middle income","UMC","GDP, PPP (current international $)","NY.GDP.MKTP.PP.CD","","","","","","","","","","","","","","","","","","","","","","","","","","","","","","","7016788016669.71","7526992726077.66","7999668840010.58","8522749649987.79","9085212002241.03","9699972945199.51","10471835303664.5","11260414402271.1","11432678535642.1","11966263612742.9","12991061693276.4","13754720872417.2","14641647353406.2","15769519982357.3","17470534739682","19306245751444.5","21617697011310.3","24218350869580","26271310618340.3","27357555168226.5","29988710552740.9","32695732451536.5","34961710252114.8","37082203620431.5","38794479757591.9","39547314786965.9","41433378930722.4","43990050413605.5","47175982432599.1","50137395248975.2","50753736069180.7","57167014516834.2","63747287947657.1","69134776857130.4","73783754731357.6","78584474224950.5",
"Uruguay","URY","GDP, PPP (current international $)","NY.GDP.MKTP.PP.CD","","","","","","","","","","","","","","","","","","","","","","","","","","","","","","","20746904717.5383","22207548148.1822","24515177141.2827","25763211326.0941","28229269051.6698","28403934230.4249","30537308736.4525","33719153242.73","35638967382.7969","35593573789.3811","35697346086.2501","35097988387.4375","32887458275.0707","33806826336.3078","36453161893.5606","40400855508.178","43353676275.622","47441059038.1007","51825143208.1842","54357551864.4445","59311443730.2976","63660006329.3378","65025051255.2609","69119276780.88","73395678328.8813","74664260125.477","77184684714.7372","79989646183.7077","82780785900.3077","87589121805.7326","87439321699.4465","99971098860.1584","112013968517.048","117043563303.118","123938232024.731","129683935279.061",
"United States","USA","GDP, PPP (current international $)","NY.GDP.MKTP.PP.CD","","","","","","","","","","","","","","","","","","","","","","","","","","","","","","","5963144000000","6158129000000","6520327000000","6858559000000","7287236000000","7639749000000","8073122000000","8577552000000","9062817000000","9631172000000","10250952000000","10581929000000","10929108000000","11456450000000","12217196000000","13039197000000","13815583000000","14474228000000","14769862000000","14478067000000","15048971000000","15599732000000","16253970000000","16880683000000","17608138000000","18295019000000","18804913000000","19612102000000","20656516000000","21539982000000","21375281000000","23725645000000.1","26054614000000","27811516999999.9","29298012999999.9","30769700000000",
"Uzbekistan","UZB","GDP, PPP (current international $)","NY.GDP.MKTP.PP.CD","","","","","","","","","","","","","","","","","","","","","","","","","","","","","","","60739449953.7394","62484599310.6933","56750776706.0912","56759747505.3258","54957153343.338","55604448741.7968","57585016681.7605","61624098422.6846","64996287307.1807","68750438636.8507","73004073244.9018","77756116361.9459","82102085041.2309","87266722836.4547","96288704279.0112","106209691594.428","117643212468.788","132276748125.203","146998933838.039","159813375751.204","174044408485.015","192073206722.254","201346879241.937","215341631593.72","225609350821.985","236658021194.355","245952588231.272","257946074012.806","274913547268.712","293694638660.029","299601189809.681","332355634582.91","377659987555.004","416369950100.772","455193470296.924","503974484468.086",
"St. Vincent and the Grenadines","VCT","GDP, PPP (current international $)","NY.GDP.MKTP.PP.CD","","","","","","","","","","","","","","","","","","","","","","","","","","","","","","","442817649.980534","462991490.121714","503744644.465876","537605411.098451","542233848.663062","596599196.792662","615345866.043673","647897929.025264","681977546.970225","710373471.583841","738371807.309795","768196754.038975","821810266.351594","894111156.342603","955933884.481508","1010441611.99149","1114482104.27536","1182713539.37706","1210378944.83849","1201060076.11466","1161310869.69836","1178083969.14554","1194845820.23694","1257054507.97384","1304999923.39241","1324041018.12569","1435017818.66449","1434420868.9806","1541347208.55904","1597875532.77976","1587736725.00597","1666116701.3437","1840135826.83145","2009863802.9299","2143419933.90909","2278207298.88209",
"Venezuela, RB","VEN","GDP, PPP (current international $)","NY.GDP.MKTP.PP.CD","","","","","","","","","","","","","","","","","","","","","","","","","","","","","","","231480794410.491","262236850155.776","284334929683.959","291824783382.314","291159928504.897","308998775922.171","313859218984.07","339529905467.217","344984647265.672","329090597001.716","348443201877.631","368455030330.997","341528231830.785","321273316270.079","389980764407.558","443191757908.475","502053728655.776","561065651671.385","601703810130.317","586786849263.388","584490721967.478","621138359437.125","","","","","","","","","","","","","","",
"British Virgin Islands","VGB","GDP, PPP (current international $)","NY.GDP.MKTP.PP.CD","","","","","","","","","","","","","","","","","","","","","","","","","","","","","","","","","","","","","","","","","","","","","","","","","","","","","","","","","","","","","","","","","","",
"Virgin Islands (U.S.)","VIR","GDP, PPP (current international $)","NY.GDP.MKTP.PP.CD","","","","","","","","","","","","","","","","","","","","","","","","","","","","","","","","","","","","","","","","","","","3484597259.94909","3539319861.06567","3753920923.10755","4006561447.52348","4274877588.25727","4566788025.93734","4711501045.14403","4427930707.8472","4508471121.87218","4223968621.3564","3665299424.50375","3493388057.16985","3491158655.11319","3508580171.25006","3598624005.65991","3636133957.02659","3931910843.73655","4269082992.65995","4437509717.07484","4964620106.61981","5248001091.63665","","","",
"Viet Nam","VNM","GDP, PPP (current international $)","NY.GDP.MKTP.PP.CD","","","","","","","","","","","","","","","","","","","","","","","","","","","","","","","79239968622.4894","86802821203.6036","96456972512.6475","106714598037.208","118627051671.123","132669176360.452","147716216877.734","162513113626.987","173812822368.328","184686962635.874","201689720064.707","219002822092.101","236464006591.435","257768437988.085","284648940282.327","315730733875.172","348178319135.393","383107288425.826","412597227882.406","437550990423.788","471315016634.79","511888589641.725","570789428423.56","612129658830.052","668974831523.37","712101202507.931","787204623262.451","872747364096.311","963332818078.272","1071756124195.5","1138632490789.12","1192059299524.62","1385855161107.38","1508684816246.35","1654976987627.63","1837764100907.65",
"Vanuatu","VUT","GDP, PPP (current international $)","NY.GDP.MKTP.PP.CD","","","","","","","","","","","","","","","","","","","","","","","","","","","","","","","281451334.974696","300128155.654878","314904022.690767","324739121.933997","361793712.716133","373087765.989142","388760093.633761","414868739.730474","424468579.328955","431927189.982626","467881728.073121","462162362.476454","444946325.957369","473188471.090141","505288180.543761","548778976.620348","613564795.014025","648311375.071196","697813944.580288","723443379.076767","741453160.010724","780510613.598815","803075342.204962","820527431.271733","860740061.309852","899142378.379677","940543664.630936","997820484.522614","1046352892.10493","1098475080.59517","1049509924.81675","1084632464.41552","1226743052.92035","1346297218.90019","1431672587.31693","1516718978.21593",
"World","WLD","GDP, PPP (current international $)","NY.GDP.MKTP.PP.CD","","","","","","","","","","","","","","","","","","","","","","","","","","","","","","","29736522360908.5","31253436895022.2","32670769206846.2","34065656229053.7","35906704917903.5","37915277189351","40172939747148.2","42511728865101.9","43912485989284.4","46099558711572.1","49560066314827.8","51977592829953.8","54503070945576.7","57564016262287.3","62244482520938.8","67081474483614.2","73484760318141.8","79586164935545.4","84300734749424.1","85035701769362.2","90634162558039","96622914265751.5","101742702706560","106889934642451","111150484962740","113715271458909","118461866191190","125087012845143","133096998124336","141017482210543","140664155453357","157329556653633","175795348354125","188524797806804","199814055759344","211167158659272",
"Samoa","WSM","GDP, PPP (current international $)","NY.GDP.MKTP.PP.CD","","","","","","","","","","","","","","","","","","","","","","","","","","","","","","","363150143.196732","366796231.842092","374404722.012364","398993748.200725","397153665.044381","432541077.8249","472080364.474132","483311007.61367","499470138.736721","517608189.727373","556292193.024257","610854565.050716","655408983.658184","703187363.512482","744389691.6477","818700829.620714","861942275.807211","889596896.898134","938981357.981845","939655191.2184","1009325356.9453","1069800076.01937","1049051691.85121","1068050014.26766","1093822436.742","1146480554.15578","1249779114.71283","1290050365.16855","1311559075.99547","1392558354.37868","1367412758.70443","1357695009.1928","1487229978.19387","1777202591.72713","1907802601.32481","2043703350.39507",
"Kosovo","XKX","GDP, PPP (current international $)","NY.GDP.MKTP.PP.CD","","","","","","","","","","","","","","","","","","","","","","","","","","","","","","","","","","","","","","","","","","","","","","","","","11440224750.4859","12090337128.568","12841784491.5597","13935044684.2312","14271898531.9291","14709963376.1855","14865721232.2557","15584664246.4355","16277272490.6041","16801441908.4263","18004535069.9507","19429240274.5588","18854775198.3459","22080260569.6251","24662615549.0488","26615488248.3255","28523549295.6061","30375877837.3787",
"Yemen, Rep.","YEM","GDP, PPP (current international $)","NY.GDP.MKTP.PP.CD","","","","","","","","","","","","","","","","","","","","","","","","","","","","","","","24199512231.6896","26592393703.3548","29430730638.7369","31334060376.3929","34154337156.8023","36847382344.2627","39261102259.424","42027348362.7454","45052505220.1296","47415083858.8937","51486685018.4079","54648473133.2238","57681670752.9639","61024726378.7522","65155254118.7353","70955719741.7441","75462838656.6758","80094848118.941","84615847671.054","88429362410.1479","96396994276.8158","85876120603.9721","85440860541.2679","92755605480.1343","","","","","","","","","","","","",
"South Africa","ZAF","GDP, PPP (current international $)","NY.GDP.MKTP.PP.CD","","","","","","","","","","","","","","","","","","","","","","","","","","","","","","","260029373189.486","266085798525.594","266333582001.545","276009806239.405","290924064496.134","306231574761.603","325246985896.657","339457949141.101","344989365315.13","358268214615.474","381771803863.144","400908060377.539","422203786096.219","443236349878.663","475885687320.194","516707000239.616","562489593737.463","608697898051.029","640223797124.422","634264625680.737","661487016236.103","696526225201.767","698463315669.415","731024717341.774","742688200700.391","759954918901.854","774110394019.95","791817133500.013","782329029153.218","796182639290.773","767391152773.916","841475835218.983","919876345621.706","961603281287.569","990744568514.299","1029850100740.7",
"Zambia","ZMB","GDP, PPP (current international $)","NY.GDP.MKTP.PP.CD","","","","","","","","","","","","","","","","","","","","","","","","","","","","","","","11847622937.5309","12243861470.5947","12306119913.0547","13454122934.5498","12556139092.4432","13190866044.9116","14267657280.2359","15067249043.7628","15177810136.9138","16108375733.4777","17115278098.2392","18431148188.1081","19560983498.3451","21332505255.2259","23446682384.1665","25931543608.0661","28843984822.6613","32099889160.3641","35261852122.5252","38750659226.566","43260717840.7244","46612238752.7655","49567431316.5811","53546651818.13","54700785564.6956","54731517891.6164","56043424009.9189","59154463773.684","61869932575.7693","62232372185.4722","60176229608.2428","68672119764.9363","77389616148.5741","84561143368.7951","89970727065.7637","95966580563.3056",
"Zimbabwe","ZWE","GDP, PPP (current international $)","NY.GDP.MKTP.PP.CD","","","","","","","","","","","","","","","","","","","","","","","","","","","","","","","27946183117.9226","30489474811.8526","28372845884.1681","29350748908.7892","32745933391.4559","33485348620.6915","37631231159.9203","39306279637.2996","40894877369.1846","41134369562.6596","40779290436.7656","42297756523.5846","39134632714.201","33125003121.8237","32040284525.8598","31157657800.6754","31006758091.6251","30683367389.1433","25748647506.4896","29345912466.8356","35546647130.4665","41429567883.8319","47982415288.214","53027497449.6726","55457402600.7471","58256947220.4219","62422817499.5463","159329654489.141","60030923851.1648","63619334445.2571","64879251749.7551","76254864070.4384","86692951272.7606","94711248585.8574","98689576199.0155","109678697422.277",
