Date,BBD,PBR,IBN,AMX,CX,MXX,CIB
1/2/03,0.423191547,0.841690302,0.887639284,1.637050748,6.870152473,6225.399902,0.98459518
1/3/03,0.438534439,0.841690302,0.858604312,1.630427003,6.888687134,6253.339844,0.996553779
1/6/03,0.46447885,0.911366105,0.89455229,1.676790357,6.925756454,6333.459961,1.00053966
1/7/03,0.470615834,0.912481129,0.868282318,1.680101871,6.876330376,6279.279785,0.996553779
1/8/03,0.463362902,0.895201683,0.843395412,1.666855097,6.935023308,6266.47998,0.996553779
1/9/03,0.464199483,0.935892642,0.861369133,1.643673778,6.993717194,6329.959961,0.996553779
1/10/03,0.479542941,0.97825557,0.898699641,1.626011848,7.040052414,6353.029785,1.072291851
1/13/03,0.473684728,0.979370475,0.912526011,1.646985292,7.092567444,6364.640137,1.136070848
1/14/03,0.480100662,0.999994814,0.901465535,1.724256277,7.077122688,6407,1.136070848
1/15/03,0.464757353,0.971566677,0.926352382,1.717633843,6.944291115,6398.899902,1.136070848
1/16/03,0.468942761,0.977140725,0.941561103,1.687828302,6.823816299,6331.990234,1.136070848
1/17/03,0.457783908,0.898545921,0.941561103,1.650297523,6.697162628,6204.459961,1.096208811
1/21/03,0.434071392,0.873462558,0.983039498,1.6193887,6.178194046,6092.129883,0.996553779
1/22/03,0.395016223,0.824967623,0.962300837,1.563090444,6.190551758,6024.089844,0.996553779
1/23/03,0.39975822,0.824967623,0.949856877,1.566401958,6.16274929,6054.439941,0.996553779
1/24/03,0.387205094,0.77312851,0.933265686,1.534389853,6.042274952,6012.560059,1.008512139
1/27/03,0.379393727,0.764767468,0.926352382,1.53218174,5.915622234,5923.330078,1.016484976
1/28/03,0.377999336,0.763652503,0.940178752,1.538805127,5.958868504,5919.700195,1.00053966
1/29/03,0.387205094,0.80601573,0.96368295,1.556467295,5.822947979,5937.970215,1.012498498
1/30/03,0.386832714,0.805458426,0.949856877,1.557571769,5.748809338,5870.509766,1.008512139
1/31/03,0.394932479,0.826639771,0.966448069,1.555363059,5.80750227,5954.350098,1.004525661
2/3/03,0.402194172,0.836673141,0.952621758,1.578545094,5.810591698,6031.810059,1.004525661
2/4/03,0.396887332,0.809917271,0.936030328,1.558675289,5.646870136,5968.459961,1.036416173
2/5/03,0.391022295,0.799326897,0.940178752,1.54653275,5.702474117,5968.459961,0.996553779
2/6/03,0.392418683,0.77312851,0.940178752,1.544324994,5.68393898,5894.27002,0.996553779
2/7/03,0.382084072,0.769226611,0.924970031,1.515623689,5.483148575,5866.029785,1.012498498
2/10/03,0.382643074,0.791523337,0.924970031,1.517831326,5.45225668,5837.890137,1.032430053
2/11/03,0.382922083,0.797097385,0.948474288,1.467053294,5.375029087,5779.450195,1.020470858
2/12/03,0.384319127,0.798211753,0.940178752,1.379846692,5.307069778,5763.870117,1.020470858
2/13/03,0.384319127,0.768111765,0.955387473,1.417378902,5.270000458,5791.390137,0.996553779
2/14/03,0.380408496,0.769226611,0.965065658,1.419586301,5.43681097,5774.390137,0.996553779
2/18/03,0.402194172,0.795982361,0.971978664,1.468158126,5.606712341,5880.009766,1.008512139
2/19/03,0.384039342,0.782046854,0.97750932,1.49133873,5.544929981,5857.350098,0.996553779
2/20/03,0.381246239,0.769783854,0.981657028,1.488026857,5.507860661,5880.899902,1.004525661
2/21/03,0.382364094,0.776472867,0.985805035,1.510104537,5.535663128,5956.970215,1.024457216
2/24/03,0.387391001,0.761980355,0.985805035,1.493545771,5.421367168,5913.680176,1.004525661
2/25/03,0.385104358,0.734109759,0.954004169,1.474780798,5.381207466,5869.209961,1.00053966
2/26/03,0.385668606,0.721289217,0.956769884,1.465948939,5.375029087,5869.790039,0.996553779
2/27/03,0.391880035,0.725191295,0.96368295,1.482507348,5.507860661,5900.02002,1.00053966
2/28/03,0.403738022,0.745257795,0.983039498,1.523351669,5.544929981,5927.060059,1.012498498
3/3/03,0.416952819,0.751946807,0.985805035,1.517831326,5.510949612,5926.649902,1.040402174
3/4/03,0.413278639,0.736896813,0.98442179,1.501273394,5.433722019,5911.240234,1.044388175
3/5/03,0.407059759,0.724633813,0.951239347,1.469260693,5.362673759,5914.410156,1.044388175
3/6/03,0.438153982,0.747487903,0.920821667,1.50348115,5.303979397,5913.919922,1.072291851
3/7/03,0.432783067,0.769783854,0.91529119,1.536597252,5.236019611,5907.930176,1.076277852
3/10/03,0.419780433,0.752504289,0.89455229,1.516728044,5.192772388,5859.77002,1.084250093
3/11/03,0.420063108,0.788178682,0.89731741,1.517831326,5.143347263,5821.100098,1.076277852
3/12/03,0.435044736,0.822180629,0.898699641,1.510104537,5.081564903,5809.970215,1.084250093
3/13/03,0.4556804,0.83723098,0.922204137,1.518935204,5.239109039,5931.959961,1.148029685
3/14/03,0.457376659,0.835558534,0.922204137,1.535493135,5.313247681,5993.009766,1.171946764
3/17/03,0.455115199,0.827754796,0.904230416,1.553155541,5.467702389,6009.919922,1.156002164
3/18/03,0.462182313,0.853395939,0.877960265,1.538805127,5.483148575,6042.759766,1.136070848
3/19/03,0.457941502,0.858412445,0.895934939,1.545428395,5.560375214,6017.430176,1.144043922
3/20/03,0.462182313,0.86956048,0.930499792,1.527767062,5.591266155,6048.410156,1.136070848
3/21/03,0.487623781,0.881823659,0.931883276,1.549844146,5.606712341,6048.410156,1.183905602
3/24/03,0.47942555,0.861199498,0.88487345,1.492467165,5.473880768,5924.339844,1.1918782
3/25/03,0.48903662,0.879710555,0.887639284,1.510155678,5.55110836,5937.990234,1.156002164
3/26/03,0.500343502,0.857359409,0.871047914,1.521210551,5.523305893,5952.379883,1.156002164
3/27/03,0.492146134,0.858505726,0.865517497,1.520105481,5.520217896,5951.339844,1.120126486
3/28/03,0.49634397,0.875698924,0.893169284,1.488044739,5.529483795,5947.47998,1.120126486
3/31/03,0.486722022,0.868248582,0.871047914,1.478094578,5.387385368,5914.029785,1.096208811
4/1/03,0.492664456,0.911230624,0.850308359,1.504627228,5.49859333,5895.759766,1.124112248
4/2/03,0.509360373,0.931862772,0.869664788,1.525632739,5.557287216,6008.509766,1.152016163
4/3/03,0.505115628,0.947336495,0.87934351,1.55548203,5.560375214,6034.740234,1.207822919
4/4/03,0.529451728,0.959944487,0.923586667,1.596387386,5.656137943,6158.970215,1.175933719
4/7/03,0.556052089,0.945617139,0.912526011,1.625130892,5.86928463,6257.129883,1.183905602
4/8/03,0.536527097,0.895184457,0.875195384,1.6417135,5.761167049,6259.459961,1.1918782
4/9/03,0.529169381,0.896330774,0.861369133,1.630657911,5.721008778,6212.140137,1.209679723
4/10/03,0.499739856,0.884295583,0.840630352,1.616286635,5.708652973,6154.02002,1.213725924
4/11/03,0.503700674,0.900915325,0.81297791,1.636186361,5.693206787,6175.220215,1.274411917
4/14/03,0.509360373,0.910658062,0.79638648,1.652768493,5.792057991,6232.740234,1.306777477
4/15/03,0.546430469,0.939886153,0.822656035,1.675985217,6.042274952,6333.589844,1.314868689
4/16/03,0.537658334,0.946190298,0.832334161,1.668246269,6.178194046,6306.600098,1.335097194
4/17/03,0.558598876,0.977137685,0.829569101,1.659402609,6.341917038,6306.600098,1.375555038
4/21/03,0.552656472,0.975991428,0.828186572,1.709151268,6.258511543,6326.649902,1.484790444
4/22/03,0.564540923,0.979430199,0.829569101,1.737894893,6.218353748,6373.910156,1.500973701
4/23/03,0.578124583,1.004646778,0.821273625,1.757794619,6.332650185,6385.109863,1.545477033
4/24/03,0.56171155,0.994330764,0.826804399,1.824126601,6.493283272,6379.439941,1.533339024
4/25/03,0.5588817,0.988599539,0.808829546,1.835181355,6.610668659,6333,1.420057893
4/28/03,0.587462902,1.00407362,0.792238533,1.859502912,6.774390221,6428.200195,1.375555038
4/29/03,0.595952153,1.027570963,0.792238533,1.867242813,6.984449387,6499.689941,1.343188763
4/30/03,0.583655059,1.063102841,0.728638411,1.853975654,7.058587551,6509.879883,1.456470251
5/1/03,0.592155278,1.052213788,0.749377668,1.85065937,6.962825775,6509.879883,1.496927738
5/2/03,0.582239032,1.067114592,0.786707759,1.93357408,6.845439434,6590.919922,1.545477033
5/5/03,0.57855624,1.063102841,0.79638648,1.962316871,6.975181103,6608.180176,1.59402597
5/6/03,0.559005737,1.063102841,0.799151659,1.928047061,7.027697086,6614.680176,1.573797464
5/7/03,0.583655059,1.090039015,0.795004189,1.955684185,6.9884758,6575.290039,1.598071337
5/8/03,0.577422678,1.073992014,0.81159544,1.895985603,6.72916317,6408.620117,1.577842832
5/9/03,0.58450526,1.119266748,0.828186572,1.962316871,6.839370728,6488.490234,1.654711723
5/12/03,0.594704926,1.141617775,0.839247346,1.956789851,6.855578423,6496.430176,1.650665998
5/13/03,0.584222257,1.151933908,0.815742791,1.962316871,6.920406818,6491.890137,1.630436182
5/14/03,0.592155278,1.1547997,0.804682255,1.995483398,6.910682678,6549.790039,1.691123962
5/15/03,0.556739867,1.13130188,0.826804399,1.987744689,6.878267288,6633.509766,1.727536082
5/16/03,0.556172907,1.131875038,0.89731741,1.954579234,6.92688942,6556.910156,1.848907948
5/19/03,0.538323224,1.085454345,0.871047914,1.908146262,6.75833559,6469.180176,1.812495589
5/20/03,0.528123498,1.088319302,0.864134908,1.907040834,6.777784348,6388.490234,1.723489881
5/21/03,0.549656332,1.095770001,0.886256814,1.918096542,6.858819008,6410.819824,1.776084781
5/22/03,0.545405567,1.116974235,0.857221663,1.943523169,6.97551012,6510.890137,1.808450818
5/23/03,0.552489877,1.114109039,0.876577973,1.98553431,7.150546551,6586.919922,1.844861865
5/27/03,0.552489877,1.086599708,0.887639284,1.982217431,7.179719925,6650.310059,1.962189198
5/28/03,0.558722615,1.107804775,0.898699641,1.977795005,7.345031261,6667.350098,1.946006179
5/29/03,0.573164046,1.107804775,0.905613124,1.998800278,7.037096977,6647.709961,1.990509391
5/30/03,0.573164046,1.097489119,0.931883276,2.018699646,7.189444065,6699.180176,2.039057255
6/2/03,0.572877705,1.106085539,0.947092056,2.070660353,7.195926189,6722.240234,1.970280409
6/3/03,0.580897868,1.102646828,0.948474288,2.070660353,7.114891529,6738.970215,1.93791461
6/4/03,0.588918209,1.14849484,0.981657028,2.036388159,7.121373653,6889.759766,1.95814383
6/5/03,0.588918209,1.167406917,0.966448069,1.978900909,7.23482275,6873.390137,1.962189198
6/6/03,0.590636551,1.181162,0.976126015,1.945734382,7.276960373,6870.600098,1.986463904
6/9/03,0.590636551,1.167980313,0.973361373,1.951262116,7.251030922,6801.589844,2.002646446
6/10/03,0.587199688,1.146202683,0.96368295,1.957895756,7.345031261,6924.990234,2.006691694
6/11/03,0.584907949,1.169699788,0.954004169,1.967845082,7.276960373,6979.680176,2.002646446
6/12/03,0.58433491,1.174857616,0.981657028,1.983323455,7.260754108,7060.5,2.022875547
6/13/03,0.580038428,1.197781444,0.967830479,1.997694612,7.147304535,6984.629883,2.002646446
6/16/03,0.575741708,1.191477895,0.978892028,2.034177542,7.140821457,7019.490234,2.002646446
6/17/03,0.568867624,1.189758658,0.970596135,2.048548222,7.244547367,7130.22998,1.998601556
6/18/03,0.558269143,1.162822366,0.967830479,2.040810823,7.147304535,7125.410156,1.982418299
6/19/03,0.55511874,1.150787592,0.97750932,2.023121834,7.280202866,7084.009766,2.002646446
6/20/03,0.553972542,1.100927472,0.973361373,2.029755592,7.267237186,7080.689941,2.002646446
6/23/03,0.556836545,1.086027026,0.960917473,2.005283833,7.163511276,7015.080078,2.026921272
6/24/03,0.554259121,1.102073789,0.967830479,2.042930841,7.111648083,7114.399902,1.986463904
6/25/03,0.552826583,1.108951092,0.962300837,2.047360659,7.140821457,7078.359863,1.990509391
6/26/03,0.529052198,1.086027026,0.967830479,2.068398237,7.208891869,7118.470215,2.001538038
6/27/03,0.531057119,1.097489119,0.98442179,2.081686974,7.247788906,7083.450195,2.038301229
6/30/03,0.535067618,1.132448077,1.005161166,2.07614994,7.225098133,7054.990234,2.017877102
7/1/03,0.551394939,1.135313869,0.999630511,2.121547699,7.302893162,7123.540039,2.034216166
7/2/03,0.567435205,1.141044736,1.009309649,2.13262105,7.280202866,7164.02002,2.042386293
7/3/03,0.559415221,1.151933908,1.071527004,2.128191471,7.306134224,7127.419922,2.062809467
7/7/03,0.541082978,1.171992421,1.052170157,2.142586708,7.332064629,7215.029785,2.042386293
7/8/03,0.55511874,1.184600353,1.063231349,2.13926506,7.435790062,7234.939941,2.107741356
7/9/03,0.552826583,1.196062565,1.071527004,2.131513357,7.468204498,7171.890137,2.115912676
7/10/03,0.546811998,1.169699788,1.048022628,2.125977993,7.432549,7096.040039,2.124081373
7/11/03,0.544233799,1.166261196,1.046640158,2.125977993,7.393651962,7083.819824,2.107741356
7/14/03,0.561419368,1.192050815,1.195962071,2.185770273,7.503859997,7167.540039,2.107741356
7/15/03,0.564284503,1.220706344,1.14480567,2.183555841,7.432549,7120.310059,2.13225174
7/16/03,0.559987664,1.210389853,1.137892723,2.215667009,7.422823429,7023.939941,2.103657007
7/17/03,0.559987664,1.201220155,1.126831055,2.175804615,7.468204498,6999.069824,2.09957242
7/18/03,0.568581522,1.210963249,1.147570968,2.206809282,7.604342461,7030.759766,2.140419722
7/21/03,0.554831743,1.210389853,1.088118434,2.197950602,7.56544733,7024.72998,2.140419722
7/22/03,0.562852919,1.222998023,1.106091738,2.37400794,7.633515835,7164.290039,2.13225174
7/23/03,0.574309886,1.214974999,1.097796082,2.422728539,7.562204838,7280.649902,2.115912676
7/24/03,0.586053729,1.197781444,1.101944566,2.424942732,7.665930271,7309.410156,2.124081373
7/25/03,0.587199688,1.183454275,1.099179626,2.500237465,7.662689686,7349.959961,2.13225174
7/28/03,0.594359934,1.186892629,1.13374424,2.51795435,7.578412056,7314.220215,2.095487356
7/29/03,0.58519417,1.193197131,1.13374424,2.424942732,7.536274433,7233.200195,2.079148769
7/30/03,0.567487419,1.175430775,1.158631444,2.431586742,7.578412056,7260.200195,2.050555468
7/31/03,0.577810585,1.162822366,1.154483795,2.47366333,7.649723053,7355.069824,2.026046276
8/1/03,0.558024347,1.098635435,1.201088905,2.440444469,7.60758543,7320.410156,1.891249061
8/4/03,0.524760902,1.074565053,1.120537162,2.364042997,7.471445084,7344.430176,1.977030158
8/5/03,0.5307827,1.118120909,1.113345027,2.300927401,7.503859997,7273.450195,1.952520967
8/6/03,0.523900151,1.092331171,1.107590914,2.33636117,7.536274433,7230.069824,1.952520967
8/7/03,0.5557307,1.151933908,1.121975422,2.410547972,7.523306847,7304.669922,1.940265775
8/8/03,0.575516701,1.184600353,1.121975422,2.447088957,7.507100105,7316.689941,1.907588363
8/11/03,0.562326014,1.182307959,1.121975422,2.443766832,7.533032417,7356.620117,1.838146925
8/12/03,0.5557307,1.177723289,1.150743484,2.441552401,7.558963299,7358.370117,1.878995538
8/13/03,0.557163954,1.18058908,1.165127754,2.496915817,7.597860336,7368.919922,1.940265775
8/14/03,0.565766811,1.222998023,1.150743484,2.550065517,7.639998436,7421.740234,1.956605673
8/15/03,0.573221803,1.193197131,1.165127754,2.532349348,7.688619614,7418.430176,1.960689902
8/18/03,0.571502149,1.206377864,1.152182817,2.543421745,7.831240654,7500.009766,1.952520967
8/19/03,0.573509395,1.19033134,1.144990444,2.555602312,8.100279808,7487.569824,1.96477592
8/20/03,0.580678105,1.185173631,1.173758388,2.504667044,8.074346542,7460.149902,1.985199094
8/21/03,0.599890649,1.186319947,1.273010254,2.521276236,8.119728088,7498.310059,1.993367791
8/22/03,0.608779728,1.200074077,1.288833261,2.522383928,8.145657539,7493.72998,1.960689902
8/25/03,0.596162617,1.182881117,1.258625746,2.49027276,8.074346542,7435.330078,1.960689902
8/26/03,0.614514649,1.192050815,1.337739587,2.474771023,7.964138508,7437.720215,1.977030158
8/27/03,0.636595547,1.231021523,1.424045444,2.498023033,8.003036499,7502.080078,1.899418831
8/28/03,0.630164623,1.255092025,1.408222675,2.522383928,7.973863125,7563.490234,1.936181188
8/29/03,0.616384149,1.266553879,1.393838286,2.546743155,8.103521347,7591.419922,1.972943783
9/2/03,0.627867043,1.257957458,1.372261643,2.597678661,8.152141571,7671.740234,1.940265775
9/3/03,0.631312609,1.302659869,1.355000615,2.598786116,8.29800415,7719.120117,1.928011775
9/4/03,0.64164871,1.360542774,1.330547571,2.622039557,8.346626282,7719.47998,1.956605673
9/5/03,0.642796576,1.38002789,1.337739587,2.618717432,8.356348991,7775.339844,1.960689902
9/8/03,0.632173717,1.376589417,1.363631129,2.575533628,8.466558456,7814.629883,1.96477592
9/9/03,0.615810215,1.334752798,1.363631129,2.54895854,8.369315147,7732.899902,2.034216166
9/10/03,0.627293706,1.357677102,1.326232553,2.564459801,8.314211845,7734.720215,2.042386293
9/11/03,0.628728926,1.369711876,1.349247456,2.546743155,8.233176231,7741.870117,2.034216166
9/12/03,0.625571191,1.353092313,1.343493342,2.547850847,8.29800415,7712.75,2.01607585
9/15/03,0.629590154,1.326729894,1.324793458,2.546743155,8.343384743,7729.140137,2.139761925
9/16/03,0.610642791,1.329595327,1.329109073,2.565567255,8.424419403,7729.140137,2.098533392
9/17/03,0.612077415,1.315267324,1.350685954,2.566674709,8.343384743,7746.540039,2.07791853
9/18/03,0.619829059,1.323864222,1.330547571,2.610966206,8.421178818,7868.279785,2.07791853
9/19/03,0.604326546,1.317560077,1.367946744,2.617609978,8.388763428,7891.669922,2.061427116
9/22/03,0.599732935,1.288904309,1.356438875,2.607410908,8.330418587,7815.470215,2.011952162
9/23/03,0.59571296,1.260249615,1.422607183,2.617388487,8.220211029,7834.470215,1.999584317
9/24/03,0.586239457,1.286039114,1.409660935,2.606301546,8.161863327,7788.080078,1.991338491
9/25/03,0.577052414,1.274004459,1.424045444,2.601868153,8.071105003,7771.930176,2.00370717
9/26/03,0.570162356,1.280881405,1.517543197,2.560850382,8.028967857,7786.220215,2.020198822
9/29/03,0.577837884,1.291770101,1.495966911,2.590782166,8.155382156,7836.359863,2.032566786
9/30/03,0.579850554,1.314121127,1.518981814,2.561959505,8.087313652,7822.47998,1.991338491
10/1/03,0.600836277,1.330168486,1.572203755,2.549763441,8.262349129,7937.180176,1.987215996
10/2/03,0.605149031,1.39263618,1.567888021,2.472162962,7.866897583,7775.799805,2.007829666
10/3/03,0.610897958,1.416132927,1.612479806,2.471054554,7.737240791,7838.77002,2.123269081
10/6/03,0.60946095,1.430460572,1.759199142,2.461077213,7.552481174,7816.310059,2.110900879
10/7/03,0.614635348,1.423010588,1.762076616,2.526483059,7.581653118,7825.009766,2.098533392
10/8/03,0.623835444,1.450519085,1.757760882,2.554198027,7.630275249,7812.069824,2.10677886
10/9/03,0.621246994,1.456823945,1.782213926,2.567501307,7.730759144,7937,2.102656364
10/10/03,0.615498126,1.452812076,1.762076616,2.594107151,7.746964455,7949.029785,2.098533392
10/13/03,0.620960236,1.484332085,1.769268513,2.599649906,7.704826832,7960.419922,2.127391577
10/14/03,0.620097876,1.452238917,1.726115704,2.566392183,7.533032417,7886.720215,2.139761925
10/15/03,0.610035837,1.444215417,1.752006888,2.54643774,7.523306847,7843.700195,2.110900879
10/16/03,0.612623692,1.410402656,1.737623215,2.515398264,7.536274433,7838.140137,2.102656364
10/17/03,0.610323191,1.398367524,1.71892333,2.539786339,7.617307663,7859.819824,2.049058676
10/20/03,0.622972608,1.394355416,1.682963133,2.550872087,7.682136059,7875.77002,2.06554985
10/21/03,0.63044703,1.404098034,1.708854795,2.606301546,7.708068848,7936.680176,2.086163759
10/22/03,0.60946095,1.375443339,1.681524634,2.538678646,7.675654411,7914.140137,2.044935465
10/23/03,0.592211783,1.352519035,1.711731315,2.529809475,7.558963299,7874.049805,2.044935465
10/24/03,0.609748423,1.355957508,1.700224042,2.537569523,7.714551449,7842.859863,2.057303667
10/27/03,0.606586456,1.349653482,1.713170409,2.571935892,7.682136059,7905.209961,2.01607585
10/28/03,0.610897958,1.397794485,1.728992939,2.587456226,7.675654411,7928.720215,1.974846601
10/29/03,0.602849126,1.385185957,1.704538822,2.566392183,7.636756897,7925.200195,2.011952162
10/30/03,0.598891914,1.371431708,1.744815469,2.627366066,7.714551449,8022.939941,1.983093619
10/31/03,0.604071677,1.346788526,1.82680583,2.638452053,7.779379368,8064.830078,2.00370717
11/3/03,0.612130404,1.376589417,1.920304298,2.771483183,8.058140755,8237.160156,2.032566786
11/4/03,0.598603904,1.37085855,1.914550066,2.773699999,8.11324501,8265.849609,2.020198822
11/5/03,0.599467218,1.349080801,1.86132741,2.769265175,8.11324501,8232.05957,2.032566786
11/6/03,0.592847705,1.394355416,1.874274135,2.802522659,8.239659309,8342.629883,2.00370717
11/7/03,0.60838902,1.393782258,1.841190219,2.882340431,8.084071159,8430.599609,2.01607585
11/10/03,0.598891914,1.375443339,1.819613457,2.835780621,8.028967857,8372.099609,2.00370717
11/11/03,0.594287753,1.352519035,1.803790927,2.816935062,7.944690228,8365.509766,1.983093619
11/12/03,0.612417638,1.389770865,1.819613457,2.842432737,8.090555191,8539.30957,1.978969932
11/13/03,0.601769745,1.415560246,1.813859701,2.893427134,8.333659172,8643.929688,1.987215996
11/14/03,0.608100891,1.402378917,1.846943498,2.89564538,8.21696949,8606.030273,1.978969932
11/17/03,0.590258181,1.384039998,1.86132741,2.86460495,8.155382156,8488.650391,1.962478638
11/18/03,0.59198457,1.404671192,1.841190219,2.871257067,8.226694107,8542,1.945987105
11/19/03,0.595725715,1.427022099,1.805229068,2.771483183,8.100279808,8351.290039,1.999584317
11/20/03,0.620475948,1.405817509,1.734745979,2.726030111,7.957655907,8351.290039,1.983093619
11/21/03,0.653283894,1.450005531,1.829682112,2.778135061,7.889587402,8335.120117,1.978969932
11/24/03,0.667673469,1.46495378,1.805229068,2.729356527,7.902553558,8164.72998,1.987215996
11/25/03,0.659615278,1.450603008,1.84982121,2.743767977,8.122968674,8288.80957,1.978969932
11/26/03,0.669745684,1.435655117,1.885781288,2.772591591,8.097038269,8385.400391,2.020198822
11/28/03,0.690198541,1.439242601,1.913111687,2.842432737,8.191037178,8554.480469,2.032566786
12/1/03,0.704601169,1.52056241,1.985032916,2.915600061,8.213727951,8621.110352,2.01607585
12/2/03,0.705465376,1.517572641,2.039693356,2.994309902,8.307729721,8635.44043,2.020198822
12/3/03,0.710743904,1.501427889,2.150452375,3.00428772,8.152141571,8553.740234,2.011952162
12/4/03,0.701746762,1.503819585,2.102983952,3.009830952,8.155382156,8528.80957,2.053181171
12/5/03,0.721839488,1.515778661,2.056954384,2.999853134,8.139175415,8489.540039,2.102656364
12/8/03,0.721839488,1.515778661,2.131752729,2.964378357,8.152141571,8509.379883,2.119147301
12/9/03,0.727237701,1.579758167,2.088600159,2.887885332,8.119728088,8429.030273,2.102656364
12/10/03,0.706844985,1.588128924,2.068461657,2.869039297,7.964138508,8342.110352,2.123269081
12/11/03,0.724238396,1.62340796,2.100107431,2.926686049,8.106761932,8441.089844,2.094409943
12/12/03,0.712242901,1.624006629,2.125999212,2.880124807,7.973863125,8441.089844,2.126452208
12/15/03,0.710743904,1.606068134,2.121683836,2.880124807,7.918759346,8337.969727,2.113968372
12/16/03,0.703245938,1.617428303,2.157644272,2.86460495,7.925242424,8348.339844,2.118129492
12/17/03,0.71974045,1.649119496,2.195043325,2.876799583,7.889587402,8416.070313,2.101484299
12/18/03,0.735334575,1.689181328,2.207989693,2.921141863,8.181313515,8519.700195,2.176388741
12/19/03,0.743731201,1.693366885,2.207989693,2.951994658,8.242900848,8564.900391,2.184710979
12/22/03,0.758726537,1.73701632,2.200797081,2.968641043,8.239659309,8564.900391,2.147258282
12/23/03,0.778818429,1.708315492,2.192166805,2.940897703,8.268832207,8607.959961,2.147258282
12/24/03,0.771022141,1.704129577,2.258334637,2.984178066,8.362833977,8636.049805,2.163904428
12/26/03,0.780918598,1.679016471,2.255457878,2.991945744,8.32069397,8632.129883,2.184710979
12/29/03,0.802510381,1.750171304,2.576228142,3.001934052,8.505455971,8729.530273,2.20551753
12/30/03,0.789378524,1.73821187,2.518690109,3.026348352,8.524902344,8771.429688,2.2138412
12/31/03,0.792680144,1.748377204,2.471222162,3.034118891,8.492486954,8795.280273,2.222163439
1/2/04,0.789378524,1.805779576,2.636641502,3.142874956,8.573523521,8818.19043,2.20551753
1/5/04,0.830498755,1.93732655,2.581980944,3.333755493,8.797182083,9054.110352,2.309551477
1/6/04,0.822995305,2.022832155,2.538828373,3.307121515,8.806904793,9038.459961,2.67991209
1/7/04,0.807387292,1.997120857,2.439576387,3.33486557,8.865250587,9098.219727,2.663265944
1/8/04,0.805887282,1.967821479,2.430946112,3.401453495,8.93007946,9169.80957,2.738172531
1/9/04,0.814891517,1.970811605,2.312994242,3.473588943,8.913871765,9102.820313,2.700717688
1/12/04,0.832899332,2.032399893,2.371970654,3.512428522,8.900906563,9129.049805,2.663265944
1/13/04,0.822394848,2.020441055,2.356147528,3.503552437,8.800422668,9141.580078,2.575878382
1/14/04,0.812790036,1.965430021,2.301487923,3.468037844,8.926836967,9171.660156,2.580039501
1/15/04,0.804386139,1.891285539,2.190728188,3.461379528,8.800422668,9135.160156,2.550910473
1/16/04,0.800183237,1.933739543,2.301487923,3.498002529,8.787457466,9193.80957,2.580039501
1/20/04,0.804386139,2.0395751,2.373409033,3.606761456,8.77449131,9322.820313,2.571717024
1/21/04,0.783075929,1.988151431,2.366216898,3.584563971,9.075942039,9427.799805,2.575878382
1/22/04,0.789378524,1.964233875,2.304364681,3.573467731,9.319047928,9497.009766,2.580039501
1/23/04,0.793581009,1.976192713,2.394985676,3.667797089,9.357945442,9480.240234,2.600846529
1/26/04,0.826896966,1.976192713,2.392108679,3.715518236,9.319047928,9563.910156,2.663265944
1/27/04,0.828997731,1.970811605,2.394985676,3.678895473,9.435738564,9612.139648,2.675751448
1/28/04,0.777373552,1.925966024,2.245388746,3.566808224,9.30284214,9551.129883,2.621654034
1/29/04,0.766568303,1.801594138,2.174905777,3.444733381,9.163459778,9444.230469,2.521780968
1/30/04,0.757863581,1.757944345,2.159083128,3.468037844,9.199116707,9428.769531,2.575878382
2/2/04,0.777673542,1.795615077,2.193605185,3.579015732,9.244495392,9633.860352,2.496813059
2/3/04,0.757863581,1.814748883,2.281349182,3.567917585,9.225047112,9702.849609,2.625814915
2/4/04,0.726348698,1.787243605,2.289979935,3.555711746,9.153737068,9674.179688,2.559232712
2/5/04,0.696034014,1.750769138,2.297172308,3.545722485,9.241253853,9674.179688,2.580039501
2/6/04,0.724847734,1.799800992,2.402177811,3.607869148,9.312565804,9810.769531,2.575878382
2/9/04,0.729103863,1.831491351,2.430946112,3.698871851,9.30284214,9882.349609,2.625814915
2/10/04,0.733910263,1.870357633,2.459715605,3.671127319,9.160219193,9804.94043,2.788108349
2/11/04,0.766054392,1.950481296,2.330256462,3.729944468,9.283391953,9875.320313,2.829720736
2/12/04,0.775067389,1.966626287,2.364778519,3.884203196,9.422774315,9960.049805,2.854689598
2/13/04,0.767556489,1.928955555,2.386355639,3.970766544,9.432497025,9982.870117,2.854689598
2/17/04,0.771762192,1.914006829,2.41656208,4.093950748,9.633464813,10100.0498,2.912948847
2/18/04,0.758543968,1.869760036,2.423754215,4.060655594,9.532981873,10125.04004,2.954561949
2/19/04,0.717988551,1.814748883,2.29285717,4.017374992,9.623740196,10072.23047,2.967046261
2/20/04,0.733008862,1.815346718,2.182097912,3.918607473,9.367668152,9888.730469,2.962884188
2/23/04,0.720992804,1.838068366,2.081408024,3.873106718,9.286634445,9764.389648,3.037788391
2/24/04,0.723696232,1.799800992,2.143260002,3.925264597,9.205599785,9855.030273,3.016982555
2/25/04,0.752235472,1.858996153,2.173467398,3.915277481,9.221805573,9926.669922,2.933755159
2/26/04,0.735274851,1.845243931,2.128875732,3.939692259,9.299600601,10003.57031,2.992015362
2/27/04,0.761738718,1.865574718,2.143260002,3.957448959,9.351463318,9991.799805,2.971207142
3/1/04,0.777677298,1.974399447,2.183536768,4.123915195,9.584842682,10157.12988,3.037788391
3/2/04,0.772865713,1.982171655,2.146137238,4.05399847,9.549188614,10106.44043,3.058595419
3/3/04,0.798727572,2.008481503,2.146137238,4.031802177,9.341738701,10053.17969,3.033627272
3/4/04,0.773466289,1.961243987,2.157644272,4.211585999,9.41628933,10196.16992,2.996175289
3/5/04,0.79542017,1.967821479,2.161960125,4.197158813,9.370912552,10195.03027,3.016982555
3/8/04,0.787900925,1.982171655,2.167713642,4.083962917,9.160219193,10095.87012,3.033627272
3/9/04,0.778880358,2.015058517,2.151890516,4.099500179,9.192634583,10079.2002,3.016982555
3/10/04,0.730763912,1.91161561,2.087161779,4.067314625,9.156978607,9978.709961,3.029466867
3/11/04,0.711818039,1.869161487,1.99510181,3.960777521,8.816630363,9725.830078,3.00449729
3/12/04,0.747303784,1.934935331,2.068461657,3.966325998,9.238012314,9837.330078,3.037788391
3/15/04,0.732268453,1.874542713,1.992224693,3.907508373,9.225047112,9791.349609,3.037788391
3/16/04,0.743092835,1.894873023,2.006609917,3.883092403,9.286634445,9877.290039,3.062757254
3/17/04,0.747303784,1.925966024,2.100107431,3.939692259,9.44870472,9959.410156,3.046112537
3/18/04,0.754521191,2.026420116,2.028185606,3.984083652,9.364427567,9952.009766,3.1313591
3/19/04,0.74579972,1.952275038,1.992224693,4.196050167,9.30284214,10039.67969,3.148239136
3/22/04,0.720238209,1.932543397,1.941879749,4.06366539,9.169942856,9928.320313,3.106038332
3/23/04,0.715727568,1.903842092,1.959141374,4.131412983,9.231529236,10053.88965,3.165119648
3/24/04,0.692571223,1.897862673,1.947633862,4.150293827,9.374154091,10161.65039,3.177780867
3/25/04,0.691369236,1.897984862,1.985032916,4.288007259,9.562153816,10344.79004,3.1313591
3/26/04,0.700691283,1.884515643,2.035377264,4.24580574,9.545946121,10432,3.106038332
3/29/04,0.727305651,1.900434256,2.14038372,4.340204239,9.438980103,10455.50977,3.080716372
3/30/04,0.735194445,1.977577806,2.195043325,4.331320763,9.464912415,10468.75,3.135579348
3/31/04,0.724659383,2.051047802,2.294296026,4.292449951,9.665880203,10517.5,3.190440893
4/1/04,0.743170738,2.062069416,2.317310095,4.352421761,9.672359467,10611.87012,3.160899639
4/2/04,0.753254116,2.075538397,2.364778519,4.386849403,9.986778259,10713.54004,3.080716372
4/5/04,0.752802074,2.071864605,2.366216898,4.364637852,9.999744415,10749.23047,3.101817369
4/6/04,0.747384846,2.077986956,2.301487923,4.313550472,9.915467262,10714.28027,3.236862183
4/7/04,0.73745209,2.064517975,2.268404007,4.313550472,9.78905201,10746.58008,3.186220646
4/8/04,0.73368907,2.106150627,2.305802584,4.387960434,9.620498657,10746.58008,3.186220646
4/12/04,0.733840227,2.151457548,2.353270531,4.412394047,9.65291214,10844.03027,3.160899639
4/13/04,0.729023397,2.112273693,2.308679819,4.344647884,9.620498657,10686.58984,3.14401865
4/14/04,0.727669299,2.070028305,2.298611403,4.220259666,9.481119156,10609.91992,3.165119648
4/15/04,0.712017119,2.031456709,2.251143217,4.166952133,9.507048607,10610.41992,3.169339418
4/16/04,0.707351267,2.014313698,2.315872192,4.158065796,9.364427567,10677.13965,3.182000637
4/19/04,0.699826598,2.010639191,2.343202114,4.178057671,9.390358925,10646.80957,3.241082907
4/20/04,0.692300856,1.946965456,2.357586384,4.182501316,9.474636078,10663.44043,3.245304346
4/21/04,0.678756297,1.910230398,2.305802584,4.175836086,9.293117523,10539.40039,3.291725636
4/22/04,0.689743102,1.950027227,2.399300575,4.181389332,9.685328484,10645.15039,3.397228718
4/23/04,0.69741869,1.962272048,2.481291533,4.219152451,10.08402157,10721.62012,3.333925247
4/26/04,0.69455868,1.928597331,2.376285791,4.192495823,9.964089394,10648.76953,3.333925247
4/27/04,0.693505347,1.939618111,2.320186853,4.281344414,9.772844315,10606.62988,3.312825441
4/28/04,0.657686532,1.858188868,2.302925825,4.033679962,9.442222595,10240.91016,3.249522209
4/29/04,0.617801011,1.770636559,2.265526772,3.820446014,9.400082588,9980.509766,3.139799833
4/30/04,0.612526357,1.769411683,2.229566574,3.753811359,9.545946121,9948.129883,3.038515329
5/3/04,0.609061182,1.781045318,2.41656208,3.887081623,9.523257256,10191.51953,3.025853634
5/4/04,0.631362617,1.841657758,2.357586384,4.039232254,9.610775948,10333.16992,3.059616804
5/5/04,0.634827912,1.897984862,2.383477926,3.92595315,9.367668152,10114.49023,3.139799833
5/6/04,0.602431118,1.763289452,2.308679819,3.786018133,9.124562263,9852.410156,3.089158297
5/7/04,0.579225898,1.680635214,2.269841909,3.669406652,9.037085533,9790.990234,2.928791046
5/10/04,0.529500484,1.564307332,2.035377264,3.48171401,8.841944695,9440.570313,2.688241959
5/11/04,0.564760029,1.711247802,2.049762011,3.712718725,8.966431618,9648.099609,2.806405544
5/12/04,0.564308465,1.689819217,2.018116713,3.727156162,8.983254433,9690.669922,2.878149509
5/13/04,0.583897233,1.694105029,2.028185606,3.719381332,9.104376793,9784.089844,2.662921429
5/14/04,0.578623235,1.645736694,1.819613457,3.754921198,9.319705009,9786.320313,2.713563442
5/17/04,0.55526793,1.583899617,1.664262772,3.657189369,9.043815613,9605.620117,2.616499186
5/18/04,0.573500335,1.567981005,1.819613457,3.744926453,9.279332161,9730.160156,2.67558074
5/19/04,0.592938364,1.567981005,1.867081642,3.804898977,9.353351593,9767.629883,2.764205694
5/20/04,0.571089149,1.509204388,1.802352667,3.773801804,9.477837563,9810.780273,2.722003937
5/21/04,0.590677381,1.49083674,1.831120729,3.760473967,9.487931252,9822.389648,2.759984732
5/24/04,0.605896771,1.591858387,1.868520498,3.832663059,9.521576881,9891.490234,2.722003937
5/25/04,0.622170746,1.588797212,1.877150655,3.887081623,9.821017265,9991.200195,2.730443239
5/26/04,0.61674577,1.563695192,1.88146615,3.92373085,9.736906052,10062.58008,2.679800987
5/27/04,0.652820945,1.612062931,1.884343028,3.969266891,9.881580353,10153.61035,2.705121517
5/28/04,0.647844017,1.597981334,1.851258993,3.892634392,9.871486664,10028.41992,2.759984732
6/1/04,0.642564416,1.606552958,1.812421203,3.871534348,9.891674042,10043.32031,2.793746233
6/2/04,0.647844017,1.615736008,1.869958162,3.83044076,9.952234268,9981.889648,2.899250507
6/3/04,0.630497277,1.588797212,1.833997607,3.804898977,9.713354111,9907.589844,2.827507734
6/4/04,0.644977629,1.604715943,1.898727417,3.954829931,9.90513134,10057.58984,2.91190958
6/7/04,0.666848779,1.644511938,1.884343028,4.146961212,10.11373234,10368.62012,2.954112768
6/8/04,0.663680911,1.61083889,1.848382473,4.190273762,9.948870659,10336.12012,2.90769124
6/9/04,0.649352193,1.586348176,1.891535163,4.064778805,9.874850273,10219.03027,2.873929024
6/10/04,0.649653912,1.594919562,1.888658524,4.104758263,9.932047844,10230.5,2.8697083
6/14/04,0.618430555,1.564307332,1.792283654,3.95260787,9.83784008,10093.01953,2.844009161
6/15/04,0.644826591,1.655532956,1.805229068,4.033679962,10.0901804,10220.69043,2.873992682
6/16/04,0.65161413,1.650022745,1.795160294,4.018132687,9.942141533,10151.59961,2.861142635
6/17/04,0.6476928,1.653083682,1.82680583,4.042565823,9.985877991,10175.33008,2.869709015
6/18/04,0.641659319,1.643900156,1.798036933,4.116976261,10.00270081,10224.38965,2.848292589
6/21/04,0.650859833,1.636553049,1.77070713,4.081717968,10.13728142,10187.91992,2.80546236
6/22/04,0.641810298,1.639002204,1.750568867,4.028333664,10.12718964,10140.25,2.779761076
6/23/04,0.657346308,1.721656561,1.721800685,3.992744923,9.975786209,10137.87988,2.749780655
6/24/04,0.663680911,1.732676387,1.71604681,4.027221203,9.908495903,10182.54004,2.844009161
6/25/04,0.672278762,1.686758161,1.726115704,4.029445171,9.948870659,10128.79004,2.844009161
6/28/04,0.680752218,1.662267685,1.71892333,3.964939833,9.679709435,10137.03027,2.762630701
6/29/04,0.695052028,1.700839758,1.690155029,3.958266497,9.555222511,10137.41992,2.766913176
6/30/04,0.69839555,1.718595028,1.740500093,4.045016289,9.790737152,10281.82031,2.861142635
7/1/04,0.718761683,1.699614882,1.710292816,4.036119461,9.760457993,10260.95996,2.826876402
7/2/04,0.733961582,1.717370391,1.711731315,4.062811375,9.696532249,10240.83984,2.861142635
7/6/04,0.717546046,1.677573562,1.651317716,4.014987469,9.615783691,10121.12012,2.865425348
7/7/04,0.713290989,1.67267549,1.625424981,3.994969606,9.44419384,10042.01953,2.814029217
7/8/04,0.702955067,1.648185611,1.618233681,4.013875008,9.339893341,9975.120117,2.775479555
7/9/04,0.715874255,1.675737262,1.697347283,3.998305082,9.528306007,10042.33984,2.732648134
7/12/04,0.734569728,1.675737262,1.704538822,4.024998188,9.575408936,10090.41992,2.784045935
7/13/04,0.72864157,1.662267685,1.704538822,4.006089211,9.545127869,10033.90039,2.822594881
7/14/04,0.722410202,1.680023074,1.667140365,3.931574106,9.474473953,9843.019531,2.80546236
7/15/04,0.726058125,1.714308977,1.654194117,3.892647266,9.625875473,9875.570313,2.852576256
7/16/04,0.756152093,1.787779212,1.711731315,3.992744923,9.767185211,9923.919922,2.891124487
7/19/04,0.75235194,1.758391738,1.744815469,4.060586929,9.541764259,9921.160156,2.844009161
7/20/04,0.752200544,1.738187075,1.776461363,4.088391304,9.578773499,10025.12988,2.826876402
7/21/04,0.715874255,1.724105597,1.772145271,3.984959364,9.538399696,9987.05957,2.878272772
7/22/04,0.703867316,1.670838833,1.753445983,4.021661758,9.471107483,9987.330078,2.869709015
7/23/04,0.70766753,1.6641047,1.730431199,3.966051817,9.518211365,9907.669922,2.848292589
7/26/04,0.690035462,1.644511938,1.730431199,3.970501423,9.548492432,9921.400391,2.826876402
7/27/04,0.718610585,1.689206839,1.769268513,4.090617657,9.767185211,10119.95996,2.80974412
7/28/04,0.71739471,1.711247802,1.793721795,3.94492054,9.649427414,10090.55957,2.826876402
7/29/04,0.714381516,1.739411116,1.84982121,3.954931021,9.555222511,10060.29004,2.796895027
7/30/04,0.701296031,1.731452465,1.872835636,3.973837376,9.481202126,10116.38965,2.848292589
8/2/04,0.702969611,1.713696718,1.949072123,4.010540485,9.59896183,10173.90039,2.796895027
8/3/04,0.692319095,1.715533495,1.913111687,3.920452595,9.703260422,10205.61035,2.784045935
8/4/04,0.685776114,1.738799453,1.858451247,3.744727373,9.676344872,10075.7998,2.826876402
8/5/04,0.654887795,1.693492651,1.872835636,3.808120489,9.605689049,10066.90039,2.736931086
8/6/04,0.673298836,1.744921565,1.82824409,3.720259666,9.289426804,9866.129883,2.762630701
8/9/04,0.653975129,1.755330086,1.84982121,3.650190592,9.272602081,9814.05957,2.779761076
8/10/04,0.682885051,1.785330176,1.839752197,3.699127197,9.400454521,9910.839844,2.788329363
8/11/04,0.673451304,1.766350389,1.806667686,3.634620667,9.265872955,9849.929688,2.736931086
8/12/04,0.687145352,1.785942793,1.809544802,3.660201788,9.191853523,9812.660156,2.784045935
8/13/04,0.692319095,1.765126467,1.753445983,3.645742416,9.185124397,9790.620117,2.711232424
8/16/04,0.697187603,1.821453094,1.752006888,3.744727373,9.319705009,9899.519531,2.694099426
8/17/04,0.718946517,1.828188419,1.77070713,3.814794779,9.420641899,9997.030273,2.66840148
8/18/04,0.747095466,1.855127096,1.785091519,3.829252243,9.538399696,10080.5498,2.711232424
8/19/04,0.76033318,1.860024929,1.766391397,3.83481288,9.568678856,10099.61035,2.715515137
8/20/04,0.777222931,1.922474861,1.759199142,3.838149548,9.672979355,10143.42969,2.80546236
8/23/04,0.751660168,1.907169461,1.724677444,3.809233189,9.68643856,10169.19043,2.80974412
8/24/04,0.756225407,1.894923925,1.734745979,3.814794779,9.669615746,10222.67969,2.895408154
8/25/04,0.766571879,1.913291335,1.762076616,3.809233189,9.672979355,10237.88965,2.959655285
8/26/04,0.749377906,1.864311099,1.783652663,3.775868416,9.676344872,10198.37988,2.989637613
8/27/04,0.752420783,1.864311099,1.782213926,3.766970634,9.689803123,10225.05957,2.946805477
8/30/04,0.757021546,1.855739236,1.779337406,3.758072376,9.535035133,10199.54004,2.993920326
8/31/04,0.743617177,1.882678866,1.754884481,3.809233189,9.521576881,10264.32031,2.985354662
9/1/04,0.73188889,1.901046634,1.788629889,3.869291544,9.696532249,10329.75,3.169528723
9/2/04,0.738743126,1.923699975,1.766905308,3.83481288,9.669615746,10422.62988,3.139546871
9/3/04,0.731127083,1.920026422,1.784284353,3.781428337,9.622511864,10335.00977,3.212359905
9/7/04,0.752451837,1.929209709,1.813250661,3.841488361,9.68643856,10486.7998,3.400819302
9/8/04,0.736609757,1.965945125,1.86394012,3.926012039,9.646064758,10537.95996,3.43508482
9/9/04,0.752908587,1.992883682,1.887112856,3.992744923,9.646064758,10553.41016,3.417952299
9/10/04,0.739199817,1.965945125,1.88276732,4.116195679,9.578773499,10661.53027,3.503613949
9/13/04,0.734325767,1.984312415,1.904492021,4.08727932,9.975786209,10620.37988,3.584994316
9/14/04,0.753060937,2.015537024,1.926216245,4.121757507,10.19111633,10701.0498,3.756327629
9/15/04,0.758696616,2.00084424,1.848008513,4.128432274,9.982515335,10660.91016,3.817054272
9/16/04,0.778345883,2.03023243,1.94069922,4.189599514,10.15746975,10660.91016,3.773679018
9/17/04,0.791749775,2.069415331,1.956630349,4.277462959,10.30887413,10790.53027,3.791029215
9/20/04,0.791293263,2.080436468,1.943595648,4.289937019,10.2617712,10803.67969,3.856093168
9/21/04,0.796776354,2.121457338,2.014561176,4.292164803,10.49728584,10850.36035,3.799705029
9/22/04,0.782915533,2.084721804,2.011664867,4.233137608,10.28195858,10777.23047,3.673915386
9/23/04,0.779716671,2.144111156,2.005871296,4.21532011,10.14064789,10811.36035,3.673915386
9/24/04,0.779868662,2.193703175,1.988492727,4.227570057,10.15746975,10856.44043,3.721628189
9/27/04,0.771187007,2.207172871,1.962423205,4.228683472,9.40381813,10687.59961,3.578489065
9/28/04,0.788093626,2.220792294,1.984147668,4.287709713,9.370173454,10843.41992,3.64788866
9/29/04,0.801614881,2.23655653,1.997181773,4.332256794,9.538399696,10980.32031,3.574151278
9/30/04,0.805128753,2.222684622,1.998630285,4.346735954,9.467745781,10957.37012,3.513423681
10/1/04,0.835072696,2.315374613,2.063802719,4.454764843,9.605689049,11078.25977,3.409323215
10/4/04,0.864711165,2.338075161,2.076838017,4.568358898,9.824382782,11181.62988,3.444024801
10/5/04,0.863947809,2.347533464,2.179665565,4.522698402,9.773915291,11117.33984,3.470050097
10/6/04,0.864711165,2.368972063,2.133320808,4.433603764,10.00942993,11090.91992,3.483062029
10/7/04,0.861502767,2.371493816,2.026147127,4.439172745,9.955598831,11097.95996,3.565475225
10/8/04,0.897251666,2.366449356,2.029044151,4.364554405,9.723446846,10920.96973,3.699939966
10/11/04,0.898780286,2.351947308,2.01311326,4.362327099,9.696532249,10975.29004,3.821393013
10/12/04,0.889765978,2.29898119,1.992836952,4.369009018,9.59559536,11023.16016,3.769339561
10/13/04,0.891599774,2.208812237,1.997181773,4.360100269,9.309612274,10942.36035,3.730303526
10/14/04,0.867308199,2.1709795,2.021803141,4.288823605,9.454284668,10876,3.730303526
10/15/04,0.888849437,2.227098703,2.086975574,4.35341692,9.494661331,10991.42969,3.717291355
10/18/04,0.88625294,2.255473137,2.179665565,4.395737171,9.420641899,11055.75977,3.769339561
10/19/04,0.875405014,2.195570707,2.155045271,4.426920414,9.302884102,11023.79004,3.751989126
10/20/04,0.88457197,2.191157341,2.113044739,4.453649521,9.225500107,11076.84961,3.743316174
10/21/04,0.934682786,2.257364273,2.143458605,4.415783882,9.511482239,11166.88965,3.730303526
10/22/04,0.933154821,2.250428438,2.128975153,4.372349262,9.632604599,11226.08008,3.708615065
10/25/04,0.924293876,2.235294342,2.128975153,4.326687336,9.504754066,11178.00977,3.686926603
10/26/04,0.922001958,2.252319574,2.121734142,4.621818542,9.672979355,11341.58008,3.665238619
10/27/04,0.920321465,2.267453909,2.166630745,4.8723979,9.800832748,11517.70996,3.686926603
10/28/04,0.943319261,2.222053528,2.252079964,4.774392128,9.625875473,11442.4502,3.817054272
10/29/04,0.930780351,2.239078522,2.282494068,4.900238037,9.75036335,11564.34961,3.812717676
11/1/04,0.917477548,2.245384216,2.252079964,4.948127747,9.7772789,11622.41016,3.903804779
11/2/04,0.90983218,2.232772827,2.346218586,4.884647846,9.797466278,11610.41016,3.986218691
11/3/04,0.930474877,2.263039589,2.383873701,5.009381771,9.938776016,11765.76953,4.03827095
11/4/04,0.946530938,2.295828104,2.370839357,5.10070467,10.05653477,11864.41992,4.051282406
11/5/04,0.951117575,2.346902132,2.415735722,4.996016979,10.05989838,11793.87012,4.112006664
11/8/04,0.919617236,2.305286646,2.382425308,4.894671917,10.14737892,11760,4.250812531
11/9/04,0.918088615,2.292044163,2.389666557,4.921399117,10.0901804,11786.91016,4.198760986
11/10/04,0.932769239,2.314113617,2.44759798,4.931423187,9.942141533,11794.01953,4.185747147
11/11/04,0.925734282,2.321050406,2.396908045,4.977083683,10.18102169,11971.9502,4.198760986
11/12/04,0.937050104,2.370863199,2.469322443,4.977083683,10.26849937,11957.32031,4.233457565
11/15/04,0.930321515,2.318528652,2.451942921,4.921399117,10.39635086,11955.38965,4.142373562
11/16/04,0.92634666,2.255473137,2.491047144,4.905808926,10.33242512,11951.16016,4.125021458
11/17/04,0.950660169,2.276281118,2.535942793,4.955923557,10.56121254,12020.37988,4.307198524
11/18/04,0.935062468,2.263670444,2.544632912,4.954810619,10.47709846,12038.94043,4.315873623
11/19/04,0.929710269,2.250428438,2.527253628,4.800007343,10.3526125,11839.20996,4.619501114
11/22/04,0.922370672,2.276911259,2.556219101,4.850122929,10.40307999,11879.82031,4.806018353
11/23/04,0.935826182,2.254211664,2.66049552,4.827848911,10.47709846,11876.58008,4.814693928
11/24/04,0.944236994,2.254211664,2.632978916,4.885762691,10.59822273,11907.32031,4.766978741
11/26/04,0.983229578,2.333029985,2.643116474,4.989335537,10.68906307,12076.08008,4.858067513
11/29/04,0.97765851,2.312222004,2.730013132,5.165298939,10.6957922,12196.38965,5.153023243
11/30/04,0.996637285,2.40617466,2.683668375,5.202048779,10.83710098,12102.5498,5.200736046
12/1/04,1.034285426,2.438332558,2.728565454,5.26330471,11.27448845,12233.91016,5.179049969
12/2/04,1.067597151,2.360774994,2.702495575,5.175321102,11.19710541,12116.12988,4.862404823
12/3/04,1.100777745,2.374647379,2.737255096,5.274439812,11.23747826,12109.46973,5.031570435
12/6/04,1.116660953,2.37842989,2.845875978,5.40474081,11.27112389,12190.25977,4.944821358
12/7/04,1.082851887,2.301502228,2.806771755,5.369102955,11.18364811,12118.30957,4.814693928
12/8/04,1.09181416,2.315374613,2.695254326,5.288916588,11.1701889,12113.58008,4.858067513
12/9/04,1.080807209,2.249798059,2.745944262,5.22432375,11.19037724,12124.82031,4.819032192
12/10/04,1.113200426,2.272498131,2.751737356,5.298940659,11.35523605,12260.86035,4.884094238
12/13/04,1.159433961,2.310960531,2.776358604,5.359079838,11.38888264,12290.16016,5.066270351
12/14/04,1.153143167,2.310331106,2.758978605,5.569567204,11.42252827,12430.86035,5.196398735
12/15/04,1.165252447,2.384735107,2.77925539,5.60520649,11.60084629,12493.84961,5.231099129
12/16/04,1.147011161,2.383474827,2.802427769,5.572908878,11.67486668,12505.4502,5.363768578
12/17/04,1.12405169,2.38599658,2.824151993,5.664233208,11.72533417,12519.79004,5.451344013
12/20/04,1.117132783,2.437071085,2.84297967,5.650072575,11.87337208,12514.07031,5.425070763
12/21/04,1.135374427,2.469228506,2.83718586,5.735917091,12.05842018,12651.73047,5.411935806
12/22/04,1.148741007,2.477426529,2.84297967,5.739263058,12.10888767,12712.2002,5.298091888
12/23/04,1.172800303,2.494450569,2.866152287,5.743721008,12.21655178,12748.4502,5.560806274
12/27/04,1.161477804,2.484361887,2.889324903,5.786082745,12.17617989,12819.61035,5.90671587
12/28/04,1.188368559,2.496973038,2.961739302,5.780511856,12.2199173,12912.69043,6.108130932
12/29/04,1.187897682,2.545525551,2.940014124,5.826218605,12.24683475,13031.57031,6.059967518
12/30/04,1.180618525,2.523456335,2.877737999,5.848516464,12.28047943,12968.74023,6.03807354
12/31/04,1.182979584,2.508323193,2.9182899,5.836252689,12.25356388,12917.87988,6.182567596
1/3/05,1.171649575,2.440223455,2.863254547,5.9588871,12.18963718,13022.82031,6.147538662
1/4/05,1.108866811,2.379691124,2.863254547,5.693552017,12.05169296,12777.12988,5.919852257
1/5/05,1.099896193,2.358883381,2.657599688,5.567572594,11.74551964,12591.33008,5.911096573
1/6/05,1.062604666,2.374016523,2.688012838,5.596559525,11.76234341,12703.46973,5.819141865
1/7/05,1.080070496,2.392932892,2.693806171,5.511831284,11.6950531,12453.33008,5.823521137
1/10/05,1.086207509,2.399868488,2.686564207,5.451629639,11.89019585,12446.09961,5.871688843
1/11/05,1.039474368,2.392932892,2.667736769,5.339028358,11.88683033,12216.7998,5.744707584
1/12/05,1.063549638,2.409326077,2.670633316,5.400343895,12.09543133,12329.16016,5.674651146
1/13/05,1.050330281,2.438963175,2.646012783,5.485074043,12.13580513,12462.90039,5.665893555
1/14/05,1.062133312,2.466076612,2.685116529,5.638924599,12.45879841,12694.74023,5.696541786
1/18/05,1.09045589,2.431396246,2.75463438,5.763787746,12.55973339,13029.7002,5.792874336
1/19/05,1.116419315,2.431396246,2.816910744,5.815070629,12.39823723,13035.80957,5.78849268
1/20/05,1.059772134,2.381582975,2.744496584,5.543047428,12.16945076,12769.99023,5.582698822
1/21/05,1.072045565,2.421306849,2.734358072,5.516289234,12.14589977,12673.62012,5.65713644
1/24/05,1.060243487,2.47175169,2.679323435,5.499567509,12.04159832,12743.58008,5.587077618
1/25/05,1.061188221,2.491297483,2.686564207,5.604361057,12.10888767,12866.78027,5.560806274
1/26/05,1.086680055,2.528501272,2.677874804,5.761556149,12.28384304,13045.0498,5.587077618
1/27/05,1.094231963,2.517780542,2.701047659,5.695782185,12.44870567,12986.40039,5.757842541
1/28/05,1.106790423,2.509584427,2.711185455,5.856319427,12.48571491,13040.53027,5.924228668
1/31/05,1.1620574,2.563180447,2.848773241,5.915406704,12.61020088,13097.12012,6.094995499
2/1/05,1.166309595,2.591556072,2.96608305,6.065912724,12.96347523,13340.51953,6.186944485
2/2/05,1.196541071,2.606688499,2.925531387,6.114967346,13.06441116,13339.41016,6.353330612
2/3/05,1.261258602,2.672896147,2.954497576,6.181857586,12.93319416,13440.83008,6.545990467
2/4/05,1.337785482,2.68235445,3.019669533,6.261012077,13.01394367,13446.9502,6.655452728
2/7/05,1.36093092,2.759912252,3.079049826,6.284424782,12.96683979,13476.76953,6.799949169
2/8/05,1.351482391,2.84692812,3.057324886,6.204153061,13.08123398,13508.5,6.550369263
2/9/05,1.354789972,2.831165075,3.055876732,6.353543758,13.04422283,13662.37988,6.550369263
2/10/05,1.317943692,2.82801199,3.058773518,6.262127876,13.07786846,13708.91992,6.61166954
2/11/05,1.379352689,2.809094906,3.094980478,6.254322052,13.1384306,13714.62988,6.576637268
2/14/05,1.434150338,2.815400124,3.186222553,6.22867918,13.14515781,13564.95996,6.891897202
2/15/05,1.448322296,2.790807724,3.186222553,6.356889248,13.12160587,13695.91016,6.961954594
2/16/05,1.441236377,2.842513323,3.186222553,6.347969055,13.01394367,13640.75977,6.979471684
2/17/05,1.43603909,2.82801199,3.215188265,6.315638542,13.06441116,13592.03027,6.983849049
2/18/05,1.417144537,2.850080252,3.186222553,6.229793549,13.06777477,13580.25977,7.115206242
2/22/05,1.395887733,2.922593355,3.142774582,6.248749733,13.05431843,13520.58984,6.944441319
2/23/05,1.421868443,2.973037958,3.14422226,6.261012077,13.07786846,13541.95996,7.150232315
2/24/05,1.480916381,3.039874792,3.152912378,6.438272953,13.15188885,13684.55957,7.158994198
2/25/05,1.493395686,3.140763283,3.213739157,6.566480637,13.78441715,13870.2002,7.084558487
2/28/05,1.500014067,3.077078104,3.280361176,6.544183254,13.44796467,13789.45996,7.010119438
3/1/05,1.531214714,2.93142128,3.258635998,6.516313076,13.24273014,13804.76953,6.988227367
3/2/05,1.51372385,3.006456852,3.181876898,6.439388275,13.56572437,13770.25977,7.115206242
3/3/05,1.516088009,3.026634455,3.184774399,6.446075916,13.61282825,13782.9502,6.944441319
3/4/05,1.548233986,3.124368668,3.184774399,6.452768326,14.12086773,13862.75977,7.093315125
3/7/05,1.558635592,3.102299929,3.178981066,6.521887779,14.23862648,13877.69043,7.426083565
3/8/05,1.52743268,3.054377556,3.024015188,6.34128046,14.20834732,13752.7998,7.347270489
3/9/05,1.470231175,2.962948561,2.990703821,6.29334259,14.02329826,13671.40039,7.215912819
3/10/05,1.461249948,2.891064882,2.954497576,6.208613396,13.63974285,13421.38965,6.830595016
3/11/05,1.45983088,2.8589077,2.983463764,6.300033569,13.66329479,13532.34961,6.926926613
3/14/05,1.418230772,2.80278945,2.967532158,6.098243713,13.3739481,13238.54004,6.633559704
3/15/05,1.407356858,2.734689951,3.008084536,6.017973423,13.23600101,13184.26953,5.735948086
3/16/05,1.413030267,2.747931719,3.008084536,5.912062168,12.90964222,13096.5498,6.591976643
3/17/05,1.464558482,2.850080252,3.057324886,6.045845509,12.79524994,13138.75977,6.574245453
3/18/05,1.437613249,2.822967768,3.139876842,6.014933586,12.70777225,13094.40039,6.516612053
3/21/05,1.397429347,2.810356617,3.093531847,5.942395687,12.57319164,13094.40039,6.246198177
3/22/05,1.392228603,2.727122784,3.012428284,5.920080185,12.68758392,13062.4502,5.9403162
3/23/05,1.354409218,2.661546946,2.932772875,5.641092777,12.5092659,12852.80957,5.800352097
3/24/05,1.387501359,2.688659906,2.970428467,5.812947273,12.66403294,12852.80957,6.051567554
3/28/05,1.361027718,2.657132864,2.906703711,5.730367184,12.47898579,12828.91016,5.876612663
3/29/05,1.349681497,2.627496481,2.732909918,5.646672726,12.29393673,12581.7998,5.562596321
3/30/05,1.371876478,2.710729122,2.834289551,5.775004387,12.12234688,12653.41992,5.791380882
3/31/05,1.371876478,2.785763979,3.000842333,5.758267403,12.19636726,12676.90039,5.99324894
4/1/05,1.373296142,2.825490236,3.005186796,5.816296577,12.39823723,12714.19043,6.127827644
4/4/05,1.367619157,2.81414032,2.954497576,5.762731075,12.35449886,12593.37988,6.087453365
4/5/05,1.40026021,2.78954792,2.947255611,5.695774078,12.15262794,12300.7002,6.253438473
4/6/05,1.428643823,2.810356617,2.983463764,5.56297636,12.20982456,12170.87012,6.38801384
4/7/05,1.449931264,2.82485795,2.96608305,5.781700611,12.44197559,12471.00977,6.495677948
4/8/05,1.431481957,2.79648304,2.92263484,5.768311024,12.46889114,12531.62988,6.513620377
4/11/05,1.441416383,2.792069674,2.822702885,5.719208241,12.44870567,12425.41016,6.545022011
4/12/05,1.446146965,2.78765583,2.903807878,5.866511822,12.63711739,12522.24023,6.522593498
4/13/05,1.461285233,2.740995169,2.861807108,5.841962814,12.54964066,12424.37012,6.536050797
4/14/05,1.419183254,2.677941561,2.760427952,5.684612751,12.15935707,12233.20996,6.302782536
4/15/05,1.3936373,2.593447208,2.722771883,5.600917816,11.89355946,11942.7002,6.280352116
4/18/05,1.38323009,2.585249424,2.800979614,5.412324905,11.86327934,11739.99023,6.123342514
4/19/05,1.431009769,2.685507774,2.816910744,5.580832005,12.03487015,12011.53027,6.289322376
4/20/05,1.388906598,2.664069414,2.714082479,5.405627251,11.78253078,11842.71973,6.19063139
4/21/05,1.403098822,2.738473415,2.796634436,5.493788242,11.99785995,12063.62012,6.468761921
4/22/05,1.39174521,2.688029528,2.793737888,5.521686077,11.56720257,11995.32031,6.643713951
4/25/05,1.422494411,2.75865078,2.82125473,5.828570843,12.21655178,12377.09961,6.746888638
4/26/05,1.455608726,2.765586138,2.772013664,5.91226387,12.4318819,12577.71973,6.751378536
4/27/05,1.491088629,2.678570747,2.735805988,5.780585289,12.17281437,12454.69043,6.661659718
4/28/05,1.427184939,2.611102104,2.653254032,5.595338345,11.91038132,12255.91016,6.500162601
4/29/05,1.4626863,2.643890619,2.618495464,5.540657043,12.11225414,12322.99023,6.625769615
5/2/05,1.528957248,2.699379206,2.724219799,5.619888783,12.36795521,12424.9502,6.688574314
5/3/05,1.519489288,2.694333315,2.679323435,5.574137688,12.51599503,12357.87988,6.58539772
5/4/05,1.590966344,2.765586138,2.774909496,5.830802917,12.87936306,12643.04004,6.719974518
5/5/05,1.59286201,2.816660643,2.800979614,5.797325611,12.91973782,12619.91016,6.639227867
5/6/05,1.580079675,2.863952875,2.816910744,5.866511822,12.99470711,12615.83008,6.594367027
5/9/05,1.65723753,2.899262905,2.867599964,5.757150173,12.88016891,12563.01953,6.706519127
5/10/05,1.598069191,2.817922354,2.845875978,5.711396694,12.8142252,12497.42969,6.634742737
5/11/05,1.579132795,2.843774796,2.832841873,5.834150791,12.7205143,12464.83984,6.634742737
5/12/05,1.503869176,2.736581326,2.77925539,5.907802582,12.73439598,12448.73047,6.477734566
5/13/05,1.501028538,2.665959835,2.764772415,5.808484554,12.58168125,12347.71973,6.522593498
5/16/05,1.531323552,2.691181898,2.832841873,5.901105881,12.70662975,12442.26953,6.553993225
5/17/05,1.519016147,2.75865078,2.78939271,5.959138393,12.66845036,12439.45996,6.48670578
5/18/05,1.564458847,2.805942297,2.92697978,6.231428146,12.96693993,12727.74023,6.491192341
5/19/05,1.55925262,2.864582777,2.882082939,6.252628326,12.94611645,12795.33008,6.51810503
5/20/05,1.526589632,2.875301123,2.884979486,6.295035362,12.85240364,12883.45996,6.38801384
5/23/05,1.519489288,2.843774796,2.834289551,6.357528687,13.05370998,13029.58008,6.379044533
5/24/05,1.51475656,2.876563549,2.805323839,6.33855772,13.28278351,13020.71973,6.311752319
5/25/05,1.528010249,2.921963215,2.793737888,6.359759331,13.1335392,13057.83984,6.370069981
5/26/05,1.531323552,2.962317705,2.824151993,6.350832462,13.31402111,13152.63965,6.34763813
5/27/05,1.541784286,2.983126879,2.834289551,6.438991547,13.29319668,13131.38965,6.325212955
5/31/05,1.514310956,2.97619009,2.814013481,6.325164795,13.25848866,12964.38965,6.34763813
6/1/05,1.510994911,3.017174959,2.867599964,6.42783308,13.51185608,13143.62012,6.370069981
6/2/05,1.560730457,3.06635952,2.867599964,6.504832745,13.779109,13284.88965,6.796236038
6/3/05,1.603360295,3.048072338,2.967532158,6.357528687,13.459795,13204.38965,6.509134769
6/6/05,1.612833738,2.996366978,3.045738935,6.325164795,13.80340576,13208.42969,6.751378536
6/7/05,1.595308185,2.918810844,3.128291368,6.251513958,13.97694588,13148.03027,6.782781124
6/8/05,1.563099623,2.925746679,3.136980772,6.284990788,13.7860527,13102.66016,6.841097832
6/9/05,1.519048095,2.938356638,3.167395353,6.357528687,14.00818157,13225.28027,6.841097832
6/10/05,1.55362606,2.979343891,3.147118568,6.332977295,14.0047121,13214.59961,6.83212471
6/13/05,1.544152141,2.988170862,3.206498384,6.394354343,14.12619019,13299.58984,7.018466473
6/14/05,1.603360295,3.039245367,3.192015409,6.589644432,14.38650036,13343.09961,7.050207615
6/15/05,1.604309082,3.049333811,3.187670708,6.68561554,14.36220455,13501.50977,7.254230976
6/16/05,1.648833156,3.129413605,3.187670708,6.667759895,14.57045364,13537.28027,7.254230976
6/17/05,1.665410995,3.224626303,3.200705051,6.765963078,14.72317028,13645.95996,7.285964489
6/20/05,1.663990498,3.287050247,3.193464279,6.825106621,14.83076286,13709.36035,7.227026939
6/21/05,1.655938148,3.269394875,3.218084574,6.730884552,14.67457962,13547.99023,7.018466473
6/22/05,1.618044019,3.292094707,3.219532728,6.628052711,14.45938778,13441.65039,7.081945419
6/23/05,1.583466649,3.238498688,3.167395353,6.553167343,14.24072647,13389.66016,7.1635499
6/24/05,1.591991305,3.19562149,3.164498091,6.554284096,14.16089821,13299.28027,7.181689262
6/27/05,1.641727567,3.340016603,3.209394932,6.689529419,14.39344311,13454.73047,7.254230976
6/28/05,1.654516935,3.324884176,3.205049515,6.676116467,14.64681149,13523.07031,7.227026939
6/29/05,1.673080325,3.306596994,3.171739817,6.695116043,14.98001003,13550.13965,7.249696255
6/30/05,1.677347183,3.287050247,3.164498091,6.662704468,14.72317028,13486.12988,7.249696255
7/1/05,1.690141439,3.341905355,3.186222553,6.655997753,14.59822083,13509.12988,7.245161057
7/5/05,1.632319331,3.386764288,3.287602901,6.715236664,14.7821722,13648.46973,7.254230976
7/6/05,1.589662313,3.34703207,3.299188852,6.764416218,15.09801579,13790.15039,7.245161057
7/7/05,1.59724617,3.33229351,3.336843967,6.824772835,15.10495853,13850.36035,7.245161057
7/8/05,1.577813625,3.389967442,3.517879248,6.762181759,15.27849865,13871.25977,7.408383369
7/11/05,1.6280545,3.389967442,3.564223766,6.752120495,15.33056259,13807.2998,7.621478081
7/12/05,1.635163188,3.421367645,3.533810616,6.853831768,15.44162655,13971.66992,7.580672264
7/13/05,1.65838778,3.403425217,3.504844427,6.930954933,15.43815613,14005.23047,7.544401169
7/14/05,1.680188656,3.338701487,3.370154142,7.003605366,15.41038704,14085.05957,7.503592968
7/15/05,1.673554063,3.268851519,3.396223307,6.918663025,15.05983829,13952.59961,7.671348572
7/18/05,1.708627462,3.26436615,3.390430212,6.884011745,14.97653961,13972.61035,7.96605444
7/19/05,1.705310225,3.231042624,3.475878954,7.094141483,15.35485554,14167.50977,8.002323151
7/20/05,1.711470127,3.272056103,3.471534967,7.164558887,15.70193672,14306.05957,8.151939392
7/21/05,1.701517224,3.283591747,3.470085859,7.085201263,15.52839756,14271.88965,8.482914925
7/22/05,1.631370664,3.323321819,3.523672104,7.155617714,15.65681553,14318.46973,9.063254356
7/25/05,1.544636726,3.174650669,3.668501139,6.954428196,15.43815613,14135.24023,9.094996452
7/26/05,1.595824718,3.213099718,3.649672508,6.961134434,15.44509697,14067.73047,8.795753479
7/27/05,1.624262929,3.275900126,3.669949532,6.90077734,15.77135468,14173.37988,8.696007729
7/28/05,1.656631112,3.379072428,3.698914289,7.041607857,16.28503418,14256.83984,8.795753479
7/29/05,1.651414275,3.36882019,3.824914932,7.464106083,16.36833191,14409.66016,8.750416756
8/1/05,1.70548141,3.471992493,3.678638935,7.614996433,16.33709526,14582.5,8.813893318
8/2/05,1.815511823,3.580292463,3.645328283,7.578114033,16.53839874,14677.66016,9.02244854
8/3/05,1.783735991,3.653986931,3.701528311,7.43392849,16.40303993,14615.95996,8.931771278
8/4/05,1.776147723,3.614256859,3.576476336,7.366865158,16.59393692,14612.21973,9.117659569
8/5/05,1.76666224,3.631559372,3.494089127,7.276330471,16.17743874,14463.13965,9.203804016
8/8/05,1.80602634,3.67577672,3.495560169,7.410456181,16.20520401,14596.76953,9.643591881
8/9/05,1.927441478,3.780229568,3.62649703,7.480871677,16.26073647,14673.33984,9.870286942
8/10/05,1.997632265,3.841749907,3.701528311,7.618350506,16.29197502,14702.58008,10.16952515
8/11/05,1.889972806,3.796890497,3.773615599,7.651881218,16.68764877,14768.9502,10.45969296
8/12/05,1.894714594,3.824447393,3.71770978,7.440634727,16.51410484,14673.21973,10.34634876
8/15/05,1.937399387,3.865460396,3.729480267,7.544584751,16.55575371,14842.7002,10.84960651
8/16/05,1.927441478,3.743701935,3.633853436,7.336684704,16.27809143,14559.19043,10.42342091
8/17/05,1.964433789,3.684747219,3.604429007,7.366865158,16.10802078,14560.33008,10.42795372
8/18/05,1.925068855,3.645657063,3.558821678,7.467460155,16.17396545,14619.98047,10.67278767
8/19/05,1.829740644,3.623868227,3.573534012,7.460756302,16.05249023,14678.16016,10.87227917
8/22/05,1.917006731,3.750752687,3.576476336,7.578114033,16.27809143,14770.26953,10.65918732
8/23/05,1.862463951,3.657833099,3.419058084,7.423867702,16.0802536,14717.91016,9.938295364
8/24/05,1.874795079,3.710381031,3.371980429,7.3333354,15.89977455,14603,10.05163956
8/25/05,1.965856433,3.774462938,3.405818224,7.517756939,15.68805599,14604.61035,10.15592289
8/26/05,1.923171997,3.684105635,3.349912167,7.383630276,15.38956451,14444.83984,10.02444077
8/29/05,1.98103261,3.773822784,3.36903739,7.417161942,15.38609409,14327.2002,9.938295364
8/30/05,1.969288826,3.855206728,3.40728879,7.289742947,15.36179733,14008.2002,9.639059067
8/31/05,2.020536661,4.00900507,3.439655066,7.376924992,16.54534149,14243.19043,9.69346714
9/1/05,1.999659777,3.996189117,3.45583868,7.651881218,17.33321762,14486.58984,9.970033646
9/2/05,2.040940285,4.005801201,3.482319832,8.017375946,17.39222145,14772.7002,10.08791351
9/6/05,2.104529142,4.093592644,3.53086853,8.101202965,18.4647007,15030.62012,10.13778877
9/7/05,2.138220549,4.03335619,3.435241699,8.134735107,18.07944298,15246.23047,10.29193687
9/8/05,2.143439054,4.091031075,3.508801699,8.014022827,17.67335701,15055.91992,10.0471077
9/9/05,2.156725168,4.254442215,3.527927637,8.047553062,17.86772346,15212.87988,9.639059067
9/12/05,2.134424448,4.258284569,3.532340527,7.990549564,17.65253258,15190.16992,9.657195091
9/13/05,2.049484491,4.190999508,3.557351351,7.796065331,17.61435318,15087.29004,9.190202713
9/14/05,2.035720348,4.255081654,3.579418421,7.856426239,17.88160515,15221.38965,9.521173477
9/15/05,2.092191458,4.342875957,3.66916132,7.980491161,18.08291245,15428.78027,9.339824677
9/16/05,2.092665434,4.400549412,3.751549482,8.191737175,18.0377903,15428.78027,9.249145508
9/19/05,2.11022377,4.485779762,3.748606205,8.121325493,18.10720825,15656.83984,9.223089218
9/20/05,2.151982069,4.481291294,3.869244099,8.13206768,17.68377113,15563.46973,9.264227867
9/21/05,2.22221303,4.695329189,3.963400364,8.461112022,17.98572922,15734.41016,9.351060867
9/22/05,2.244041204,4.577417374,3.788328886,8.427535057,17.98920059,15661.12988,9.533878326
9/23/05,2.283425808,4.538325787,3.832465649,8.437608719,17.80871582,15649.33008,9.858379364
9/26/05,2.299560785,4.548579693,3.770674229,8.531619072,17.83301353,15765.53027,10.07319355
9/27/05,2.23976922,4.565881252,3.978112936,8.538336754,17.40263367,15801.80957,9.826385498
9/28/05,2.292438984,4.70173645,3.900139809,8.622272491,17.4234581,15869.33008,9.808102608
9/29/05,2.333655119,4.645985126,3.973700523,8.588699341,17.67335701,15841.83984,9.977208138
9/30/05,2.322733164,4.581261635,4.15612793,8.83716011,18.15232849,16120.08008,10.03205299
10/3/05,2.395853519,4.625477791,4.086981297,8.733074188,18.43693352,16051.01953,10.05490685
10/4/05,2.388258219,4.364021778,3.986940384,8.709569931,18.16621017,15933.41016,10.10061073
10/5/05,2.314185619,4.124995232,3.654451132,8.578624725,17.77053833,15720.34961,9.657283783
10/6/05,2.217327118,3.932105541,3.473492146,8.152212143,17.03820038,15247.59961,8.779764175
10/7/05,2.364516497,4.093592644,3.622083902,8.31673336,17.6108799,15447.58984,9.245947838
10/10/05,2.364991903,4.044891357,3.604429007,8.155570984,17.67335701,15466.41016,8.958005905
10/11/05,2.429090738,4.131402016,3.610313892,8.242868423,17.59700012,15445.37012,8.871172905
10/12/05,2.315611124,4.093592644,3.460251093,7.792953968,17.0104332,15103.16016,8.926016808
10/13/05,2.320834875,4.011567593,3.442597151,7.772807121,16.82995033,14924.73047,9.291649818
10/14/05,2.29946804,3.985934258,3.373451948,7.732514858,16.51410484,14892.87988,9.474459648
10/17/05,2.393479824,4.062834263,3.442597151,7.984335423,17.11108398,15282.73047,9.808102608
10/18/05,2.331756353,3.912240744,3.344027519,7.933970928,16.8611908,15084.83984,9.958924294
10/19/05,2.328431129,4.024384499,3.48967576,7.903753281,17.2603302,15111.9502,9.789823532
10/20/05,2.212106466,3.777667761,3.422000647,7.688867569,16.72929192,14821.09961,9.904084206
10/21/05,2.272881269,3.888530493,3.442597151,7.739230156,16.92019081,14903.36035,9.872093201
10/24/05,2.327956676,4.046173096,3.338142872,8.145498276,17.25686073,15356.32031,10.19201756
10/25/05,2.32700634,4.052580833,3.346970081,8.17907238,17.18050194,15367.87012,10.1600256
10/26/05,2.342676163,4.053220749,3.316075325,8.561839104,17.40610504,15666.21973,9.940648079
10/27/05,2.266232729,3.892373085,3.242515326,8.350310326,17.15620422,15437.62988,9.958924294
10/28/05,2.356404305,3.992343187,3.323431015,8.628990173,17.76359558,15579.67969,10.13717747
10/31/05,2.465195179,4.094875336,3.479377508,8.813656807,18.07249832,15759.73047,10.8318758
11/1/05,2.582544327,4.114098549,3.589717388,8.978179932,18.29463387,15922.51953,10.99184513
11/2/05,2.622449875,4.133964539,3.58236146,8.9009552,18.47511292,15896.48047,10.93242836
11/3/05,2.572565556,4.293529987,3.610313892,8.864021301,18.11414909,15798.04004,11.0284071
11/4/05,2.600594282,4.165365696,3.508801699,8.776724815,18.48899651,15900.53027,11.09696198
11/7/05,2.600594282,4.088466644,3.470550537,8.813656807,18.777071,15944.15039,10.95528126
11/8/05,2.622449875,4.187795639,3.523511887,8.80694294,18.42999458,15930.70996,11.28435421
11/9/05,2.639551878,4.202535629,3.529397488,8.780078888,18.30851555,15981.17969,11.75967026
11/10/05,2.677082539,4.062193394,3.516158342,8.87745285,18.74930763,16153.08008,11.74595928
11/11/05,2.743121147,3.999392033,3.732422829,8.978179932,18.61047554,16137.07031,11.8967905
11/14/05,2.773525953,3.976964235,3.723594904,9.17291832,18.86384201,16293.53027,12.0658884
11/15/05,2.76497221,3.989779472,3.694171429,9.139342308,18.72154045,16193.58008,11.92420578
11/16/05,2.748346806,4.119225979,3.776559591,9.199780464,19.22827721,16310.67969,11.76424026
11/17/05,2.783026218,4.18202877,3.750076771,9.344154358,19.76972389,16455.39063,12.18014812
11/18/05,2.707962751,4.162801743,3.735365629,9.404589653,19.76278496,16545.43945,12.34011745
11/21/05,2.736942768,4.192281246,3.675046444,9.666481972,19.85302544,16767.07031,12.54578114
11/22/05,2.801554918,4.30698967,3.607370853,9.851149559,19.77666664,16866.83984,12.45894527
11/23/05,2.890871048,4.344155788,3.604429007,9.636265755,19.45388412,16713.91016,11.75510216
11/25/05,2.939804792,4.33646822,3.654451132,9.683271408,19.60312653,16879.36914,11.99733067
11/28/05,2.897996426,4.198048592,3.619141102,9.81421566,19.37405586,16836.10938,11.91963577
11/29/05,2.910348654,4.30891037,3.695643902,9.555683136,19.23521996,16694.94922,11.87850189
11/30/05,2.916998625,4.331980705,3.747134924,9.642977715,19.54065132,16830.96094,11.74595928
12/1/05,3.014391422,4.496032715,3.876599073,9.864579201,20.18622208,17133.83008,12.02932453
12/2/05,3.094678402,4.61394453,3.906024456,10.00224209,20.30423164,17150.99023,12.2532711
12/5/05,3.222001553,4.621634007,3.858945608,10.1936245,20.36323166,17271.06055,12.23042393
12/6/05,3.359775543,4.703660488,3.972228765,10.39843273,20.71725464,17424.42969,12.26241589
12/7/05,3.187369585,4.599845409,4.010479927,10.19026661,20.38059044,17244.18945,12.09330559
12/8/05,3.002058268,4.594719887,3.935447693,10.04253197,20.34934807,17211.01953,11.89221191
12/9/05,2.959294558,4.55819273,3.936919928,10.24398518,20.56454086,17554.48047,12.07046032
12/12/05,2.950739384,4.560756683,4.026662827,10.3615036,20.39100266,17554.48047,12.07959938
12/13/05,2.936487913,4.560756683,4.092866421,10.38836288,21.10251617,17819.67969,12.17848492
12/14/05,2.857611895,4.586388588,4.098750591,10.40515137,21.26564407,18054.0293,12.13709068
12/15/05,2.868064165,4.502440929,4.075211525,10.10632706,21.08516121,17922.4707,12.2290659
12/16/05,2.857611895,4.431950569,4.173782349,10.05931854,20.82485199,17737.58984,12.29805946
12/19/05,2.747373581,4.303784847,4.178194523,10.07275105,20.58883667,17666.41016,12.06809998
12/20/05,2.794890404,4.376198292,4.14877224,10.04686546,20.75196266,17680.94922,12.23367214
12/21/05,2.926983833,4.519101143,4.20909071,10.15442848,20.82485199,17781.50977,12.85455418
12/22/05,2.908928871,4.471679688,4.303246975,10.00989342,20.79708481,17768.90039,13.29607201
12/23/05,2.922232389,4.495391846,4.322372437,9.976280212,20.81790924,17802.2793,13.06611061
12/27/05,2.835753441,4.406956196,4.20909071,9.865359306,20.81790924,17832.64063,13.19488907
12/28/05,2.796792269,4.424259186,4.276765823,9.680488586,20.65478134,17690.69922,13.28686523
12/29/05,2.786710739,4.538325787,4.335613251,9.935948372,20.80749702,17832.80078,13.24547863
12/30/05,2.771500111,4.567162037,4.237043381,9.835108757,20.59230614,17802.71094,13.25927734
1/3/06,2.920771837,4.845562935,4.392990112,10.47038841,21.50165749,18500.68945,14.00433159
1/4/06,3.012044668,4.933758259,4.604842186,10.89727211,21.65784836,18669.23047,13.9261446
1/5/06,3.008239508,4.926624775,4.544523716,10.69223213,21.30034828,18608.33984,14.06871891
1/6/06,3.038667679,5.07772541,4.659276009,10.87374401,21.32811737,18736.7793,14.08251953
1/9/06,3.077644825,5.224934578,4.604842186,11.1426487,21.17193031,18998.83008,14.16070557
1/10/06,3.055778027,5.187969208,4.429769039,10.95105457,21.16152,18912.38086,14.25728607
1/11/06,3.110922813,5.346851826,4.473905087,11.19978809,22.1402874,19160.43945,14.18369675
1/12/06,3.070993423,5.437639713,4.443010807,11.14600754,21.82444191,18925.00977,14.17909718
1/13/06,3.137548208,5.429208755,4.398875237,11.1930666,21.79667854,18889.19922,14.21589661
1/17/06,3.139447689,5.381219864,4.251754761,10.75273705,21.63354874,18489.63086,14.27108479
1/18/06,3.05958271,5.339718819,4.184080124,10.7628212,21.24135017,18265.96094,13.88475323
1/19/06,3.228822231,5.496003628,4.387104988,10.98466682,21.76890945,18521.44922,13.95834064
1/20/06,3.213606358,5.573823452,4.354738712,10.77290249,21.76196671,18346.23047,13.77897549
1/23/06,3.289671421,5.74762392,4.345912457,10.81660366,21.88344765,18447.10938,13.83876801
1/24/06,3.476973057,5.847488403,4.440068245,11.34432507,22.39365578,18875.41016,14.02732849
1/25/06,3.452252388,5.63672781,4.562177658,11.2939024,22.50125122,18866.36914,14.15150452
1/26/06,3.606277704,5.864350319,4.707825661,11.71406078,22.94551468,19216.75,14.94715118
1/27/06,3.63195014,5.839707851,4.646036148,11.51574612,22.71644211,18956.5,15.23689747
1/30/06,3.796872377,5.998588085,4.621025085,11.36113071,22.85874176,18849.24023,15.49905109
1/31/06,3.798773289,6.128291607,4.622496605,11.33760071,22.90039253,18907.09961,14.97935104
2/1/06,3.773095369,5.943468571,4.694583416,11.44179916,23.00451851,19162.38086,14.36766815
2/2/06,3.61521101,5.771617413,4.479790688,11.2199564,22.55331612,19060.38086,14.4734478
2/3/06,3.590477467,5.755404472,4.466549873,11.07542229,22.16111183,18862.17969,14.34007168
2/6/06,3.603796721,5.937630177,4.632795334,10.95777512,22.67478943,18862.17969,14.41824722
2/7/06,3.464932203,5.641916752,4.518041134,11.01155472,21.9771595,18665.06055,13.60881233
2/8/06,3.462075949,5.597170353,4.425355434,11.38465691,21.56413269,18410.24023,13.83416271
2/9/06,3.558141947,5.577066422,4.523926258,11.31071472,21.50860023,18518.33008,14.02732849
2/10/06,3.658958435,5.453850746,4.548937321,11.29726315,20.54371262,18298.58008,14.26188469
2/13/06,3.572408438,5.389650822,4.403289318,10.94096756,19.6447773,17883.63086,14.01352787
2/14/06,3.647545815,5.458392143,4.422414303,11.04516888,20.30423164,18023.00977,14.18830109
2/15/06,3.690345049,5.489520073,4.45919323,11.21323204,20.62007332,18169.16016,14.26188469
2/16/06,3.985194206,5.835166931,4.58130312,11.57624912,20.82485199,18457.24023,14.56083012
2/17/06,3.978534698,5.914935589,4.487147331,11.53591442,21.07127762,18480.7793,14.39065456
2/21/06,3.995655537,5.839707851,4.469491482,11.43843651,21.21010971,18497.38086,14.45044708
2/22/06,3.909107685,5.752161503,4.565121174,11.64011765,21.58842468,18780.46094,14.90116024
2/23/06,3.802579165,5.813119411,4.487147331,11.92918968,22.06045914,19117.7207,14.99774742
2/24/06,3.899593592,5.936982632,4.504801273,11.97288132,22.09516907,19100.89063,15.21390533
2/27/06,3.971878767,5.745028973,4.594543934,11.7039814,21.82097054,18854.66992,15.17250824
2/28/06,3.943343401,5.676934719,4.518041134,11.67372608,21.43571472,18706.32031,15.08973122
3/1/06,4.095526695,5.979134083,4.746077538,12.00985909,21.77237892,19058.74023,15.29209137
3/2/06,4.099736214,6.013504028,4.684287071,11.93254662,21.53289413,19102.33008,15.73360252
3/3/06,4.061563015,6.019989014,4.672516346,11.88212681,21.65437317,19189.25,15.62783146
3/6/06,3.888837337,5.807282925,4.560706615,11.757761,21.31076241,18991.46094,14.62521935
3/7/06,3.72564435,5.580309391,4.381219864,11.43171406,20.66519547,18551.07031,14.25728607
3/8/06,3.624490738,5.551775932,4.266467094,11.17625618,20.59924889,18398.82031,14.64821529
3/9/06,3.505201578,5.403271675,4.328257561,11.21323204,20.56801033,18310.57031,14.26648045
3/10/06,3.634987831,5.488221169,4.40623045,11.17962074,20.73808098,18420.16992,14.78618431
3/13/06,3.67315793,5.531024933,4.41358614,11.43171406,20.89079666,18706.18945,14.89196491
3/14/06,3.760002136,5.729461193,4.366509438,11.78801537,21.06780815,18941.03906,15.1911602
3/15/06,3.842071533,5.870834827,4.416528702,11.76448441,22.07434464,18999.64063,15.43662357
3/16/06,3.864976883,5.861108303,4.342968941,11.8115406,22.7789135,19166.42969,15.51535702
3/17/06,3.878335714,5.732056618,4.313544273,11.90229607,22.71297264,19345.80078,15.61262321
3/20/06,3.831575155,5.690555096,4.342968941,11.97395802,22.88650894,19581.11914,15.31157017
3/21/06,3.690335274,5.602357388,4.273822784,11.73171902,22.57413673,19581.11914,15.21431732
3/22/06,3.73328042,5.519349098,4.298832417,11.77882004,22.80668259,19598.10938,15.43199253
3/23/06,3.660752296,5.531671047,4.229687214,11.62742615,22.46307373,19255.86914,15.61725235
3/24/06,3.655982733,5.560853958,4.259109974,11.60387516,22.64355278,19339.30078,15.65429497
3/27/06,3.578683138,5.529727459,4.244398594,11.48948193,22.62273026,19226.32031,15.31621075
3/28/06,3.375413656,5.362415791,4.226743698,11.33808517,21.79320717,18929.98047,15.76545334
3/29/06,3.428853989,5.519999981,4.178194523,11.33808517,22.15417099,19132.33984,15.82102871
3/30/06,3.432117939,5.600411415,4.106106281,11.37509251,22.47348404,19214,16.01555252
3/31/06,3.428298235,5.6205163,4.072268963,11.5264883,22.65743828,19272.63086,16.16377068
4/3/06,3.54190588,5.797553539,4.382692814,11.85283947,22.87609673,19634.21094,16.58058929
4/4/06,3.556226254,5.806419373,4.340026379,11.72498798,23.21970749,19764.08008,16.63616753
4/5/06,3.589644194,5.916060925,4.310603619,11.70816612,23.57373238,19930.63086,16.13134384
4/6/06,3.590598345,5.98828125,4.264995575,11.50630379,23.6709137,19869.71094,16.13597488
4/7/06,3.526633501,5.892424583,4.14877224,11.07229424,23.35854149,19472.35938,15.47830677
4/10/06,3.430206537,5.839245796,4.111990452,11.10594082,23.53555298,19548.34961,15.28378677
4/11/06,3.393928051,5.841873169,3.98399663,11.06892967,23.17805672,19465.15039,15.36251068
4/12/06,3.378655672,5.83793354,3.897197008,11.15304279,22.90386772,19322.61914,15.77008533
4/13/06,3.373880148,5.832680702,3.894254684,11.14294529,22.92816162,19322.61914,15.81639862
4/17/06,3.367197752,5.94823122,3.957515717,11.55677128,22.93163109,19632.33984,15.61262321
4/18/06,3.447392702,6.307357311,4.042846203,11.65433884,23.69173622,19820.07031,15.77008533
4/19/06,3.574363708,6.458361149,3.991353989,11.57022476,23.91039848,19933.08984,15.44588661
4/20/06,3.684158325,6.360536098,4.141416073,11.66779327,23.11558533,19979.53906,15.58482647
4/21/06,3.69847393,6.534519672,4.135530949,11.8730278,23.06004906,20174.64063,15.63577652
4/24/06,3.684158325,6.374325275,4.004594803,11.94367695,22.70255661,20198.71094,15.70062351
4/25/06,3.63642168,6.265995026,3.961930275,12.02442455,22.98369217,20360.60938,15.69598103
4/26/06,3.659334183,6.369727612,4.038431168,12.32386017,23.431427,20566.91016,15.68672371
4/27/06,3.654562473,6.307357311,3.780972004,12.16909027,23.01146126,20390.61914,16.06650352
4/28/06,3.636125088,6.488561153,4.035489559,12.4180603,23.43489838,20646.18945,16.02481461
5/1/06,3.602698326,6.554871082,4.210561752,12.59974098,23.74380112,20646.18945,15.92292881
5/2/06,3.684835911,6.707844734,4.369450569,12.85879898,24.260952,21079.86914,15.7052412
5/3/06,3.684835911,6.668453217,4.328257561,13.15486813,24.17765236,21159.16016,14.83916378
5/4/06,3.716356993,6.652696609,4.428297997,13.24907207,24.39978409,21293.66016,14.95958519
5/5/06,3.774618149,6.906776905,4.40623045,13.17168903,24.7995472,21237.44922,15.19578934
5/8/06,3.787035227,6.882483482,4.431241035,13.57542038,25.36558723,21608.66992,14.73264027
5/9/06,3.803270817,7.019701958,4.43565464,13.81765556,25.32666969,21822.92969,14.85305977
5/10/06,3.768885612,7.015759468,4.453308105,13.75036907,25.29836655,21781.07031,14.87158871
5/11/06,3.652363062,6.827335835,4.357681274,13.2187891,25.31959534,21435.26953,14.26949978
5/12/06,3.547300577,6.607396603,4.22380209,12.76795959,24.24766159,21154.90039,13.91750526
5/15/06,3.433642864,6.386797428,4.07962513,12.40460014,23.54365158,20722.13086,13.65351295
5/16/06,3.453696251,6.481996059,4.275293827,12.6905756,23.30308533,20851.06055,13.44509697
5/17/06,3.356278419,6.134029388,4.086981297,12.24647427,22.25591469,20261.85938,11.83335304
5/18/06,3.295148849,5.981057167,4.057557106,12.16572666,21.95166969,20217.01953,12.29186916
5/19/06,3.263631105,5.892424583,4.013421059,12.19264698,21.94459343,20182.14063,12.40302277
5/22/06,3.098395348,5.574662209,3.873658419,11.44237709,21.05662155,19369.28906,11.85651493
5/23/06,3.056371212,5.574006557,3.926620245,11.13621712,20.90095901,19084.83008,12.15755463
5/24/06,2.866305351,5.40921402,3.839820147,11.05210495,20.36676025,18805.57031,11.83335304
5/25/06,3.095530748,5.646222591,3.963400364,11.51639748,21.0849247,19405.71094,12.35671043
5/26/06,3.149971962,5.951514244,4.047258854,11.74517441,21.41393471,19585.21094,12.94490814
5/30/06,2.959904671,5.627840519,3.873658419,10.92425823,20.3596859,18841.33984,12.40765858
5/31/06,2.917879581,5.702030182,3.913379669,10.98818016,20.15449905,18677.91992,12.50491905
6/1/06,3.095530748,5.79460144,3.950159788,11.37845612,20.83374214,19128.63086,13.06068516
6/2/06,3.054461241,5.864193439,4.001652718,11.63415241,21.33256149,19421.73047,13.07458401
6/5/06,2.960860968,5.642940044,3.748606205,11.06892967,20.51888466,18954.91992,12.91248131
6/6/06,2.902596235,5.60223484,3.719182968,10.90743732,19.81133842,18798.2793,12.62996578
6/7/06,2.763149977,5.370480061,3.648564577,10.60464191,19.10379028,18413.43945,12.19460964
6/8/06,2.705844879,5.294975758,3.486733913,10.68874931,18.7783165,18257.64063,11.57862282
6/9/06,2.701069117,5.167606354,3.474963665,10.18072414,18.26534462,17748.74023,11.68051529
6/12/06,2.517686129,4.863630295,3.332257986,9.743350029,17.38090897,16986.26953,10.82878208
6/13/06,2.410714865,4.607580185,3.310189486,9.47755909,16.867939,16653.15039,9.666056633
6/14/06,2.489032269,4.79929018,3.388163328,9.353078842,17.52595901,16802.09961,10.08632088
6/15/06,2.649492025,5.151851177,3.758904696,10.24128246,19.33020592,17932.33008,11.06693363
6/16/06,2.637074947,5.191241741,3.648564577,10.17735672,19.07548714,18041.78906,10.95019531
6/19/06,2.58072257,5.02448225,3.479377508,9.85101223,18.22642899,17581.88086,10.58129597
6/20/06,2.650448084,5.039583206,3.610313892,10.2480135,18.69694901,17781.2793,10.59530258
6/21/06,2.738316774,5.237858295,3.644150734,10.76949501,19.54600716,18156.21094,10.97354126
6/22/06,2.684831142,5.239827633,3.566178322,10.8704319,19.64152527,18188.40039,11.02490425
6/23/06,2.679098845,5.379668713,3.45583868,11.03192329,19.50001526,18545.73047,10.95485878
6/26/06,2.705844879,5.380325794,3.389634848,10.85360622,19.51416588,18491.40039,11.13697815
6/27/06,2.65522337,5.308763981,3.314603806,10.5205307,18.97996712,18021.4707,10.71203995
6/28/06,2.65522337,5.447291851,3.308717966,10.5878191,19.08256149,18101.83008,10.59530258
6/29/06,2.957502365,5.770311356,3.53086853,11.22032833,20.01652527,18908.33008,11.11362457
6/30/06,2.970880032,5.863536358,3.479377508,11.19004917,20.15449905,19147.16992,11.25371647
7/3/06,3.113260269,5.883234024,3.610313892,11.88648224,21.40332031,20060.82031,11.9354763
7/5/06,3.000504017,5.756522179,3.463194132,11.42218971,20.92926216,19514.61914,11.26772785
7/6/06,3.058791637,5.811672211,3.457365274,11.97732162,21.45992279,20047.61914,11.56657791
7/7/06,2.965147495,5.725663185,3.388606071,11.70816612,20.89034653,19829.59961,11.18834019
7/10/06,2.98425746,5.732230186,3.412522078,11.42892265,20.62855339,19700.15039,11.52922726
7/11/06,3.001461029,5.881263733,3.324331999,11.45247173,20.85496902,19570.21094,11.33777237
7/12/06,2.924059629,5.83202219,3.348248005,11.17659283,20.69223404,19419.43945,11.10896015
7/13/06,2.784543037,5.725007534,3.246605158,10.7661314,20.00237656,18725.25977,10.81944752
7/14/06,2.766388178,5.881921291,3.280984402,10.52725697,19.52831841,18328.66016,10.61398315
7/17/06,2.729121447,5.646222591,3.17635107,10.64837646,19.28067589,18437.98047,10.69336414
7/18/06,2.736765623,5.643599033,3.213720798,11.10257626,19.70166779,18885.66992,10.63266182
7/19/06,2.971837521,5.781469345,3.43793273,11.86966038,20.84789467,19871.7793,11.45917606
7/20/06,2.895389557,5.623245716,3.339279652,11.52985477,20.4056778,19510.51953,11.39380836
7/21/06,2.893479586,5.555623055,3.325827599,11.3465519,20.23586464,19527.36914,11.30041599
7/24/06,3.046370506,5.803792477,3.783221006,11.85384846,21.16982651,19938.69922,11.76737213
7/25/06,3.083639145,5.849750042,3.887853622,11.94177818,21.14860535,20082,11.83741474
7/26/06,3.09223628,5.910810947,3.844506979,11.55285072,20.52596092,19913.18945,11.90746212
7/27/06,3.076950312,5.946918488,3.736884832,12.00265598,20.12265587,20138.78906,12.29503822
7/28/06,3.20977664,6.087416172,3.920738935,12.24277687,20.64624405,20252.33008,12.54252052
7/31/06,3.204039812,6.032268047,3.904296637,12.1007328,20.03775215,20095.92969,12.59855938
8/1/06,3.138105631,6.032268047,3.887853622,11.79297447,19.81841087,19973.19922,12.3277216
8/2/06,3.182062864,6.172766685,3.968571424,12.03309441,20.23586464,20145.09961,12.63591957
8/3/06,3.170598269,6.200996876,3.956612587,12.01280117,20.6179409,20261.81055,12.62191105
8/4/06,3.243218422,6.149131298,3.974549055,12.09058762,20.64624405,20354.99023,13.09820652
8/7/06,3.158174992,6.197715282,3.925222874,12.20557404,20.51888466,20412.49023,12.96745777
8/8/06,3.114217758,6.216754913,4.035835266,12.00603771,20.27831841,20342.7793,12.77600479
8/9/06,3.08555007,6.21216011,3.999961376,12.12102509,19.85378838,20062.36914,13.21027565
8/10/06,3.129505873,6.233167171,4.023877144,12.1852808,19.65567589,20048.17969,13.58851433
8/11/06,3.09701705,6.188524723,3.955117464,12.33409119,19.75473404,20273.85938,13.47177601
8/14/06,3.040636778,6.03029871,3.904296637,12.41525841,19.32312965,20290.49023,13.43441868
8/15/06,3.18875432,6.124838829,3.988002539,12.63170433,19.85378838,20544.43945,13.67256546
8/16/06,3.21932888,6.132061005,4.125519276,12.81771278,20.44812775,20900,13.83600044
8/17/06,3.252776146,6.025702953,4.127014637,12.87182617,20.52596092,20971.7793,13.98542976
8/18/06,3.190661907,6.077566624,4.082173347,12.85491276,20.79482841,21046.63086,14.23291492
8/21/06,3.161037683,6.082164764,4.086656094,12.68581963,20.66039467,20861.56055,13.79864216
8/22/06,3.138105631,6.080195427,4.085162163,12.71625805,20.5825634,20986.89063,13.40172577
8/23/06,3.048281908,5.864851475,3.938674927,12.41863918,19.88916969,20742.43945,13.03283405
8/24/06,3.029171228,5.914747715,3.943160295,12.39834499,19.867939,20751.44922,13.12622547
8/25/06,2.983303308,5.957421303,3.946149826,12.52347851,20.16510963,20994.93945,13.05151367
8/28/06,3.099882364,5.910153389,4.008930683,12.77713108,20.29246712,21228.86914,13.31300259
8/29/06,3.118993998,5.895709991,4.07619381,12.98004532,20.37737656,21282.08008,13.19159603
8/30/06,3.127041817,5.876010418,4.01490736,13.09504032,20.66039467,21331.08984,13.21494007
8/31/06,3.127998114,5.886517048,3.989496469,12.61817646,20.44105148,21049.34961,13.58851433
9/1/06,3.191093206,5.953483105,4.134489059,12.96990395,20.99294281,21192.25977,13.49512482
9/5/06,3.197782278,5.939697266,4.135983467,12.89888096,21.20520592,21256.10938,13.46710396
9/6/06,3.101228714,5.671173573,4.029855728,12.36114407,20.46935654,20965.24023,12.96278667
9/7/06,3.088801384,5.639659405,4.035835266,12.37467194,20.43398094,20833.23047,13.39706326
9/8/06,3.108878374,5.498505116,4.025372505,12.36114407,20.03067589,20795.82031,13.35503292
9/11/06,3.059164762,5.241796494,3.913264036,12.35438347,19.82548904,20612.89063,13.20093441
9/12/06,3.207343578,5.229321957,4.073203087,12.69596195,20.39152718,21102.76953,13.2382946
9/13/06,3.235066891,5.40921402,4.233142376,12.87520695,20.70992279,21320.21094,13.69608116
9/14/06,3.195871592,5.267402649,4.292932034,12.78051186,20.69577026,21334.01953,13.59728336
9/15/06,3.226465464,5.203060627,4.254068375,12.90564251,20.95048714,21548.86914,13.47024345
9/18/06,3.282867432,5.410526752,4.27499485,13.25737,21.65095901,21666.07031,13.64432621
9/19/06,3.193964243,5.264774323,4.197268009,13.1457634,21.09199905,21659.01953,13.28675461
9/20/06,3.163369894,5.062561035,4.369164944,13.31148338,21.40332031,21841.44922,13.63021755
9/21/06,3.067770004,5.055339813,4.303395748,12.99019432,20.83728027,21498.08984,13.30558014
9/22/06,3.054385424,5.033674717,4.237626553,12.885355,20.56133461,21390.42969,13.49377155
9/25/06,3.077329397,5.043522835,4.301900387,12.91579437,21.07077217,21674.74023,13.36673832
9/26/06,3.119393826,5.189928532,4.431944847,13.07474327,21.29011154,21792.30078,13.64432621
9/27/06,3.168147326,5.363912582,4.512660027,13.12547588,21.19105339,21748.57031,13.64432621
9/28/06,3.190135479,5.476179123,4.579924583,13.19311333,21.30426025,21854.48047,13.69608116
9/29/06,3.1882267,5.503756046,4.590388775,13.31486702,21.28303719,21937.10938,13.45613289
10/2/06,3.278087378,5.436789036,4.509672165,13.17282391,21.17690468,21619.96094,13.73372269
10/3/06,3.206701994,5.154477596,4.544050694,13.05783367,21.22643089,21631,13.51729012
10/4/06,3.353523254,5.305480003,4.63373661,13.51778507,21.83492088,22105.9707,13.64432621
10/5/06,3.422558546,5.334369659,4.659148216,13.70041275,22.10379219,22326.85938,14.11482525
10/6/06,3.37005353,5.350124836,4.701000214,13.58204365,22.05426216,22350.05078,14.37359619
10/9/06,3.418667316,5.386892796,4.654663563,13.51778507,21.82785034,22313.41992,14.37359619
10/10/06,3.462422132,5.439414501,4.659148216,13.62939167,22.04011345,22523.56055,14.63707066
10/11/06,3.476034403,5.436131477,4.620283604,13.61924362,21.86322594,22387.08008,14.61354446
10/12/06,3.568405628,5.556276798,4.834033012,13.97773457,22.76888657,22661.82031,14.20892239
10/13/06,3.567432642,5.647536278,4.831044197,14.23814964,23.03775597,22848.32031,14.06777382
10/16/06,3.5956285,5.732230186,4.946140289,14.30916786,23.29954529,22950.17969,14.11482525
10/17/06,3.528543234,5.591732979,4.901296616,14.15021133,22.91039467,22799.41992,14.00660896
10/18/06,3.550905228,5.56612587,5.031340599,14.32269478,23.00237465,23012.86914,13.97367096
10/19/06,3.566461325,5.671173573,4.983508587,14.51885128,22.96699905,23168.51953,13.91251278
10/20/06,3.512982845,5.621274471,5.02386713,14.65413475,22.8679409,23233.48047,13.97367096
10/23/06,3.596604586,5.572691441,4.964076996,14.79955578,22.76888657,23321.41016,13.97838402
10/24/06,3.617020369,5.70925045,4.940160275,14.78941059,22.99530029,23279.76953,13.94074154
10/25/06,3.613132715,5.916060925,5.138962746,14.79955578,23.24294281,23397.68945,14.16657448
10/26/06,3.572296381,5.900303364,5.252564907,15.06334782,22.64152718,23361.41992,14.0536623
10/27/06,3.562570333,5.84384203,5.188289642,14.39033985,21.61558151,22762.85938,14.15716553
10/30/06,3.478952646,5.719758034,5.254059315,13.84583282,21.19105339,22370.08984,14.15716553
10/31/06,3.479925632,5.827428341,5.254059315,14.49856377,21.75001907,23046.94922,14.383008
11/1/06,3.488294125,5.851571083,5.161385059,14.34298801,21.62265778,23042.2793,14.25597191
11/2/06,3.477588415,5.833464622,5.260037422,14.23814964,21.51652527,23042.2793,14.28891087
11/3/06,3.523335695,5.964915752,5.27498579,14.20432663,21.4740715,23169.86914,14.27479076
11/6/06,3.592436552,6.05947876,5.340754509,14.6608963,21.84907341,23733.07031,14.54768085
11/7/06,3.568107367,6.043385506,5.298901558,14.78602791,21.71464157,23585.14063,14.86761665
11/8/06,3.594385386,6.167457104,5.399051189,14.82323456,21.75709343,23930.64063,14.65589046
11/9/06,3.502895594,6.188246727,5.579915524,14.54928875,21.91275215,23941.80078,14.6935339
11/10/06,3.49900198,6.229158878,5.681558609,14.43430424,22.08963966,23951.63086,14.76880932
11/13/06,3.521387577,5.998448849,5.742843151,14.7251482,22.23822594,24188.58984,14.81585979
11/14/06,3.662512541,6.095023155,5.67856884,14.75897026,22.55662155,24288.06055,14.8864336
11/15/06,3.697552919,6.135934353,5.895308018,14.69809723,22.88916969,24315.59961,14.93818855
11/16/06,3.686847925,5.985033989,5.837012768,14.74544621,22.66275597,24266.0293,14.77822113
11/17/06,3.695605755,5.989057541,5.690526485,14.60002041,22.6910553,24196.05078,14.86761665
11/20/06,3.679062128,5.953513622,5.735369682,15.24598026,22.71935844,24196.05078,14.50533867
11/21/06,3.720911503,6.115814686,5.856444359,15.10393143,22.99530029,24585.67969,14.40182686
11/22/06,3.736486435,6.11514616,5.874382496,15.20539474,22.9599247,24674.75,14.28420067
11/24/06,3.699501753,6.069538116,5.874382496,15.01600075,22.77596092,24792.89063,14.11482525
11/27/06,3.544744253,5.974302292,5.733873844,14.5323782,22.42926598,24442.78906,13.66315079
11/28/06,3.583677053,6.076915741,5.723412037,14.61354637,22.45756531,24344.94922,13.69137955
11/29/06,3.649861336,6.300248146,5.792171478,15.07011032,22.84671783,24776.08984,13.77606869
11/30/06,3.670301676,6.314332962,5.816085815,15.03967476,23.02360535,24962.00977,14.14775562
12/1/06,3.642074823,6.297565937,5.814591408,14.84014034,22.8679409,24962.00977,14.04425526
12/4/06,3.674194574,6.410235882,5.845981121,15.19862652,23.06605721,25207.48047,14.11482525
12/5/06,3.719939232,6.519556999,5.851961613,15.44551277,23.28539658,25593.91992,14.14305496
12/6/06,3.724805355,6.457183838,5.874382496,15.26965141,23.16511345,25615.84961,14.17598534
12/7/06,3.716047287,6.52827549,5.973035336,15.2899456,22.81133842,25639.31055,13.94074154
12/8/06,3.711178303,6.587295055,5.795160294,15.45904446,22.71935844,25756.81055,13.88428211
12/11/06,3.733564377,6.585283756,5.663621426,15.34743881,22.82549095,25828.48047,13.8513422
12/12/06,3.673222065,6.490715981,5.530589104,15.20539474,23.01652527,25828.48047,14.07510757
12/13/06,3.694629908,6.477974892,5.730885506,15.08364296,23.09435654,25690.39063,14.08459187
12/14/06,3.779309511,6.533641338,5.980509281,15.30008698,23.43398285,25863.39063,14.16992188
12/15/06,3.814348221,6.548394203,6.119521141,15.17833805,23.78775406,25757.67969,14.45910263
12/18/06,3.763741493,6.443771362,6.005920887,14.96527195,23.78775406,25857.43945,14.37851238
12/19/06,3.742326736,6.521569252,5.901287556,14.73868084,23.4410553,25621.5,14.38799763
12/20/06,3.779309511,6.592659473,5.901287556,14.56958008,23.17926598,25394.68945,14.39273262
12/21/06,3.792935848,6.587295055,5.802633762,14.60002041,23.12265778,25546.82031,14.64398766
12/22/06,3.782231808,6.58125782,5.834022999,14.3971014,22.75473785,25432.64063,14.9094677
12/26/06,3.792935848,6.657045364,6.02385807,14.66427803,22.95284843,25705.03906,14.84783745
12/27/06,3.89318347,6.818673134,6.17632103,14.9821825,23.64624786,26196.66016,14.96161556
12/28/06,3.902917147,6.823367596,6.345230103,15.1445179,23.81605911,26295.21094,14.97583771
12/29/06,3.927251339,6.907204151,6.23910141,15.29332542,23.97171783,26448.32031,14.75776577
1/3/07,4.020437241,6.742990971,6.313838959,15.6281414,24.07077408,26619.36914,15.15124607
1/4/07,4.063280106,6.5542202,6.30188179,15.61799431,23.8514328,26566.2793,14.21732426
1/5/07,3.893853664,6.455435276,6.263018131,15.13099194,23.44813156,26135.59961,14.40695286
1/8/07,4.022382259,6.496032238,6.387083054,15.1343708,23.56133842,26281.64063,14.43065834
1/9/07,3.935725451,6.325530529,6.280955315,14.65413475,22.9245472,25783.03906,14.17940235
1/10/07,3.884116411,6.301846981,6.121016502,14.81646538,23.20756531,25885.80078,14.15096188
1/11/07,3.943511009,6.313351631,6.415482521,14.94159508,23.462286,26247.90039,14.31688595
1/12/07,4.036015511,6.387099743,6.718917847,14.97541809,23.58256531,26324.38086,14.41169739
1/16/07,4.040882587,6.240953445,6.603821278,15.00585461,24.01416969,26480.33008,14.22207165
1/17/07,4.028225899,6.249751091,6.697990417,14.86719131,24.6368103,26558.5,14.14147758
1/18/07,3.984409094,6.152320385,6.590369225,14.53576183,24.62265968,26112.86914,14.15096188
1/19/07,4.074962139,6.399955273,6.651654243,14.72177124,24.76416779,26213.38086,14.12724495
1/22/07,4.05354166,6.385747433,6.53954649,14.58987713,24.8349247,26432.25,13.97081089
1/23/07,4.069120884,6.643532276,6.657632351,14.96189022,25.25238037,26810,13.92340755
1/24/07,4.086645603,6.687509537,6.747317314,15.43198681,25.41511345,27338.30078,13.9897747
1/25/07,3.96882844,6.535274506,6.572432041,14.97541809,24.34671783,26899.33984,13.87125492
1/26/07,4.047702312,6.588049412,6.639695644,14.7183857,24.33963966,27045.71094,13.80014706
1/29/07,3.932799578,6.41078043,6.523104191,14.51208401,23.95049286,26834.05078,13.69584751
1/30/07,3.951714516,6.554897785,6.70994854,14.6101675,24.69341469,27135.36914,13.99925709
1/31/07,3.958534479,6.64962101,6.599338055,15.00247288,25.03303909,27561.49023,14.10355377
2/1/07,3.980933905,6.718633175,6.672581196,15.17495728,25.41511345,27842.75977,14.23155212
2/2/07,3.965352774,6.729460716,6.678559303,15.21892071,25.78303909,27933.07031,14.16992188
2/5/07,4.034508228,6.72472477,6.639695644,15.58756351,25.37973595,27933.07031,14.07984734
2/6/07,4.052040577,6.671271324,6.727885723,15.45904446,25.72643661,27933.07031,14.22207165
2/7/07,4.07639122,6.509563923,6.895298004,15.59093761,25.94577408,28123.75977,14.21732426
2/8/07,4.04132843,6.534597874,6.986479759,16.2132225,25.82549286,28197.25977,14.02296066
2/9/07,3.953661442,6.451377869,6.859424114,15.82767487,25.34435844,27906.89063,13.89496422
2/12/07,3.863077879,6.388455391,6.680054188,15.89532089,25.01181221,27972.23047,13.84281158
2/13/07,3.85723114,6.511596203,6.313838959,16.21661377,25.24530411,28262.65039,13.83332729
2/14/07,4.009181976,6.385072231,6.518621922,16.40262032,26.14388847,28539.68945,13.86651421
2/15/07,3.957559347,6.329587936,6.594852924,16.38908768,26.04483414,28498.75,13.88548088
2/16/07,3.917622566,6.363419056,6.629231453,16.31130409,25.82549286,28491.07031,14.03244305
2/20/07,3.916648626,6.31537962,6.663612366,16.12528992,26.04483414,28589.66016,13.92340755
2/21/07,3.887424946,6.362743378,6.774223328,16.1354332,26.58964348,28715.96094,13.89022064
2/22/07,3.893268108,6.471674919,6.57990551,15.95957184,26.48351288,28676.48047,13.92814636
2/23/07,3.863077879,6.468968868,6.222659588,15.94605064,25.89624596,28505.7207,13.70533371
2/26/07,3.871842146,6.542719364,6.125500679,15.70931149,25.8537941,28046.16016,13.58208179
2/27/07,3.554051638,6.067745209,5.461830139,14.69471169,24.21936035,26418.82031,12.78090096
2/28/07,3.585236311,6.127285957,5.733873844,14.80293846,24.06369972,26638.94922,12.70031166
3/1/07,3.592063665,6.033239365,5.665116787,14.68456745,23.53303528,26647.65039,12.80933952
3/2/07,3.460432768,5.85055542,5.578421593,14.60340023,22.83964157,26321.11914,12.91363716
3/5/07,3.366827965,5.718617439,5.657643318,14.23814964,22.66275597,25788.36914,12.33052921
3/6/07,3.555011749,5.941222191,5.89381361,14.54252243,23.36322403,26355.64063,12.79986286
3/7/07,3.534536123,5.929042339,5.823559761,14.44782925,23.20756531,26184.39063,12.86623764
3/8/07,3.62618947,6.04203558,6.044784546,14.85367012,23.73822784,26773.78906,13.03689861
3/9/07,3.687616825,6.107663155,5.95659399,15.15466118,24.16275406,27106.5293,13.31185436
3/12/07,3.719796181,6.07315731,6.019372463,15.26288319,24.08492279,27261.16992,13.36874485
3/13/07,3.574513674,5.899949074,5.674084663,14.80631638,23.17218781,26589.19922,13.05363941
3/14/07,3.613514185,5.964903355,5.810107231,15.0092392,23.24294281,26719.32031,12.95322895
3/15/07,3.62618947,5.924307823,5.65166378,15.06334782,23.4410553,26883.5293,12.9388876
3/16/07,3.586213589,5.830934048,5.517135143,14.90439796,22.9245472,26901.41992,12.88150597
3/19/07,3.712970018,5.943249702,5.702484608,15.49286556,23.12265778,26901.41992,12.99147797
3/20/07,3.761723518,6.027824402,5.772738934,15.48947716,23.38445282,27407.46094,13.00104523
3/21/07,3.924553156,6.314027786,6.025352001,16.05765343,24.36794281,28219.55078,13.46485233
3/22/07,3.943078995,6.398603439,6.040300369,16.01030159,24.70756721,28258.80078,13.24490261
3/23/07,3.949905396,6.431079388,6.106068134,15.98663139,24.27596092,28272.0293,13.36444473
3/26/07,3.970380068,6.479115963,6.09112072,15.89869881,24.14860535,28158.9707,13.16840172
3/27/07,3.945029497,6.427018642,5.911750317,15.67210674,23.59671593,28124.33008,13.34053421
3/28/07,3.862147331,6.387099743,5.874382496,15.78033257,23.24294281,28098.2793,13.16361713
3/29/07,3.991830587,6.85530901,5.902781487,16.19293594,23.20756531,28704.24023,13.20186901
3/30/07,3.943078995,6.732844353,5.493218899,16.16249275,23.17218781,28747.68945,13.24012089
4/2/07,3.90115428,6.8228302,5.460335255,16.94373322,23.24294281,29171.51953,13.0392952
4/3/07,3.970380068,6.802398682,5.600841999,16.98093605,23.51888657,29348.08984,13.28315353
4/4/07,3.980136395,6.899796963,5.636715889,16.90991783,23.10143661,29370.93945,13.3309679
4/5/07,3.993792295,6.957694054,5.733873844,16.82197952,23.34200096,29370.93945,13.64177322
4/9/07,4.040616512,6.989706993,5.775729179,17.09592628,23.58256531,29632.19922,13.68481159
4/10/07,4.036714554,7.07007885,5.817581654,16.93358231,24.99058533,29515.64063,13.65133572
4/11/07,3.93915987,6.959736824,5.799643517,16.83213425,24.56605721,29278.75,13.70392895
4/12/07,3.923556089,7.114350796,5.904276848,17.03504944,24.76416779,29606.9707,13.71349525
4/13/07,3.970383644,7.213798046,6.06869936,17.21429253,24.61558723,29762.2207,14.16773987
4/16/07,4.10500145,7.327546597,6.339250088,17.15341759,24.70756721,29718.66016,14.16295624
4/17/07,4.128419399,7.16407156,6.373628616,17.23120499,24.51652718,29598.99023,13.85694313
4/18/07,4.165486813,7.133422852,6.360177517,17.16355896,24.19105721,29559.51953,13.83303356
4/19/07,4.186941147,7.013545036,6.331776142,17.28531456,24.22643471,29614.05078,13.80434418
4/20/07,4.264990807,7.089151382,6.419967175,17.56940269,24.49530411,29832.48047,13.77087688
4/23/07,4.196698189,7.012181759,6.518621922,17.38676834,24.41039658,29593.84961,13.71828556
4/24/07,4.151826382,6.989025116,6.778707504,17.47470093,23.66747093,29544.17969,13.66568089
4/25/07,4.255232334,7.194721222,6.953594208,17.63703537,23.55426598,29444.15039,13.70392895
4/26/07,4.208411217,7.057136536,6.943130493,18.33034325,23.39152908,29342.69922,13.64177322
4/27/07,4.210358143,6.974720478,6.692012787,18.46562767,23.17218781,29372.92969,13.5509243
4/30/07,4.141720295,6.895031452,6.116531372,17.76556015,22.99530029,28996.71094,13.41704273
5/1/07,4.157334328,6.916145325,6.022363186,17.56601524,22.84671783,28996.71094,13.39791203
5/2/07,4.266639233,6.952244282,6.156890869,18.05302429,23.07313347,29259.91992,13.29272175
5/3/07,4.336898804,6.991749763,6.245081902,18.42841911,23.96464348,29752.94922,13.41225719
5/4/07,4.37788868,6.950201035,6.25703907,18.56708717,24.65096474,30013.84961,13.34053421
5/7/07,4.459868431,6.835090637,6.170342445,18.70912743,24.69341469,29776.57031,12.80499935
5/8/07,4.481333256,6.8671031,6.213690758,18.55017281,24.64641953,29572.40039,12.71414661
5/9/07,4.738967419,6.922956467,6.291418552,18.87145996,25.03683281,29992.83008,13.0632
5/10/07,4.57502079,6.76357317,6.089625835,18.28637695,24.59581184,29653.82031,13.3309679
5/11/07,4.625767231,6.961098671,6.273481369,18.7057476,24.93561172,30058.75,13.62742901
5/14/07,4.547694683,6.93521595,6.53954649,18.56032181,24.6030426,29766.33008,13.55570507
5/15/07,4.573070049,7.021038532,6.656137943,18.58399391,24.50905418,29619.91016,13.22099113
5/16/07,4.815094471,7.253303051,7.123995304,19.37875748,25.07298279,30341.25,13.42182255
5/17/07,4.877546787,7.263516903,7.053743362,19.324646,25.13804817,30478.36914,13.41225719
5/18/07,4.94586134,7.314601898,7.152396679,19.94017029,25.39109421,30676.33984,13.49832344
5/21/07,5.020031452,7.413363457,7.128479481,19.90635109,25.55014801,30708.73047,13.47919369
5/22/07,4.951717377,7.401788712,7.119511604,19.92663956,25.71643448,30802.25,13.63220501
5/23/07,4.922439575,7.439249992,6.953594208,19.96046066,25.54291725,30869.83984,13.45529366
5/24/07,4.750683784,7.221289635,6.910245419,19.45316124,25.20311546,30338.58008,13.09188652
5/25/07,4.883407593,7.341168404,7.005909443,19.9875164,25.62244606,30700.00977,13.29272175
5/29/07,4.936105251,7.278502941,7.034311771,19.90296745,26.46110344,30664.73047,13.30227852
5/30/07,4.949773788,7.368412018,7.158372879,20.69435501,27.92152596,31380,13.41225719
5/31/07,4.95758009,7.367046833,7.107553482,20.47789764,28.10950089,31398.96094,13.39312744
6/1/07,5.160650253,7.574792862,7.254040241,21.19826508,28.71680641,31946.40039,13.73262596
6/4/07,5.045451641,7.624515057,7.242080688,21.03593254,28.84694099,32096.21094,13.72305679
6/5/07,4.977107525,7.608848572,7.165848732,21.06298447,28.97707748,32271.38086,13.69915485
6/6/07,4.816995621,7.457638741,6.992457867,20.50834274,28.34085274,31681.75977,13.57961273
6/7/07,4.639312744,7.262155533,6.869888306,20.14308739,27.56726646,31184.49023,13.47919369
6/8/07,4.709602356,7.461047173,7.001425743,20.58950233,28.25409698,31466.59961,13.52223778
6/11/07,4.787710667,7.620429516,7.010394573,20.71125603,28.58666801,31833.43945,13.87128925
6/12/07,4.688128948,7.602721214,7.0776577,20.40011978,28.03720093,31608.58984,14.02964306
6/13/07,4.748657703,7.844519138,7.023133755,20.76875496,28.51436996,31884.06055,14.83105183
6/14/07,4.840427399,8.060434341,7.038237572,21.06637001,28.52882957,32114.08984,15.75316238
6/15/07,5.043492317,8.272947311,7.048811436,21.62101364,29.51208115,32128.9707,16.16836929
6/18/07,5.064974308,8.332883835,7.121308327,21.67174149,29.43978691,32218.16992,16.56906891
6/19/07,5.027875423,8.407123566,7.504938126,21.80026054,28.10950089,32064.99023,16.4918251
6/20/07,4.840427399,8.230035782,7.285935402,21.2557621,27.64679337,31550.75977,16.21664238
6/21/07,4.887290001,8.390781403,7.465667725,21.53646088,28.16011047,31830.83984,16.43871498
6/22/07,4.81114006,8.275670052,7.497386932,21.34707069,27.95767593,31642.25977,16.10077667
6/25/07,4.747650146,8.170775414,7.317653656,20.81271553,27.61064339,31296.00977,16.13456535
6/26/07,4.669302464,8.113565445,7.344839573,20.35953522,26.80813599,30744.71094,16.17801285
6/27/07,4.694767475,8.208918571,7.399213314,20.83977127,26.66353798,30804.21094,15.82558441
6/28/07,4.714031696,8.253194809,7.432440281,21.0325489,26.93104172,31079.24023,15.87386894
6/29/07,4.723828793,8.260004044,7.423378468,20.94461632,26.6779995,31151.05078,15.84971905
7/2/07,4.815912724,8.568554878,7.559309959,21.22193909,27.01779938,31420.68945,16.06697273
7/3/07,4.839426517,8.768805504,7.612173557,21.73261833,27.10455704,32117.83008,15.80627728
7/5/07,4.833548069,8.861440659,7.745082855,22.29402351,27.02502823,32177.83008,15.64212322
7/6/07,4.833548069,8.958155632,7.748103619,22.368433,27.01779938,32411.83984,15.48764038
7/9/07,4.890367985,9.116179466,7.816069126,21.62101364,26.75029373,32088.25,15.71454239
7/10/07,4.847262859,8.835555077,7.578944206,21.20502853,26.51171112,31743.01953,15.88834572
7/11/07,4.939351082,8.962245941,7.612173557,21.74614906,26.5478611,31916.26953,15.80144978
7/12/07,5.186220646,9.309617996,7.917263031,22.07758141,26.72860718,32261.09961,16.59320641
7/13/07,5.331201553,9.413147926,7.994289398,22.08096313,26.95995903,32386.50977,16.27940178
7/16/07,5.407618523,9.340950012,7.948980331,21.93892097,26.06346321,32265.92969,16.35665512
7/17/07,5.466395855,9.432221413,7.844765663,21.78673172,25.72366142,31979.14063,17.62153244
7/18/07,5.464439392,9.467637062,7.785861969,21.69203949,25.88271713,31886.74023,17.8243103
7/19/07,5.611382961,9.568444252,8.039600372,21.86113358,25.97670555,32150.65039,17.86292648
7/20/07,5.533015251,9.518043518,7.917263031,21.43162155,25.21757889,31922.61914,17.76636887
7/23/07,5.707383633,9.749625206,7.6061306,22.21624565,25.21034813,32168.42969,17.86292648
7/24/07,5.380188942,9.177480698,7.284426689,21.45066071,24.81993675,31462.15039,17.42359352
7/25/07,5.409576416,9.388630867,7.201355934,20.7976532,24.62473297,31103.5293,17.44290543
7/26/07,5.068664551,8.785152435,6.841893196,19.70590401,23.80776215,29996.59961,17.02771187
7/27/07,5.029476166,8.655737877,6.669712543,19.8045311,23.41012383,30235.16992,16.57389832
7/30/07,5.119635582,8.97177887,6.950638294,20.63099289,23.66316795,30900.67969,17.42842674
7/31/07,5.103958607,8.841003418,6.69387722,20.36571121,23.38120651,30659.66016,17.18219948
8/1/07,5.131398678,8.68979454,6.755802155,19.82153511,22.73775101,30048.36914,16.87804985
8/2/07,5.184323788,8.881874084,6.751271725,20.2772789,23.31613731,30394.81055,17.14358139
8/3/07,4.978515148,8.414621353,6.515656948,19.40320206,22.87511826,29671.76953,17.12427139
8/6/07,5.049078465,8.515425682,6.574559689,19.85555267,22.5786972,29721.63086,17.28841782
8/7/07,5.115715027,8.520874977,6.360090733,20.24667549,23.33782578,30239.91992,17.54428864
8/8/07,5.294081688,8.770166397,6.68330574,20.67860985,23.97405243,30661.86914,17.54428864
8/9/07,5.045156002,8.433691025,6.283061504,19.87595367,23.80776215,29883.96094,16.57872963
8/10/07,4.990278721,8.21436882,6.402380943,19.50183487,23.30890656,29420.4707,16.25526428
8/13/07,4.911873341,8.193936348,6.494511127,19.51884079,23.56918144,29607.19922,16.36631012
8/14/07,4.709985733,7.967801571,6.343476772,18.91344643,22.96910667,28895.73047,15.73869419
8/15/07,4.43362236,7.548227787,5.956826687,18.23322868,21.65327835,28140.73047,15.44901466
8/16/07,4.218020439,7.296215057,5.743866444,18.4338932,21.28455925,27793.16016,14.65725803
8/17/07,4.480665684,7.367046833,6.482429028,19.74671745,21.7111187,28510.66016,14.4303503
8/20/07,4.504180431,7.393474579,6.326862335,19.34878731,21.63882065,28453.55078,14.59932137
8/21/07,4.535543919,7.41824913,6.169785976,19.25355339,21.40746498,28568.42969,14.54621315
8/22/07,4.727628708,7.866921902,6.400869846,19.8963623,22.36180115,29269.33984,14.94210529
8/23/07,4.674704552,7.895823479,6.255876064,20.21266174,22.34011269,29459.82031,15.2172823
8/24/07,4.817790985,8.158694267,6.414462566,20.63780594,23.04863167,30041.53906,15.68557835
8/27/07,4.798186779,8.210997581,6.64252615,20.48814964,22.87511826,30275.83984,15.56005669
8/28/07,4.535543919,7.814620972,6.328373909,19.57326126,21.74003792,29326.75977,15.28004456
8/29/07,4.719789505,8.10502243,6.400869846,20.12763405,22.29673195,29710.7793,15.80144978
8/30/07,4.664905071,8.160072327,6.237752438,20.05281448,22.49193954,29744.07031,15.66143894
8/31/07,4.837391853,8.511029243,6.713511467,20.56297302,23.34505653,30347.85938,15.82558441
9/4/07,4.954876423,8.879878044,6.832830906,20.96090698,23.69208908,30932.71094,15.81110477
9/5/07,4.823508263,8.764267921,6.681795597,20.79084015,23.33059883,30809.55078,15.80144978
9/6/07,4.831347466,8.991357803,6.776947498,20.77384186,23.31613731,30816.94922,15.75799751
9/7/07,4.696052074,8.82757473,6.633464813,20.06641388,22.39795303,30252.76953,15.6566124
9/10/07,4.619582653,8.778031349,6.678774357,20.01539803,21.62436104,29893.17969,15.43935776
9/11/07,4.68625021,9.127613068,6.699920654,20.48814964,21.68943024,30191.14063,15.11107254
9/12/07,4.709778786,9.200551987,6.613828659,20.36911201,21.50145531,30076.33008,15.24141693
9/13/07,4.862716675,9.400117874,6.631953239,20.82146263,21.71834755,30302.23047,15.14968777
9/14/07,4.88820982,9.236337662,6.748250008,20.72962952,21.08935738,30096.0293,15.00003433
9/17/07,4.805856228,9.139997482,6.730126858,20.6275959,20.56157875,29794.49023,15.00295258
9/18/07,5.156831264,9.716665268,7.097141266,21.37583542,21.65327835,30603.41992,15.20246983
9/19/07,5.237226486,9.78548336,7.252708435,21.51188278,21.37854576,30512.64063,15.72803497
9/20/07,5.213696957,9.720795631,7.294997692,21.4642601,21.24841118,30485.75,15.59177494
9/21/07,5.241148472,10.06074142,7.551758289,21.79416656,21.16888428,30583.07031,15.84483051
9/24/07,5.309775352,10.2850771,7.734512806,21.78736496,20.93029785,30543.44922,15.76695728
9/25/07,5.358794212,10.2327776,7.732999325,21.54929161,20.91584015,30294.76953,15.50418282
9/26/07,5.623500824,10.38279438,7.876483917,21.80097008,20.54712105,30303.17969,15.91296101
9/27/07,5.772515774,10.58511257,7.927834988,22.05264664,21.21226311,30528,16.71590805
9/28/07,5.758791924,10.39105225,7.962573051,21.76696205,21.63158989,30296.18945,16.86189842
10/1/07,5.929378986,10.7530241,8.241988182,22.33834648,22.11598778,30855.67969,16.9154129
10/2/07,6.019803524,10.68145275,8.34620285,22.56621742,23.46073151,31451.78906,16.99815369
10/3/07,5.733426571,10.2864542,8.160429001,21.89279747,23.0775528,31178.83984,16.56991005
10/4/07,5.860921383,10.48051071,8.065276146,21.56289673,23.17877007,31078.33008,16.93489075
10/5/07,6.178685665,10.93181896,8.080381393,22.2771225,23.78607368,31540.93945,17.15874481
10/8/07,6.221837521,10.94291782,7.945960522,22.36555672,23.63424873,31825.50977,17.47505379
10/9/07,6.335603714,11.25220299,8.28730011,22.33834648,23.72100639,31801.68945,17.71349907
10/10/07,6.259101868,11.56426144,8.377919197,22.33154106,23.45350266,32129.40039,17.42152596
10/11/07,6.072765827,11.43249989,8.246520042,22.58322334,23.49687958,31980.94922,17.47991943
10/12/07,6.164950848,11.66134453,8.28730011,23.00835609,24.06804085,32473.4707,17.58211327
10/15/07,6.070804119,11.79865456,8.470051765,22.54920959,23.77884483,32335.85938,17.25120354
10/16/07,5.860921383,11.65440941,7.918773174,22.42337227,23.53302956,32230.82031,16.95922089
10/17/07,5.917807579,11.81252384,8.264643669,23.11719322,23.37397575,32721.82031,16.9300251
10/18/07,6.066880226,11.99005222,8.155898094,23.43349075,22.59315681,32836.12109,16.92515564
10/19/07,5.815812111,11.19394779,8.066786766,22.34174919,21.63158989,31823.40039,16.31686401
10/22/07,5.874652863,11.06496906,8.474585533,22.52199554,21.27010345,31969.48047,16.50177956
10/23/07,6.231642246,11.50739765,9.043984413,22.8212986,21.52314186,32229.43945,17.28039932
10/24/07,6.208106041,11.8943491,8.820454597,22.56961441,21.45084572,32048.17969,16.92028809
10/25/07,6.141414165,12.16757774,8.79477787,21.8145752,21.47976685,31886.09961,17.0906105
10/26/07,6.437598228,12.70154953,9.762911797,22.29753113,21.98585129,32136.75977,17.34852791
10/29/07,6.527829647,13.1037569,10.40028,22.6308403,22.19551659,32100.75977,17.5139904
10/30/07,6.427793026,12.68351555,10.03024387,22.22610664,21.66051102,31783.61914,17.97628593
10/31/07,6.698478699,13.26325798,10.48788071,22.23971367,22.17382622,31458.66992,17.88382339
11/1/07,6.419948101,12.99557686,10.0483675,21.69744873,21.0532074,30806.30078,17.23660088
11/2/07,6.431713104,12.94010353,10.41387367,21.84798241,20.59772873,30806.30078,17.81569672
11/5/07,6.343616962,12.51847076,10.01211834,21.63794327,20.12056351,30157.68945,18.40452194
11/6/07,6.541790962,13.18004131,10.2341423,22.01601791,20.27238846,30430.5,18.69163895
11/7/07,6.202343464,12.86243248,9.717600822,21.06731987,19.64339066,29582.21094,18.34613228
11/8/07,6.133666992,16.19523621,9.794629097,20.71724701,19.30359268,29289.7207,18.08335304
11/9/07,5.921752453,14.94560909,9.098358154,20.54221725,19.4120388,29158.85938,17.64537811
11/12/07,5.533246517,13.16200924,8.684520721,19.55151558,18.64567757,28185.90039,16.35579491
11/13/07,6.023784161,14.63354492,9.758381844,20.9518013,19.80968094,29484.7793,17.71836853
11/14/07,6.129738331,14.31594372,9.691925049,20.98680305,19.58555412,29655.67969,18.1806736
11/15/07,6.049290657,13.83884048,9.293192863,20.65423393,19.10838699,29170.90039,18.24879837
11/16/07,6.290637016,14.66961193,9.495582581,21.00080681,18.88426208,29631.57031,18.11254692
11/19/07,5.915868282,14.00249577,8.977530479,20.23064613,18.35648727,29631.57031,18.00548744
11/20/07,6.025750637,14.56281853,9.127054214,20.49670601,18.69628906,29631.57031,17.67457008
11/21/07,5.65293932,13.73620129,8.473072052,20.22014427,18.40709686,28446.44922,17.05168343
11/23/07,5.670596123,13.97752953,8.874825478,20.31116867,18.73243713,28710.86914,17.47991943
11/26/07,5.413558006,13.10653877,8.350734711,19.63203239,18.6095314,27883.00977,16.86189842
11/27/07,5.594079494,13.13427258,8.894460678,19.69853973,18.90595436,28124.65039,17.26579857
11/28/07,6.19841671,13.69459629,9.195019722,20.78376389,20.51097107,29276.39063,17.66482925
11/29/07,6.147400379,13.39085388,8.986592293,21.02881241,20.33745575,29399.91992,18.00548744
11/30/07,6.308297157,13.35618687,9.139134407,21.58542633,20.68448639,29770.51953,18.00548744
12/3/07,6.237660885,13.4518795,8.81139183,21.97400093,20.53989029,29968.5293,18.00548744
12/4/07,6.218027115,13.34924793,8.897480011,22.1280365,19.82413864,29998.78906,17.72810364
12/5/07,6.46148634,14.23550129,9.121013641,22.7756691,20.07718277,30761.64063,17.76217079
12/6/07,6.722618103,14.7958231,9.52276516,22.76517105,20.80016136,31257.30078,17.97628593
12/7/07,6.755990028,14.79998398,9.633021355,22.70215416,20.91584015,31268.35938,17.59671783
12/10/07,6.72457695,14.57113647,9.722133636,22.45010376,20.96644974,31182.75,17.65510941
12/11/07,6.579284668,14.32425785,9.528808594,21.70095444,19.99042511,30327.35938,17.17820549
12/12/07,6.536089897,15.5295105,9.773486137,22.18055344,19.65062332,30327.35938,17.37285614
12/13/07,6.316195011,15.33810902,9.617920876,21.93199921,19.43372917,30088.03906,17.25120354
12/14/07,6.172867298,14.88596821,9.335483551,21.73596001,19.05054855,29994.90039,17.22423363
12/17/07,5.86461401,13.84438419,8.593901634,20.6437397,18.42155457,28968.19922,16.32208252
12/18/07,6.072738171,14.47127533,8.76003933,21.00781059,18.51554108,29254.98047,16.28776169
12/19/07,6.168941498,14.59333038,8.708687782,20.71375084,18.39263916,29074.11914,17.04282379
12/20/07,6.180720329,14.97889805,8.820454597,20.71724701,18.32757187,29148.44922,17.44487381
12/21/07,6.17482996,15.70010281,9.068151474,21.31237411,18.66736984,29638.40039,17.30267906
12/24/07,6.320122719,16.1439209,9.255434036,21.44539833,18.94210052,29853.76953,17.31739044
12/26/07,6.424181938,16.21465492,9.566567421,21.44539833,19.38312149,30002.46094,17.40564346
12/27/07,6.253361702,16.08428192,9.012265205,21.23535538,19.06500816,29642.11914,17.15559196
12/28/07,6.284784794,16.3131237,9.288661003,21.25986481,19.15899467,29700.18945,16.76826096
12/31/07,6.28281641,15.98303509,9.288661003,21.49090576,18.6890583,29536.83008,16.68000221
1/2/08,6.083694458,16.47817421,9.386834145,20.82227325,18.71797943,28699.11914,16.96437645
1/3/08,5.959536076,16.19385338,9.439697266,20.98680305,18.79027367,28860.7793,17.28307343
1/4/08,5.829549313,15.24103165,9.31282711,20.45819473,18.06729507,28317.91992,17.09675407
1/7/08,5.873538971,14.92480469,10.22659016,20.32167435,17.95884895,28152.56055,17.27326775
1/8/08,5.919539928,15.30482483,9.927540779,20.51770973,17.886549,28267.7793,16.76334572
1/9/08,6.057527542,15.84018421,10.22054768,20.76276016,17.99499702,28401.60938,17.19971848
1/10/08,6.117526054,15.82215118,11.00744247,21.27736855,18.32757187,29069.56055,17.05752945
1/11/08,6.015533447,15.42409801,10.89567566,20.76276016,18.28418922,28723.82031,16.63097
1/14/08,6.043530941,15.48198986,10.78239918,20.59822655,17.92269897,28607.44922,16.54762268
1/15/08,5.805544376,14.68047905,9.972851753,19.79655838,17.02620125,27961.84961,15.89062309
1/16/08,5.5115695,13.64936543,10.00608063,19.23294449,16.99005318,27343.57031,16.02790451
1/17/08,5.315587521,12.8798542,9.4699049,18.59231377,16.2309227,26698.66016,15.51799774
1/18/08,5.387577057,13.1317215,9.415530205,18.4487896,16.61410332,26713.83008,15.39051914
1/22/08,5.171595097,13.43924904,9.315848351,18.97038841,17.22863579,26892.74023,14.68447685
1/23/08,5.213593483,13.68415642,9.272047043,19.69504166,17.91546822,27620.33008,15.19929695
1/24/08,5.453577995,14.2532835,8.920138359,19.95759392,18.81196785,27905.13086,15.71901321
1/25/08,5.39357996,14.55802345,9.403446198,19.28545761,17.61904716,27379.91992,15.43463612
1/28/08,5.50957346,15.30944061,9.655677795,19.94008446,17.35154533,27758.92969,16.06712723
1/29/08,5.429575443,15.10210705,9.403446198,20.71724701,18.42155457,28263.94922,16.04751396
1/30/08,5.413575649,15.20229626,9.297725677,20.68924141,18.36371803,28296.80078,15.78766251
1/31/08,5.409574509,15.44024181,9.176895142,20.95879745,19.54940414,28793.64063,16.3809185
2/1/08,5.327586174,15.73245716,9.403446198,21.59593582,20.07718277,29429.92969,16.83199501
2/4/08,5.287593365,15.84795666,9.128564835,21.29136658,19.73737907,29429.92969,16.64568329
2/5/08,5.023605347,14.81545734,8.720769882,20.12912941,18.29141998,28086.9707,15.51799774
2/6/08,5.010004997,14.75144386,8.57275486,20.26915741,18.35648727,27929.28906,15.27284527
2/7/08,5.090035915,15.52929878,8.563694,20.39868546,18.66736984,28088.32031,15.54741096
2/8/08,5.086037636,15.5251236,8.349223137,20.42668724,18.84811401,28185.25977,15.54250813
2/11/08,5.246100903,16.01633072,8.294850349,21.08482933,19.14453506,28789.55078,15.64057064
2/12/08,5.386154652,15.82847786,8.51234436,21.15834427,18.92764091,28869.96094,15.86119556
2/13/08,5.562224865,16.30158997,8.714727402,21.74295616,19.20237541,29306.75977,16.01809502
2/14/08,5.522208214,16.03442192,8.790246964,21.48740959,18.89149284,29138.91992,16.24363518
2/15/08,5.458178043,15.92588615,8.969978333,21.24585533,18.81196785,28744.81055,16.20931053
2/19/08,5.594237328,16.3725605,8.876338005,21.13383865,19.29636383,28899.9707,16.61625481
2/20/08,5.712280273,16.77331352,8.808368683,21.49090576,19.52048492,29224.43945,16.52801323
2/21/08,5.7362957,16.44769859,8.528956413,21.3403759,19.86751747,29361.32031,16.63587189
2/22/08,5.888357639,16.49640274,8.136263847,21.53291702,19.93981552,29528.78906,16.62116814
2/25/08,5.988905907,16.68425941,8.397554398,22.07553482,20.20731735,29962.88086,16.57213211
2/26/08,6.337418556,16.94169044,8.504788399,22.4676075,20.64833641,30228.08008,16.57213211
2/27/08,6.459598064,17.3953228,8.418700218,22.46410751,20.52542877,30424.75977,16.31227684
2/28/08,6.491649151,17.37444878,8.137775421,22.04402161,20.85800362,30130.4707,16.38582039
2/29/08,6.287346363,16.32803154,7.829663754,21.16534233,19.91812515,28918.51953,16.54762268
3/3/08,6.483642101,16.35585976,7.594049454,21.40689087,19.79521942,29526.69922,16.25834656
3/4/08,6.332462788,15.66149426,7.085059643,21.05681419,19.50602722,29261.10938,16.01320457
3/5/08,6.562992573,16.24732399,7.142452717,20.85728455,19.56386566,29277.34961,16.58684158
3/6/08,6.178107738,15.79786015,6.853974342,20.24815559,18.56615067,28717.03906,16.05732727
3/7/08,6.081888199,15.5390377,6.520188332,20.27615929,18.18297195,28612.75,16.13576889
3/10/08,5.891452312,15.11184502,6.227180004,19.66703033,18.1757431,28207.28906,16.56232643
3/11/08,6.270318508,15.94397163,6.861526966,20.85377312,19.30359268,29466.16992,17.37132645
3/12/08,6.202165127,15.91614342,6.494511127,20.52120972,19.59278488,29283.40039,17.3419075
3/13/08,6.210178375,15.56687355,6.379724979,20.92728996,20.38806534,29703.08984,17.80433273
3/14/08,5.997696877,15.05896854,6.092758179,20.59822655,18.85534286,29048.50977,17.61639595
3/17/08,5.821295738,14.41191292,5.310395718,20.35317421,17.48168182,29048.50977,17.14654732
3/18/08,6.132005215,14.8418951,5.974949837,21.59243202,18.73966599,29515.55078,17.71530533
3/19/08,5.664934635,13.56030846,5.364768982,20.58771706,17.90823936,29071.33984,16.87454414
3/20/08,5.620835304,13.33627319,5.429714203,20.75925827,18.24080849,29071.33984,17.0278511
3/24/08,5.652909756,13.58118057,6.141089439,21.49791145,19.24575233,29634.16016,17.43340111
3/25/08,5.849359989,14.25466728,6.494511127,21.71494865,19.61447334,29981.08008,17.42351341
3/26/08,5.797240257,14.58306885,6.145620823,21.58893013,19.35420036,30057.25977,17.42845917
3/27/08,5.656916142,14.17257023,5.961357594,21.56442261,19.36143303,29987.05078,17.1613903
3/28/08,5.512589931,14.04038048,5.977972031,21.62043762,18.71074677,30089.90039,17.31965446
3/31/08,5.564705372,14.20875263,5.768032551,22.2960701,18.88426208,30912.99023,17.53725243
4/1/08,5.741115093,14.54828262,6.219628334,23.14324951,19.9108963,31787.67969,17.71530533
4/2/08,5.885697842,15.09375858,5.958337307,22.84218788,19.88197708,31467.86914,17.66090584
4/3/08,5.94184351,15.30109596,5.950784683,23.36729431,19.86751747,31689.60938,18.09116936
4/4/08,5.997993469,15.41797829,5.879799366,22.86318779,19.02886009,31545.36914,18.10106659
4/7/08,6.162438869,15.4920187,6.278531551,22.71616173,19.78076172,31715.43945,18.14557648
4/8/08,6.174468517,15.88246346,6.110881805,22.59013557,19.50602722,31726.85938,18.81818199
4/9/08,6.05214119,15.98564911,6.209054947,22.01251793,19.10115623,31417.83008,18.55606651
4/10/08,6.134361744,16.05955124,6.061040878,22.32057571,19.33974266,31649.05078,18.73410606
4/11/08,6.020052433,15.73604488,5.882819176,21.93199921,18.82642555,31302.57031,18.66487885
4/14/08,5.923794746,17.03704071,5.771053314,21.87248039,18.55169296,31192.48047,18.58573723
4/15/08,5.961899757,17.16532707,6.074633598,22.42559814,18.63844872,31375.94922,18.79840469
4/16/08,6.271726608,17.12907219,6.329883575,23.04872894,18.84088516,31910.21094,19.25834274
4/17/08,6.539438725,17.49859238,6.230199814,23.05572891,18.94933128,31785.99023,19.47100639
4/18/08,6.521390438,17.49859238,6.370663166,22.90169716,19.32528305,31795.67969,19.41165543
4/21/08,6.557487965,17.96294022,6.66216135,23.30077744,19.79521942,32095.03906,19.63915634
4/22/08,6.569519043,17.7970047,6.586642742,22.9752121,20.12779045,32039.7207,19.09019279
4/23/08,6.503342152,17.59480667,6.589663506,22.90519905,19.46987915,31847.98047,18.70937538
4/24/08,6.533424377,17.01891518,6.773926735,22.80368042,19.95427704,31746.23047,18.84786034
4/25/08,6.659762859,17.19739723,7.128858566,19.70204163,20.2651577,31009.01953,19.32757759
4/28/08,6.572525024,17.11791801,6.853974342,20.09412384,20.0699501,30623.39063,19.14953613
4/29/08,6.316848755,16.28545189,6.816216469,19.99609756,19.74461174,30270.64063,19.06051636
4/30/08,6.792113781,16.93105888,6.734658241,20.29015541,19.99042511,30281.41016,19.74301338
5/1/08,7.342580318,17.00497437,6.909858704,19.7370472,20.15670967,30281.41016,20.47992516
5/2/08,7.399734497,17.34939957,7.08355093,20.25164604,20.24346924,30551.4707,21.01899338
5/5/08,7.347578049,17.6450119,6.982354641,20.51770973,20.77124405,30958.89063,20.59366608
5/6/08,7.115896702,18.16791916,6.847933292,20.60873032,21.66851234,31223.41992,20.20790291
5/7/08,6.869173527,17.67429161,6.684815407,20.27966118,20.94622993,30762.16016,20.22274971
5/8/08,6.854132652,17.78723907,6.503573895,19.94359207,21.17706108,30751.9707,19.68366432
5/9/08,6.827050686,18.01592636,6.415973663,19.99259949,21.22918701,30674.35938,19.09019279
5/12/08,7.019613266,18.32269669,6.376704693,19.9050827,21.1696167,30637.35938,19.54519081
5/13/08,6.92032814,18.78285789,6.411442757,19.91909027,21.22918701,30887.40039,19.77269363
5/14/08,6.857144356,18.48166084,6.536801815,20.47920036,21.51958847,31336.57031,19.67377853
5/15/08,6.941390038,19.03943062,6.754292488,20.39168167,22.01848602,31542.9707,20.35132599
5/16/08,7.040678501,19.70317841,6.715023518,19.9610939,22.91948128,31486.94922,19.88643456
5/19/08,7.070773602,20.132658,6.719554901,19.95409012,23.73111725,31796.41016,19.36220741
5/20/08,7.010583878,20.66811752,6.502063274,19.88057899,23.27689743,31526.16992,18.99127769
5/21/08,6.872180939,20.96931076,6.192441463,19.55501366,22.97160339,31126.07031,18.40274429
5/22/08,6.836081028,20.08523941,6.178848743,19.90857887,23.24711227,31245.67969,18.38791466
5/23/08,6.815013885,20.18564034,5.953806877,19.9330864,22.94181824,31068.69922,17.85872841
5/27/08,6.815013885,19.6111412,5.70006609,20.16413116,22.8375721,31414.21094,17.88839531
5/28/08,7.148995876,20.46175194,5.751418114,20.46520042,22.18975258,31647.0293,18.20492744
5/29/08,7.097850323,19.73943329,5.69553566,20.53171539,21.39300537,31837.26953,18.35824585
5/30/08,7.224219799,19.66134644,5.6985569,20.92378998,21.17706108,31975.4707,18.89237404
6/2/08,7.067759037,19.89839172,5.345132828,20.46870041,20.81964493,31636.21094,18.44231796
6/3/08,6.928706169,18.98365211,5.280189037,20.05911636,20.97601509,31492.64063,18.47692871
6/4/08,6.817335606,18.23903656,5.289251328,19.94709206,21.29620171,31448.10938,18.52144432
6/5/08,7.061136723,19.11194229,5.580749035,20.0801239,21.54937553,31726.00977,18.78850746
6/6/08,6.814326763,18.98365211,5.354196548,19.30295753,20.86432266,31149.06055,18.46209526
6/9/08,6.763162613,19.2430191,5.236388206,19.52000618,20.32819366,30933.43945,18.0961113
6/10/08,6.540431976,18.48724174,5.160871029,19.35547256,19.91865349,30898.86914,17.26524925
6/11/08,6.392948151,18.45656395,4.928276539,19.26794815,19.11445808,30446.24023,17.0328064
6/12/08,6.600625992,18.54859734,5.328519344,19.89108276,19.24848938,30475.43945,17.02291107
6/13/08,6.639754772,18.94740295,5.535438538,19.81056404,19.1740303,30413.48047,17.13171959
6/16/08,6.621702194,19.10915756,5.570176601,19.68453598,19.15913582,30354.17969,17.67339897
6/17/08,6.817335606,19.41591835,5.638143063,19.25395203,18.99532127,29925.26953,17.30894279
6/18/08,6.687914848,19.14541054,5.482575417,18.93188477,18.15389633,29618.10938,17.29897118
6/19/08,6.624713421,18.58764076,5.372320652,18.61681747,18.13155937,29847.84961,17.21908188
6/20/08,6.444118023,18.20277596,5.065720081,18.46278954,17.81136894,29533.43945,17.07430267
6/23/08,6.374889374,18.49560928,5.002284527,18.47328758,17.72201538,29464.53906,16.95947838
6/24/08,6.329746246,18.44540787,4.810469627,18.29125214,17.85604858,29291.60938,16.71484756
6/25/08,6.447124481,19.19560623,4.934319496,18.82686043,18.52620506,29569.43945,16.61998558
6/26/08,6.242455006,19.05337334,4.680579185,18.46278954,18.10177231,29199.93945,15.99093151
6/27/08,6.200314045,19.30716324,4.479701519,18.42427635,18.31026649,29295,15.72633171
6/30/08,6.178427696,19.75337791,4.343770981,18.46628571,18.39217567,29395.49023,15.6714201
7/1/08,6.069711685,19.58882904,4.142894268,18.301754,17.90072441,29221.10938,15.55658627
7/2/08,6.014326096,18.71314049,4.133832455,17.95868492,17.08908463,28680.83008,15.57656002
7/3/08,6.089848995,18.3282795,4.097583771,18.07070541,17.37204361,28465.55078,15.77127075
7/7/08,5.987143993,17.98525047,4.206329346,17.89217377,17.06674767,28383.5293,15.70136642
7/8/08,6.074747086,17.37727928,4.376999378,18.13372231,17.53586006,28551.25,15.79123211
7/9/08,5.953919888,16.92828178,4.299044132,17.46508217,17.47628975,28095.78906,15.72133541
7/10/08,6.074747086,17.21831894,4.4174366,17.72413826,17.15610123,27877.33008,15.6664257
7/11/08,6.038500309,17.20995522,4.091472149,17.57360268,16.55295563,27614.53906,15.05733776
7/14/08,5.99016571,17.391222,4.042270184,17.55960464,16.22532463,27517.10938,15.02738476
7/15/08,5.881417274,17.07608604,3.754744768,17.74863815,15.83811951,27435.80078,14.4382658
7/16/08,6.319425583,16.78325844,4.076097012,18.2142334,16.16575432,27968.82031,14.88259888
7/17/08,6.379841328,16.18086624,4.462026596,18.63432312,16.82846832,28215.85938,15.35189438
7/18/08,6.606398582,16.19202232,4.612708569,18.58880997,16.82846832,28169.76953,15.18713665
7/21/08,6.573167324,16.63823891,4.606557369,18.2142334,16.70188141,27988.4707,15.41181183
7/22/08,6.582233906,16.09999275,5.210823536,17.49771309,17.34225845,27592.24023,15.44674969
7/23/08,6.485566616,15.56453705,5.661330223,17.25734329,17.26034927,27644.75,15.90606403
7/24/08,6.292239666,14.87568474,5.061679363,16.67054749,16.4412632,27644.75,15.95598793
7/25/08,6.237868309,14.80875587,4.934060574,16.92152405,16.49338913,27084.76953,16.20561218
7/28/08,6.114016056,14.95098972,4.51737833,16.80487633,16.18809128,26732.83984,16.27051353
7/29/08,6.28015852,15.05975151,4.66190958,17.53660011,16.69443512,27318.64063,17.17415619
7/30/08,6.527860641,15.89082432,4.594256878,17.8830204,16.2476635,27474.03906,17.06930542
7/31/08,6.413073063,15.59242535,4.552742481,17.8476696,15.83067417,27501.01953,16.83965302
8/1/08,6.298282146,15.18803787,4.674211025,17.64617729,15.1456213,26959.17969,16.99941444
8/4/08,5.916537762,14.41552734,4.512766361,17.46590233,15.12328339,26487.75977,16.61998558
8/5/08,6.031363487,14.008358,5.213898182,18.05622482,16.27000046,26990.18945,16.74979591
8/6/08,6.17942524,14.4434185,5.218511581,18.25065231,16.2476635,27342.39063,16.41530609
8/7/08,6.055539131,14.53265667,5.003251553,17.76990318,15.77110291,26986.98047,16.00091934
8/8/08,5.955822468,14.23983479,5.403018951,17.76282883,15.88279819,27132.78906,16.36536789
8/11/08,5.759407997,13.78804016,5.484510899,17.28561974,16.22532463,26943.68945,16.74479675
8/12/08,5.650626659,13.78524971,5.032464981,17.02757454,16.39658737,26636.55078,16.44025612
8/13/08,5.665734291,14.38764,4.934060574,17.41994667,16.15830994,26877.07031,15.94100857
8/14/08,5.705015182,14.13385677,4.831042767,18.04208374,16.15085983,27247.44922,16.06083107
8/15/08,5.566017628,13.58724213,4.784916401,18.06329536,16.18809128,27340.83008,15.85114861
8/18/08,5.442129612,13.32230377,4.592719555,17.64264488,15.78599644,26777.48047,15.54660225
8/19/08,5.45723772,13.86054993,4.597332954,17.8476696,15.37645435,26732.10938,15.78124809
8/20/08,5.596233845,14.40716076,4.780304432,18.11985016,15.4732542,26865.03906,16.12073898
8/21/08,5.674800396,15.07648659,4.566581726,18.10925484,15.19774437,26534.9707,16.42528725
8/22/08,5.611347198,14.73345757,4.651148319,18.44859886,15.35411549,26875.44922,16.08579254
8/25/08,5.484428406,14.35696125,4.538905621,18.03501892,15.09349728,26416.61914,15.75129795
8/26/08,5.445147991,14.3737011,4.660373211,17.71333885,14.79564857,26071.46094,15.84614754
8/27/08,5.514649868,14.83664513,4.606557369,18.18702316,14.86266613,26131.34961,16.13571739
8/28/08,5.602277279,14.79760456,4.735713959,18.29659653,14.98925114,26444.11914,16.23057556
8/29/08,5.562996864,14.70836258,4.769540787,18.16227722,14.92967987,26290.99023,16.62498283
9/2/08,5.477751255,13.70716476,5.037077904,18.16580963,15.54771709,26522.75977,16.97445297
9/3/08,5.498905182,13.39759827,5.001712799,17.87948227,15.59984112,26467.78906,17.07430267
9/4/08,5.272175789,12.66692448,4.711112976,17.62143326,15.06371212,26151.63086,16.7647686
9/5/08,5.290317059,12.49680614,4.875632763,17.53660011,15.1158371,25904.17969,16.58004761
9/8/08,5.365893841,12.04501247,4.934060574,17.58255386,15.85301208,26232.56055,16.55509186
9/9/08,5.009176731,10.72031307,4.649610043,16.73418045,15.20519161,25629.78906,16.62997437
9/10/08,5.030334949,11.04660702,4.79260397,16.4125061,15.22753048,25622.91016,16.72482872
9/11/08,4.915459633,11.76334,4.654222965,16.52915573,15.00414276,25552.49023,17.51364136
9/12/08,5.127077579,12.74501228,4.589643955,16.87557602,13.92443943,25588.41016,17.07929611
9/15/08,4.601066589,11.25297928,4.014594555,15.75854588,12.92664623,24618.15039,16.3354187
9/16/08,4.688733578,11.77170849,3.874675274,16.37361336,13.6489296,24618.15039,15.54160881
9/17/08,4.189929008,10.95736599,3.57792449,15.20356655,12.68836689,23456.83984,14.06402874
9/18/08,4.504329205,11.01593018,3.999219418,16.57863998,12.7479372,24577.90039,14.74048328
9/19/08,5.05149889,13.19680786,4.303657055,17.28561974,14.66161633,25701.0293,15.20994663
9/22/08,4.975923538,13.39759827,3.966929436,16.28878212,14.2148428,25131.91016,15.1443243
9/23/08,4.746172905,12.39362049,3.997680426,15.74794674,13.44788265,24969.16992,15.27052689
9/24/08,4.752217293,12.63345718,4.266756058,15.87166405,13.42554283,24944.25,14.50826454
9/25/08,5.036383152,13.47568893,4.219090462,16.9462719,13.69360638,25645.5,15.34120178
9/26/08,4.882208824,12.98485279,3.834698439,16.93919373,13.43298912,25593.76953,15.13927364
9/29/08,4.093197346,10.96294308,3.356514215,15.25658989,12.00331306,23955.66992,14.03373909
9/30/08,4.867091656,12.25696564,3.616363764,16.38775635,12.82239914,24888.90039,14.361866
10/1/08,4.827791214,12.12589169,3.682478905,16.51148224,12.21925449,25117.32031,14.61427593
10/2/08,4.270403385,10.61991501,3.767045259,15.07631397,11.16933823,24027.34961,14.20032978
10/3/08,3.970991611,10.24063396,3.504120827,14.07593822,10.12686539,22989.5,12.94335461
10/6/08,3.571774244,9.537846565,3.176619053,13.5457058,8.764206886,21749.13086,12.87267685
10/7/08,3.341922522,8.335851669,3.075139523,12.55946732,8.34721756,20884.74023,12.20632648
10/8/08,3.254216433,8.305175781,2.703047514,11.97621441,7.535579681,20678.9707,9.732751846
10/9/08,3.075778961,7.694417,2.667682648,11.34700203,6.083566189,20310.19922,10.65150833
10/10/08,2.930609226,7.278880119,2.129534006,11.41770172,5.286818981,19905.26953,9.874094009
10/13/08,4.02240181,9.482067108,2.767625332,13.65528488,6.180366516,22095.89063,11.3733902
10/14/08,4.082893848,9.088839531,2.741486311,12.8952837,6.679264069,22244.60938,11.05536079
10/15/08,3.19372797,6.991630077,2.352480888,11.85956287,5.741038799,21135.41992,9.036112785
10/16/08,3.553628206,7.125495434,2.629243851,11.78886318,5.234695911,20457.92969,10.03058815
10/17/08,3.441725969,7.309558392,2.477024317,12.28728199,5.562329769,20312.83008,9.505583763
10/20/08,3.6534307,8.115533829,2.6830585,12.77156448,5.882518291,20786.21094,9.561114311
10/21/08,3.402410984,7.485255241,2.560053349,11.70755863,5.68146944,20203.26953,9.596455574
10/22/08,2.788463831,6.456171989,2.171048403,10.24058342,5.041093826,18787.33984,8.819045067
10/23/08,2.918511152,6.718322277,2.212562561,9.484117508,5.055986881,17798.99023,8.713035583
10/24/08,2.558610916,5.870513916,1.912736177,8.6109972,4.49751997,16978.83984,8.384904861
10/27/08,2.549539566,5.477290154,1.914273739,8.352946281,4.303917885,16891.0293,7.738749981
10/28/08,3.112071991,6.274896622,2.277140379,9.908302307,4.832600117,18632.5293,8.430337906
10/29/08,3.302607775,6.751788616,2.186424255,9.978998184,5.190018177,19157.33008,9.132026672
10/30/08,3.722992182,7.535457134,2.484712124,11.16318607,5.517652512,20207.01953,9.995251656
10/31/08,3.538506746,7.49919796,2.663070679,10.9369545,5.629345894,20445.32031,9.858956337
11/3/08,3.756260395,7.35418129,2.789151192,11.15611744,5.860178947,20612.67969,10.56063843
11/4/08,4.075458527,8.528283119,2.992110729,12.0044899,6.046334743,21535.26953,11.09069347
11/5/08,3.406807423,7.546608925,2.635394573,11.1384449,5.599560738,20446.76953,9.808474541
11/6/08,3.164758921,6.927486897,2.564665556,10.80262566,5.301712036,19650.85938,9.313757896
11/7/08,3.427986383,7.465732098,2.793763399,11.36467743,5.212357521,19865.2207,9.874094009
11/10/08,3.379575253,7.588440895,2.922919512,11.25509548,4.981523991,20020.5293,10.21737003
11/11/08,3.185940266,7.150594711,2.593880415,10.8803997,4.631551266,19795.25,10.06088066
11/12/08,2.84707284,6.1103549,2.28021574,10.37490845,4.259241104,18804.94922,9.313757896
11/13/08,3.44311285,6.682067394,2.486249685,11.53081608,4.192224026,19710.09961,10.83323669
11/14/08,3.08306551,5.982068539,2.32326746,10.8733263,3.827359676,19562.14063,9.434913635
11/17/08,3.02860713,5.945813179,2.309429884,10.8167696,3.723112106,19562.14063,9.243083
11/18/08,3.004404545,5.703184605,2.234088182,10.89453602,3.536957026,19036.23047,9.60655117
11/19/08,2.605026722,4.980874062,1.929649115,10.29006863,3.410371304,18578.38086,9.349099159
11/20/08,2.299443245,4.166531563,1.742066383,9.84113884,3.194429874,18190.69922,8.935150146
11/21/08,2.55661726,4.852585793,2.012678623,9.989603996,3.052952051,18251.41016,9.480345726
11/24/08,2.877328634,5.385255337,2.143371344,10.82383728,3.417817354,19529.25,9.924583435
11/25/08,2.968095541,5.438244343,2.09724474,10.49862862,3.790128946,19297.63086,9.793329239
11/26/08,3.273681164,6.168920517,2.031129122,10.89807034,4.91450882,20025.78906,10.12650681
11/28/08,3.219219685,5.839838028,2.18949914,10.6046772,5.175126076,20534.7207,10.26785278
12/1/08,2.844048262,4.986451626,1.89428544,10.17341709,4.504966259,19533.08008,10.26280403
12/2/08,3.136172295,5.139837742,2.029592037,10.40318584,4.88472414,19802.26953,10.53035259
12/3/08,2.978757143,5.203980923,2.143371344,10.27946472,5.003862858,20147.00977,10.66664982
12/4/08,2.875833273,4.785655499,2.151060104,10.02495289,5.115555763,19916.21094,10.9039135
12/5/08,2.984810352,5.003184319,2.358632088,9.933045387,5.458083153,20081.83008,10.95944214
12/8/08,3.102873564,5.393622398,2.490862846,11.1207695,6.999450684,21168.7207,11.84286118
12/9/08,3.164482355,5.424300671,2.407834053,11.0394659,7.379209042,21439.65039,11.61569786
12/10/08,3.241816282,6.157764912,2.616942883,11.59444427,7.900444508,21689.83984,11.95896912
12/11/08,3.136641741,6.383663177,2.598492384,11.73937702,6.426092625,21408.34961,11.48444843
12/12/08,3.288215876,6.431071758,2.726109982,11.20913982,6.076118946,21408.34961,11.42386532
12/15/08,3.213978529,6.514737129,2.667682648,11.1207695,6.016549587,21050.55078,11.52987862
12/16/08,3.594455242,7.211947441,2.962896109,11.9479351,7.059021473,22032.53906,12.42318153
12/17/08,3.411945343,6.891230106,2.88140583,11.87369919,7.401547432,22572.5,12.28992462
12/18/08,3.241816282,6.433859348,2.952133417,11.71109772,7.33453083,22347.16992,12.16180038
12/19/08,3.241816282,6.525893688,2.990572929,11.49546909,6.887758255,22221.64063,12.14642715
12/22/08,3.065492868,6.099200726,2.876792431,11.31165504,6.426092625,22059.17969,12.08492756
12/23/08,2.944854736,6.054578304,2.689209223,11.12783813,6.723941326,22174.25977,11.94142437
12/24/08,2.901548147,6.216331959,2.806064367,11.21621037,6.552677631,22340.69922,11.87992382
12/26/08,2.923201799,6.288841248,2.6830585,11.23742008,6.67181778,22515.33984,11.61854267
12/29/08,2.892267227,6.476486206,2.922919512,10.74253559,6.74627924,22392.38086,11.61854267
12/30/08,3.04074955,6.861023903,2.949058771,10.67183685,6.798403263,22420.00977,11.85942173
12/31/08,3.053121328,7.080763817,2.959821224,10.95462799,6.805850029,22380.32031,11.96704578
1/2/09,3.300587177,7.505782127,3.168930769,11.26216698,7.4387784,23250.96094,12.26943207
1/5/09,3.413548946,7.789130211,3.228896141,12.06104946,7.751520157,23238.85938,12.14129829
1/6/09,3.608517647,8.150542259,3.38265276,12.06104946,7.85576725,23005.41016,12.26943207
1/7/09,3.314513683,7.49711132,2.932145119,11.52021027,7.446224213,22117.50977,11.63904476
1/8/09,3.299041271,7.829610348,2.904468298,11.45304871,7.662164688,21955.40039,11.97217274
1/9/09,3.264999866,7.792022228,2.879868031,11.22328091,7.744073391,21741.28906,11.80304718
1/12/09,3.09787941,7.155940533,2.669220924,10.8627224,6.984558582,21162.26953,11.87479496
1/13/09,3.001942158,7.27159214,2.719960451,10.9369545,7.245176315,21047.30078,12.04392433
1/14/09,2.71722126,6.728027344,2.633856297,10.25471973,6.887758255,20369.23047,11.56216812
1/15/09,2.810064793,7.060526848,2.535452366,10.2193737,7.051575184,20280.49023,11.59291363
1/16/09,2.868865013,7.225329399,2.592342854,10.18402386,7.252623081,20325.39063,11.58266735
1/20/09,2.587239027,6.652853966,2.254077435,9.579554558,6.27716732,19213.01953,10.93177986
1/21/09,2.865769625,7.27159214,2.397070408,10.01081276,6.56757021,19497.09961,11.07528114
1/22/09,2.757451534,7.022941113,2.307891846,9.629043579,6.284613132,19306.73047,10.70627975
1/23/09,2.847204208,7.106786251,2.277140379,9.770442009,6.32929039,19348.81055,10.91640472
1/26/09,2.813160658,7.069200516,2.252538681,9.826997757,6.202704906,19583.08008,10.71653175
1/27/09,2.772928476,7.060526848,2.334030628,9.837605476,6.284613132,19616.15039,10.78827667
1/28/09,2.961709261,7.713958263,2.684596062,10.39611721,6.627140045,20145.2207,11.17778397
1/29/09,2.797685862,7.583848953,2.515463114,10.12392902,5.942087173,19537.05078,10.63965511
1/30/09,2.769832611,7.575172901,2.533914804,10.07797623,5.800609589,19565.14063,10.72678185
2/2/09,2.71722126,7.494220257,2.469336271,10.05323315,5.666577339,19565.14063,10.41414928
2/3/09,2.755927563,7.771784306,2.501625776,10.1380682,5.97187233,19630.46094,10.47052574
2/4/09,2.824049473,7.878759861,2.489324808,10.14160442,6.165473938,19622.59961,10.26039696
2/5/09,2.947914124,8.121627808,2.513926268,10.30774498,6.143135071,19736.96094,10.19377232
2/6/09,3.161574841,8.613147736,2.716885328,10.97583771,6.418645859,20438.13086,10.34752083
2/9/09,3.118224382,8.740364075,2.792225599,11.1136961,6.612247467,20537.09961,10.38339996
2/10/09,2.957204103,8.295105934,2.626169205,10.69304657,6.187812805,19825.7207,10.10664368
2/11/09,3.050098658,8.448346138,2.729185581,10.62234974,5.942087173,19446.65039,9.737636566
2/12/09,3.050098658,8.520626068,2.735335827,10.47741795,6.143135071,19358.25,9.660764694
2/13/09,3.074873209,8.665190697,2.684596062,10.43853664,6.023995876,19368.09961,9.712016106
2/17/09,2.83334136,8.02332592,2.318654776,10.00727749,5.249588966,18853.92969,9.076507568
2/18/09,2.827146769,7.754434109,2.260227203,9.890627861,5.175126076,18741.26953,9.009879112
2/19/09,2.799279928,7.893217564,2.229475975,9.851741791,4.75813818,18682.4707,9.045748711
2/20/09,2.65993309,7.679260731,2.118771315,9.494721413,4.467734814,18324.23047,8.4563694
2/23/09,2.458658934,7.219548702,2.057267904,8.999833107,4.199670315,17956.40039,8.317995071
2/24/09,2.709480047,7.754434109,2.166435242,9.144765854,4.676229,18296.10938,8.589624405
2/25/09,2.697094917,7.872977257,2.080331564,8.943274498,4.437949657,18200.69922,8.446122169
2/26/09,2.789987803,8.037780762,1.97270155,8.999833107,4.266686916,18047.16016,8.656252861
2/27/09,2.700188875,8.017539978,1.915812373,9.006902695,4.013514519,17752.17969,8.507623672
3/2/09,2.502010584,7.31785059,1.69132638,8.363554955,3.574188232,16929.80078,8.348744392
3/3/09,2.562747478,7.361219406,1.71131444,8.58625412,3.812466621,17093.25,8.569121361
3/4/09,2.720788717,7.965501785,1.780505657,8.939741135,3.976283789,17824.96094,8.881753922
3/5/09,2.640218258,7.77756691,1.562170982,8.653413773,3.39547801,17365.01953,8.661375046
3/6/09,2.720788717,7.725521564,1.594460011,8.618065834,3.216769218,17043.43945,8.748498917
3/9/09,2.630923748,7.687935352,1.531419277,8.501415253,2.993382692,16964.35938,8.789502144
3/10/09,2.857138395,8.306668282,1.780505657,8.943274498,3.432709455,17543.51953,9.296881676
3/11/09,2.80445981,8.303780556,1.732840776,9.286162376,3.730558395,17790.68945,9.158506393
3/12/09,2.953203917,8.636281967,1.806644559,9.908302307,4.34114933,18864.86914,9.84526825
3/13/09,2.903622866,8.691213608,1.812794209,10.11686134,4.460288525,19437.00977,9.773515701
3/16/09,2.909819841,8.497497559,1.941951036,9.901229858,4.244349003,19437.00977,9.942645073
3/17/09,3.033773422,8.809756279,2.0111413,10.24765396,4.259241104,19325.05078,10.21462154
3/18/09,3.126738548,8.96588707,2.13568449,10.67537498,4.467734814,19620.48047,10.33918571
3/19/09,3.012081146,9.338861465,2.051118374,10.07797623,4.326256275,19596.50977,10.71289063
3/20/09,2.931509972,9.330188751,1.92811203,9.982532501,3.752897739,19363.30078,10.39108849
3/23/09,3.225902796,10.1166172,2.235625982,10.71425629,4.251794338,20346.42969,11.51220703
3/24/09,3.09884882,9.801469803,2.166435242,10.36783886,4.49751997,20242.60938,10.58832455
3/25/09,3.1546278,9.946035385,2.166435242,10.53397655,4.616659164,20272.76953,10.61427498
3/26/09,3.263087988,9.888208389,2.274065256,10.2299757,4.817707062,20542.25,10.53641701
3/27/09,3.157726526,9.36777401,2.247926235,9.802252769,4.787922859,20315.16992,10.07448006
3/30/09,3.005884647,8.916734695,1.949638486,9.388671875,4.475181103,19530.15039,9.804579735
3/31/09,3.067861319,8.809756279,2.04343009,9.57248497,4.653890133,19626.75,10.10562038
4/1/09,3.238297462,9.307057381,2.207949877,9.855279922,4.944293022,19880.36914,10.57275295
4/2/09,3.407263994,9.966270447,2.317117214,10.62234974,5.554883003,20562.58984,11.20078564
4/3/09,3.521977425,10.14842319,2.349406719,10.92634964,5.562329769,20933.7793,11.18002033
4/6/09,3.506477118,9.917118073,2.283290863,10.49862862,5.517652512,20807.21094,10.98798084
4/7/09,3.484775066,9.865073204,2.234088182,10.28653336,5.480421543,20623.41992,10.56755733
4/8/09,3.571583033,9.917118073,2.335567713,10.35369778,5.539991856,20530.63086,10.56237125
4/9/09,3.797907114,10.49354935,2.575428963,11.08895588,6.061227322,20530.63086,10.9931736
4/13/09,3.745201588,10.46730804,2.716885328,11.22328091,6.053781033,21838.96094,10.83227062
4/14/09,3.577782869,10.2282238,2.606180668,10.97230339,5.785716057,21918.59961,10.69213009
4/15/09,3.630489588,10.02995586,2.764549494,10.95462799,5.882518291,21861.35938,10.89974117
4/16/09,3.717301369,10.10576248,2.716885328,11.15258121,6.120796204,22189.19922,10.97240734
4/17/09,3.664595127,9.948314667,2.692283869,11.06774712,6.321844578,22234.83984,10.80631542
4/20/09,3.425868273,9.376841545,2.500087976,10.38551235,5.629345894,21587.49023,10.58313274
4/21/09,3.543680191,9.508047104,2.555440664,10.82383728,5.800609589,21216.93945,10.86341381
4/22/09,3.472372293,9.411829948,2.469336271,10.66830349,5.785716057,21480.00977,10.88936043
4/23/09,3.630489588,9.61884594,2.699971914,11.0571413,5.778270245,21829.33008,11.2890234
4/24/09,3.704895258,9.770459175,2.779926062,11.66514683,6.053781033,22582.16992,11.48106575
4/27/09,3.549880266,9.403084755,2.836815834,10.79556179,5.614453316,21827.10938,11.12812328
4/28/09,3.593286276,9.45556736,2.783000469,10.74253559,5.435744286,21662.5293,11.2838316
4/29/09,3.85991168,9.846266747,3.190456152,11.97621441,5.472975254,22079.33984,11.79767799
4/30/09,3.807209969,9.787955284,3.172005653,11.61211586,5.569776058,21898.84961,12.11947632
5/1/09,3.912619591,10.21073055,3.159705639,12.14942646,5.748486042,21898.84961,12.11947632
5/4/09,4.17924881,10.98338604,3.607137918,12.5912838,6.857973099,23014.05078,12.88246059
5/5/09,4.193465233,11.03295326,3.665565491,12.838727,7.215392113,23430.24023,12.91360283
5/6/09,4.35475111,11.3828373,3.453380823,13.11798286,7.721735477,23906.13086,13.82191372
5/7/09,4.156243324,11.17290115,3.288861036,12.72561359,7.431333065,23589.40039,13.73886681
5/8/09,4.320630074,11.6627388,3.4518435,13.13919067,7.505795479,24085.58008,14.46552086
5/11/09,4.230683804,11.65690994,3.33037591,13.1886816,7.185606956,23943.01953,14.44475365
5/12/09,4.16244936,11.41782093,3.45953083,13.02607536,6.783510685,23696.49023,14.3617115
5/13/09,3.936025858,10.89007759,3.227359056,12.46402836,6.366521358,23155.00977,13.48973656
5/14/09,4.072500706,11.05627632,3.427242279,12.68672276,6.619693279,23405.92969,13.87901211
5/15/09,3.998059034,10.79095364,3.59637475,12.45342159,6.56757021,23341.7207,13.80115032
5/18/09,4.295817375,11.48779869,4.503541946,13.37602711,7.073913097,23935.49023,14.6108427
5/19/09,4.32373333,11.71813583,4.488166332,13.53863335,7.245176315,24344.61914,14.49146938
5/20/09,4.345445156,11.93972778,4.363621235,13.35835648,7.535579681,24399.59961,14.87036324
5/21/09,4.326837063,11.62483692,4.306732178,13.16393375,7.140929222,23821.25977,14.70427322
5/22/09,4.370258808,11.83185101,4.535830021,13.30179977,7.066466808,24093.24023,14.70427322
5/26/09,4.574971676,12.22546768,4.489703655,13.42905235,7.423886776,24640.08008,14.87036324
5/27/09,4.525338173,12.21088791,4.498927593,13.5280323,7.289853573,24507.81055,14.76655769
5/28/09,4.692830563,12.68614292,4.726489067,13.78607655,7.483455658,24659.24023,14.87036324
5/29/09,4.736257076,12.83775997,4.787991524,13.5492382,7.558216572,24331.71094,14.89631557
6/1/09,4.913050175,13.30718708,4.932522297,13.73305321,8.386831284,25105.63086,15.49839783
6/2/09,4.849701405,13.08850765,4.891007423,13.45026207,8.472016335,25183.83008,15.98628712
6/3/09,4.648017883,12.23713112,4.617321014,13.08263111,7.999628067,24651.32031,15.88767719
6/4/09,4.778338432,12.726964,4.949436188,13.11444759,8.061579704,24748.0293,16.02263069
6/5/09,4.74110508,12.61324978,5.015552521,13.24877071,8.053836823,24913.00977,16.16276741
6/8/09,4.734897137,12.60158634,4.814130306,13.12151909,7.860234737,24932.88086,16.10047531
6/9/09,4.765929222,12.59575939,4.884858608,13.01900578,8.007371902,25107.42969,16.23023224
6/10/09,4.765929222,12.66282272,4.968182564,13.17100716,8.340367317,25183.7207,16.23542404
6/11/09,4.877629757,13.16431999,4.974423409,13.31239986,8.472016335,25372.84961,16.5468502
6/12/09,4.9117589,12.81443787,4.85895586,13.59519386,8.781779289,25460.01953,16.62747574
6/15/09,4.700766087,12.28961372,4.652988434,13.2876606,7.976395607,24899.68945,16.4180603
6/16/09,4.651123524,11.98346329,4.679515839,13.03314686,7.426566124,24224.83008,16.2976532
6/17/09,4.598377705,11.74437904,4.652988434,12.8493309,7.085827827,24150.93945,16.14582443
6/18/09,4.573551178,11.60151005,4.51255703,13.05789089,7.356870174,24340.65039,15.96257782
6/19/09,4.629402161,11.74729538,4.654549599,13.07556343,7.217475891,24274.7207,16.30812454
6/22/09,4.316020012,10.89007759,4.400211334,12.46756077,6.930945873,23314.67969,15.61181164
6/23/09,4.319121838,11.26329041,4.370565414,12.4993763,6.915457726,23496.39063,15.4966383
6/24/09,4.374973297,11.33618069,4.387727737,12.89175224,7.078083038,23711.24023,15.63799477
6/25/09,4.570449829,11.76770496,4.61398077,13.41491413,7.271684647,24245.71094,15.91546535
6/26/09,4.620089054,11.9105711,4.819948196,13.69063568,7.364614487,24458.23047,15.99399281
6/29/09,4.638714314,12.0621891,4.805903912,13.81081867,7.434310436,24473.5293,16.00446701
6/30/09,4.582859516,11.9484787,4.603057384,13.68710041,7.232964993,24368.38086,15.96781921
7/1/09,4.646749973,11.80268955,4.794982433,13.99463367,7.442055225,24524.00977,16.40235329
7/2/09,4.500862598,11.37117004,4.657670498,13.62347126,6.969666481,24051.46094,16.4233017
7/6/09,4.458481789,11.00995827,4.362761497,13.63407326,6.721856117,23742.49023,16.37617111
7/7/09,4.30560112,10.62756634,4.353399754,13.13919067,6.404348373,23359.93945,16.05682373
7/8/09,4.218241215,10.42460155,4.063173771,13.38663864,6.08684206,23468.98047,15.2558136
7/9/09,4.196402073,10.66580677,4.103743076,13.5280323,6.218492031,23634.26953,14.92074776
7/10/09,4.193279743,10.66286182,4.064734459,13.52095985,6.032633305,23656.25977,14.9730978
7/13/09,4.318081856,10.88053513,4.258218288,13.55277443,6.117818356,23951.96094,14.92074776
7/14/09,4.286881447,10.85405922,4.408013344,13.60933208,6.102329254,24340.65039,15.36575413
7/15/09,4.580161572,11.46000481,4.649868965,14.15724087,6.559230328,25336.33008,15.75317383
7/16/09,4.598881245,11.59237289,4.579652786,14.4364996,6.752832413,25735.56055,15.73746777
7/17/09,4.64880085,11.77179909,4.752852917,14.5036602,6.876737118,25741.96094,15.91546535
7/20/09,4.811039925,12.20713997,5.189754009,14.86422062,7.124548435,26284.06055,16.17199898
7/21/09,4.782963753,12.2306776,5.07740736,14.74559498,7.07033968,26004.01953,16.40758705
7/22/09,4.789205074,12.10712814,4.966621399,15.57095146,7.217475891,26288.21094,16.55417442
7/23/09,4.951442242,12.52187538,5.199114323,15.79247379,7.61242485,26805.41992,17.14053726
7/24/09,4.960802555,12.48952103,4.932293415,15.54951286,7.589191914,26646.36914,16.88400841
7/27/09,4.988885403,12.56600189,4.896405697,15.56737614,7.465286732,26815.30078,16.94159508
7/28/09,4.95768261,12.24537945,4.737248421,15.42088318,7.418822289,26850.75,16.79500389
7/29/09,4.811039925,11.72474003,4.63894701,14.98498535,6.791552067,26516.5,16.14058685
7/30/09,4.967042923,12.030653,4.846474171,15.16720581,7.287174225,26810.26953,16.48088646
7/31/09,4.920240402,12.13066101,4.891724586,15.36728954,7.271684647,27043.5,16.81071281
8/3/09,5.154242992,12.72189999,5.180392265,16.07831192,7.558216572,27692.48047,17.24001503
8/4/09,5.125526428,12.62188911,5.138261318,16.29983139,7.728586197,27869.91992,17.65883636
8/5/09,5.228534222,12.71895504,5.142941952,16.2783947,7.953164101,28082.63086,17.63265991
8/6/09,5.078704357,12.46599007,5.055561543,15.79247379,8.216462135,27802.41016,17.93108368
8/7/09,5.23789978,12.51305389,4.933854103,15.96039677,8.464272499,28179.55078,18.25566292
8/10/09,5.22229147,12.41010571,4.642066956,16.14262199,8.448783875,28305.32031,17.8158989
8/11/09,5.088068485,12.18654919,4.576530933,15.92110443,8.340367317,27800.80078,17.42847824
8/12/09,5.159862518,12.33950615,4.749730587,16.13547897,8.487504959,28096.01953,17.58554649
8/13/09,5.113037109,12.60718346,4.946336269,16.31769943,8.626897812,28155.49023,18.17713356
8/14/09,5.019396782,12.41598511,4.801223278,16.34628105,8.332623482,27855.42969,18.21379089
8/17/09,4.84771347,12.02182579,4.473546982,15.99256039,8.487504959,27299.58008,17.74259567
8/18/09,4.975689411,12.32773972,4.620221138,16.15691376,8.921172142,27544.32031,17.91537476
8/19/09,5.044365406,12.52776146,4.626463413,16.24624443,9.432281494,27598.36914,18.01484299
8/20/09,5.128643036,12.65424252,4.712282658,16.57852554,9.889181137,27944.24023,18.48603058
8/21/09,5.178591728,13.03957653,4.848033905,16.88222504,9.958879471,28308.96094,18.88390732
8/24/09,5.153618813,12.92192173,4.844913483,16.75716972,9.819484711,28004.26953,19.16661835
8/25/09,5.141134262,12.74248791,4.901085854,17.02871323,9.920158386,28005.46094,19.53832817
8/26/09,5.169225693,12.55129433,4.897965908,16.760746,10.19894409,28212.84961,19.4283886
8/27/09,5.197322845,12.39833832,4.899525166,16.70715141,10.35382652,28437.25977,18.9624424
8/28/09,5.144251823,12.19831562,4.840232372,16.71429443,10.26864243,28599.91992,18.8158493
8/31/09,5.05997324,11.66002178,4.762214184,16.1319046,10.2841301,28129.94922,18.60643196
9/1/09,4.94759655,11.45706367,4.579652786,15.49591351,9.471002579,27749.16016,17.82112885
9/2/09,5.002768993,11.78651047,4.604618549,15.46018505,9.463258743,27953.33984,17.74784279
9/3/09,5.058979988,11.84239578,4.657670498,15.67456436,9.765276909,28150.08984,17.66930962
9/4/09,5.27133131,12.31303406,4.794982433,15.98898602,9.625884056,28309.55078,18.49126053
9/8/09,5.396244049,12.62777042,5.111734867,16.55351639,10.0827837,29190.82031,18.87343407
9/9/09,5.393126488,12.71601105,5.294296265,16.34628105,10.03631878,29100.05078,18.87343407
9/10/09,5.48056078,12.99251652,5.350470066,16.42131233,9.912414551,29318.41992,19.17708969
9/11/09,5.54613924,12.86308861,5.43628931,16.49634552,9.687836647,29448.78906,19.09855843
9/14/09,5.586739063,12.96604061,5.423807144,16.52135658,9.703325272,29383.18945,19.25562286
9/15/09,5.677298546,13.08370304,5.548635006,16.64284325,10.12924767,29625.01953,19.53832817
9/16/09,5.842810154,13.36020088,5.749921322,16.91081238,10.92688751,29625.01953,20.02521896
9/17/09,5.795967102,13.29842758,5.578282356,16.75002861,10.92688751,30017.7207,20.39522362
9/18/09,5.802211761,13.27489471,5.525229454,16.23909569,10.99658489,29942,20.71719933
9/21/09,5.758493423,13.29254341,5.470616817,16.07116508,10.10601711,29607.16016,20.68025589
9/22/09,5.883406639,13.57786942,5.592325687,15.9532547,10.06729698,29513.67969,21.13418579
9/23/09,5.752248287,13.25724888,5.522109032,15.33870792,10.10601711,28959.66992,21.49837494
9/24/09,5.661682129,12.92485809,5.484661579,14.93853855,9.896925926,28465.10938,21.20280266
9/25/09,5.717895031,13.0219326,5.492462635,15.09574795,10.05955124,28759.98047,21.38225365
9/28/09,5.874039173,13.3484354,5.65473938,15.54236603,10.22217751,29401.99023,22.40096474
9/29/09,6.014564037,13.3807888,5.670343399,15.6817131,10.07503986,29432.00977,22.29011726
9/30/09,6.211305141,13.50139141,6.016743183,15.66027927,10.00534344,29232.24023,22.65961075
10/1/09,6.117619991,13.1330843,5.787370205,15.14219952,9.571675301,28588.25977,22.27428436
10/2/09,6.229459286,13.21880722,5.910638332,15.23151684,9.416793823,28678.66016,22.20567131
10/5/09,6.519999981,13.39024639,6.19774437,15.64597988,9.625884056,29214.40039,22.89711761
10/6/09,6.457516193,13.57351303,6.305409431,16.435606,9.958879471,29690.48047,22.87600327
10/7/09,6.216963291,13.65332317,6.110364437,16.42131233,9.765276909,29763.36914,22.82322693
10/8/09,6.404411316,14.02280903,6.149373531,16.73573685,10.09827232,29898.84961,23.15048218
10/9/09,6.476263523,14.17652321,6.102562904,16.81790924,10.20668888,30039.71094,22.92878914
10/12/09,6.541871071,14.27110863,6.14313221,17.13232994,10.23766518,30475.42969,22.80739594
10/13/09,6.560612202,14.33022499,6.16497612,17.10018158,10.44675541,30611.09961,22.90240097
10/14/09,6.854279041,14.73813629,6.347538948,17.44318008,10.77974987,30881.09961,23.02908325
10/15/09,6.826162815,14.93618393,6.345977783,17.37172318,10.72554207,31017.73047,22.53291512
10/16/09,6.723070621,14.88889122,6.321012974,17.20022202,10.31510544,30726.30078,22.36401749
10/19/09,6.773055077,15.1963129,6.434919357,17.16449165,10.48547649,30927.10938,22.72294807
10/20/09,6.495007038,14.67311192,6.353779793,17.00728226,10.22992134,31000.93945,22.52764511
10/21/09,6.535627365,14.8415966,6.099441528,17.04657936,10.24540997,30889.05078,22.30067062
10/22/09,6.760555744,14.88002872,6.138450623,16.96440697,10.19120026,30761.75977,22.50125504
10/23/09,6.701197624,14.65833187,6.032346725,16.55708504,9.889181137,30617.67969,22.48013878
10/26/09,6.616850376,14.50166607,5.832621098,16.39987755,9.21544838,30280.08008,22.11065102
10/27/09,6.473145485,14.26224136,5.3551507,15.89966393,8.774036407,29312.83984,21.41921043
10/28/09,6.017025948,13.42867565,5.146063328,15.73530769,8.123532295,28670.90039,20.3160553
10/29/09,6.457516193,14.3184042,5.253727436,16.26767731,8.688849449,29247.83008,21.46144104
10/30/09,6.154478073,13.66218853,4.907328129,15.76746178,8.038348198,28646.0293,20.89138222
11/2/09,6.188848972,13.8070364,5.117975712,16.00684738,7.999628067,28646.0293,20.69608307
11/3/09,6.37317276,13.9814291,5.163226604,16.10332298,8.216462135,28886.5293,21.00749016
11/4/09,6.41275692,14.0730629,5.534592628,16.36414528,8.464272499,29430.50977,21.44032288
11/5/09,6.459629536,14.56078625,5.626653194,16.7285881,8.472016335,29735.33984,21.79924011
11/6/09,6.462756157,14.48688316,5.615730762,16.57852554,8.541712761,29868.61914,21.81507874
11/9/09,6.656514168,15.04259968,6.113483906,17.02514267,9.122519493,30646.24023,22.23733902
11/10/09,6.603386879,15.11058235,6.001138687,17.07159424,8.952149391,30788.19922,22.53291512
11/11/09,6.540886402,15.04851532,6.347538948,17.27167892,9.199959755,31097.64063,22.22678185
11/12/09,6.369005203,14.56670284,6.015182972,17.18593216,8.805011749,30759.84961,22.07900047
11/13/09,6.459629536,14.83272934,6.066673756,17.22880173,8.95989418,31002.08984,22.34818459
11/16/09,6.622137547,15.06033516,6.20710659,17.59324455,9.285143852,31002.08984,22.61737442
11/17/09,6.706511497,15.34705925,6.193064213,17.49319649,9.083797455,31400.19922,23.10297585
11/18/09,6.653390408,15.1164999,6.055751324,17.17520905,8.975380898,31056.61914,23.10824966
11/19/09,6.525260448,15.08693504,5.782689571,17.01085281,8.657874107,30817.66992,22.79683685
11/20/09,6.462756157,14.79726505,5.935603619,16.79647255,8.588178635,30666.50977,22.6754303
11/23/09,6.53463316,15.11354256,6.066673756,17.16449165,8.781779289,31126.16992,22.70182991
11/24/09,6.600263119,15.20221519,5.904397011,17.08231354,8.634641647,30961.99023,22.78099442
11/25/09,6.694018364,15.66924763,5.996458054,17.52178764,8.696595192,31364.03906,23.0237999
11/27/09,6.515883923,15.17266178,5.681265831,17.2752552,8.50299263,30775.44922,22.6754303
11/30/09,6.622137547,15.15787697,5.804533482,17.28596687,8.743059158,30957.10938,22.6437664
12/1/09,6.840892792,15.62491512,5.960568905,17.75402451,8.897941589,31750.58008,23.1557579
12/2/09,6.915302753,15.60717678,5.990217209,17.44675636,8.851475716,32111.78906,24.016119
12/3/09,6.893415451,15.40617657,5.851345062,17.35385704,8.766289711,31967.42969,23.96860886
12/4/09,6.896544933,15.01599693,5.96681118,17.53607941,8.944404602,32105.39063,24.05833626
12/7/09,6.986989975,14.81499481,5.723395348,17.54370308,8.805011749,32085.16992,23.92110062
12/8/09,6.926870823,14.30658054,5.742119312,16.95927238,8.495248795,31710.39063,23.78387451
12/9/09,6.952187061,14.33022499,5.763965607,17.03912926,8.425552368,31670.21094,23.8419323
12/10/09,7.021799564,14.38934231,5.871629715,17.26419449,8.580432892,31916.59961,23.59912682
12/11/09,7.03445816,14.23859406,5.715594292,17.22789001,8.727571487,31901.68945,24.016119
12/14/09,7.024970531,14.27702141,5.704670906,17.42753983,8.781779289,32009.88086,24.27475739
12/15/09,6.96800518,14.29179764,5.46905756,17.31501198,8.820500374,31902.59961,24.60728264
12/16/09,6.84142828,14.3450079,5.483099461,17.14803123,8.897941589,31956.25,24.892313
12/17/09,6.477522373,13.94300175,5.337986469,16.95927238,8.874708176,31948.41016,24.98848343
12/18/09,6.445884228,13.76269531,5.345789909,17.05365372,8.990870476,31834.07031,23.99488831
12/21/09,6.458541393,13.68288422,5.416004658,16.91208458,9.060566902,31799.23047,23.99488831
12/22/09,6.562960625,13.62672138,5.634456158,17.1879673,9.246422768,32240.32031,23.91519165
12/23/09,6.556633949,13.97513008,5.757723808,17.24241257,9.254167557,32450.23047,23.73454285
12/24/09,6.594605923,14.05830479,5.773326874,17.29323769,9.300632477,32548.5293,23.98958015
12/28/09,6.610426426,14.24839687,5.820137501,17.15892029,9.238679886,32610.50977,23.92581558
12/29/09,6.661056042,14.17414379,5.86538744,17.19885635,9.40904808,32626.28906,23.83550072
12/30/09,6.819282532,14.16226196,5.8997159,17.03912926,9.292888641,32448.74023,23.88862038
12/31/09,6.92054081,14.16226196,5.884112835,17.05365372,9.153495789,32120.4707,24.18086052