Date,MOS,POT,CF,ICL,RIO,BHP,VALE,SCCO
1/2/03,8.09,3.60,,,5.98,4.81,0.856380045,0.820189476
1/3/03,8.00,3.60,,,6.04,4.92,0.856380045,0.832259357
1/6/03,8.21,3.60,,,6.08,4.87,0.85934341,0.8333565
1/7/03,8.06,3.60,,,6.04,4.84,0.863788307,0.854752541
1/8/03,7.96,3.64,,,5.86,4.78,0.83415544,0.839390814
1/9/03,8.37,3.64,,,5.87,4.86,0.857861578,0.866822481
1/10/03,8.39,3.65,,,5.89,4.83,0.84156394,0.852558434
1/13/03,8.46,3.63,,,5.94,4.82,0.831192493,0.883281052
1/14/03,8.46,3.62,,,5.95,4.87,0.847490072,0.88712126
1/15/03,8.36,3.69,,,5.77,4.81,0.829414427,0.869565308
1/16/03,8.29,3.67,,,5.63,4.82,0.822302699,0.883281052
1/17/03,8.28,3.57,,,5.70,4.78,0.814301968,0.883281052
1/21/03,8.18,3.48,,,5.63,4.69,0.793855369,0.873954713
1/22/03,7.91,3.46,,,5.44,4.68,0.801559925,0.867371202
1/23/03,8.06,3.38,,,5.49,4.66,0.774890482,0.867371202
1/24/03,7.85,3.32,,,5.43,4.66,0.761852205,0.864079475
1/27/03,7.52,3.34,,,5.28,4.57,0.766001046,0.863531411
1/28/03,7.45,3.31,,,5.49,4.53,0.773705065,0.869565308
1/29/03,7.37,3.25,,,5.33,4.49,0.775186777,0.864628315
1/30/03,7.03,3.34,,,5.47,4.38,0.807486296,0.869565308
1/31/03,7.34,3.36,,,5.37,4.45,0.819339275,0.862433732
2/3/03,7.13,3.35,,,5.63,4.43,0.831192493,0.861336291
2/4/03,7.13,3.34,,,5.66,4.54,0.832970381,0.864079475
2/5/03,6.99,3.26,,,5.80,4.53,0.835637271,0.857495844
2/6/03,6.83,3.21,,,5.72,4.52,0.846008778,0.862982154
2/7/03,6.68,3.24,,,5.71,4.57,0.857861578,0.839390814
2/10/03,6.65,3.22,,,5.72,4.62,0.850453675,0.861336291
2/11/03,6.58,3.21,,,5.70,4.62,0.864677131,0.861336291
2/12/03,6.28,3.28,,,5.65,4.60,0.854898214,0.86078763
2/13/03,6.27,3.23,,,5.61,4.55,0.819635689,0.862982154
2/14/03,6.16,3.21,,,5.57,4.55,0.800078332,0.871400952
2/18/03,6.40,3.17,,,5.78,4.60,0.83415544,0.888508856
2/19/03,6.25,3.13,,,5.73,4.68,0.812523544,0.880782783
2/20/03,6.20,3.15,,,5.80,4.67,0.818154037,0.882990062
2/21/03,6.24,3.15,,,5.93,4.70,0.838600338,0.881886423
2/24/03,6.04,3.17,,,5.93,4.73,0.851935089,0.879127264
2/25/03,6.34,3.33,,,5.86,4.76,0.857861578,0.859259903
2/26/03,6.38,3.38,,,5.88,4.70,0.863788307,0.853741407
2/27/03,6.56,3.43,,,5.82,4.72,0.844527066,0.876919866
2/28/03,6.62,3.39,,,5.90,4.73,0.85934341,0.858155966
3/3/03,6.76,3.33,,,5.94,4.84,0.874159396,0.876367927
3/4/03,6.63,3.35,,,5.81,4.70,0.869714558,0.859811425
3/5/03,6.59,3.35,,,5.73,4.70,0.868233263,0.874711931
3/6/03,6.43,3.37,,,5.66,4.60,0.866455078,0.867538095
3/7/03,6.54,3.33,,,5.78,4.57,0.848379195,0.849326611
3/10/03,6.22,3.34,,,5.75,4.48,0.832674205,0.866434216
3/11/03,6.15,3.31,,,5.73,4.42,0.844527066,0.867538095
3/12/03,6.14,3.41,,,5.63,4.35,0.849268198,0.874159992
3/13/03,6.55,3.37,,,5.85,4.57,0.850453675,0.877470911
3/14/03,6.23,3.45,,,5.87,4.55,0.829710722,0.840496302
3/17/03,6.53,3.50,,,5.98,4.67,0.83415544,0.847119033
3/18/03,6.72,3.50,,,6.04,4.68,0.827340305,0.857052505
3/19/03,7.20,3.56,,,6.01,4.85,0.813116789,0.869193614
3/20/03,7.24,3.61,,,5.90,4.72,0.822006404,0.859811425
3/21/03,7.67,3.55,,,5.98,4.84,0.82378459,0.855397046
3/24/03,7.23,3.56,,,5.89,4.60,0.811931193,0.853741407
3/25/03,7.27,3.56,,,5.89,4.75,0.818450332,0.861467421
3/26/03,7.34,3.51,,,5.88,4.74,0.803041399,0.842151642
3/27/03,7.27,3.46,,,5.76,4.69,0.815190911,0.828907132
3/28/03,7.31,3.43,,,5.65,4.66,0.813412905,0.83056277
3/31/03,7.24,3.43,,,5.59,4.68,0.798596442,0.805728436
4/1/03,7.13,3.45,,,5.75,4.68,0.819635689,0.821180761
4/2/03,7.35,3.42,,,5.85,4.76,0.828229249,0.834977567
4/3/03,7.17,3.45,,,5.80,4.77,0.80570811,0.795794964
4/4/03,7.25,3.45,,,5.80,4.76,0.801559925,0.798002183
4/7/03,7.42,3.47,,,5.83,4.89,0.817857504,0.837736964
4/8/03,7.30,3.47,,,5.83,4.79,0.825265706,0.846567154
4/9/03,7.22,3.47,,,5.75,4.74,0.832674205,0.828354895
4/10/03,7.08,3.47,,,5.71,4.67,0.838600338,0.828354895
4/11/03,7.04,3.51,,,5.68,4.76,0.829710722,0.820077121
4/14/03,7.15,3.50,,,5.75,4.84,0.835637271,0.835529506
4/15/03,7.16,3.48,,,5.78,4.87,0.844527066,0.836081266
4/16/03,7.14,3.53,,,5.67,4.84,0.833266199,0.852637708
4/17/03,6.92,3.47,,,5.79,4.89,0.847461283,0.858707964
4/21/03,6.99,3.51,,,5.80,4.93,0.854710042,0.862019002
4/22/03,7.05,3.52,,,5.81,5.00,0.84111917,0.875263512
4/23/03,6.92,3.46,,,5.73,4.91,0.84111917,0.873608112
4/24/03,6.88,3.42,,,5.34,4.67,0.810917735,0.856500924
4/25/03,6.86,3.38,,,5.43,4.55,0.821488261,0.842704058
4/28/03,6.83,3.39,,,5.56,4.67,0.830548644,0.859811425
4/29/03,6.80,3.42,,,5.64,4.77,0.845649421,0.859259903
4/30/03,6.82,3.45,,,5.66,4.70,0.844441354,0.863123059
5/1/03,6.96,3.48,,,5.66,4.75,0.848669827,0.865882277
5/2/03,6.95,3.54,,,5.65,4.73,0.840515137,0.866985738
5/5/03,7.09,3.62,,,5.71,4.77,0.849575937,0.86864233
5/6/03,7.26,3.62,,,5.69,4.80,0.8658849,0.866434216
5/7/03,7.35,3.60,,,5.53,4.58,0.866790831,0.860915482
5/8/03,7.29,3.59,,,5.52,4.62,0.860750496,0.855397046
5/9/03,7.56,3.56,,,5.60,4.74,0.871018708,0.870849371
5/12/03,7.49,3.47,,,5.67,4.77,0.883401573,0.874711931
5/13/03,7.32,3.43,,,5.65,4.72,0.88460952,0.869745672
5/14/03,7.43,3.45,,,5.58,4.65,0.865582645,0.848222733
5/15/03,7.49,3.55,,,5.52,4.62,0.851690054,0.846567154
5/16/03,7.34,3.48,,,5.69,4.60,0.863770545,0.839392841
5/19/03,7.18,3.45,,,5.55,4.61,0.870112598,0.839392841
5/20/03,7.09,3.43,,,5.53,4.62,0.883703768,0.837736964
5/21/03,6.96,3.43,,,5.58,4.62,0.882797718,0.839392841
5/22/03,7.13,3.46,,,5.60,4.73,0.886119664,0.841600358
5/23/03,7.05,3.44,,,5.67,4.76,0.90001291,0.84343487
5/27/03,6.92,3.38,,,5.72,4.77,0.893066466,0.873458147
5/28/03,6.93,3.38,,,5.89,4.80,0.898502707,0.873458147
5/29/03,6.93,3.40,,,5.84,4.79,0.909073174,0.880685866
5/30/03,6.58,3.42,,,5.90,4.85,0.906053007,0.882910311
6/2/03,6.32,3.41,,,5.92,4.89,0.884912074,0.886801779
6/3/03,5.98,3.41,,,5.86,4.87,0.899106562,0.870122433
6/4/03,5.53,3.47,,,6.01,4.95,0.907563269,0.900701642
6/5/03,5.56,3.36,,,6.15,4.98,0.918133736,0.892362297
6/6/03,5.55,3.34,,,6.22,4.95,0.930214465,0.881242335
6/9/03,5.47,3.34,,,6.12,4.88,0.918133736,0.871790469
6/10/03,5.54,3.36,,,6.09,5.08,0.915717483,0.874014437
6/11/03,5.40,3.43,,,6.12,5.15,0.916623652,0.876238227
6/12/03,5.46,3.41,,,6.03,5.13,0.90575105,0.874570131
6/13/03,5.40,3.48,,,6.02,5.15,0.890952051,0.862338781
6/16/03,5.65,3.46,,,6.14,5.25,0.902126729,0.877906084
6/17/03,5.85,3.48,,,6.20,5.24,0.913603485,0.878462195
6/18/03,5.83,3.51,,,6.19,5.15,0.919039667,0.8895818
6/19/03,5.90,3.50,,,5.99,5.12,0.916623652,0.870122433
6/20/03,5.86,3.44,,,5.96,5.12,0.907261074,0.882910311
6/23/03,5.46,3.47,,,5.87,5.04,0.910884917,0.887357831
6/24/03,4.80,3.48,,,5.85,5.01,0.907865345,0.883466184
6/25/03,4.93,3.50,,,5.86,4.97,0.90575105,0.864562392
6/26/03,5.03,3.51,,,5.76,4.95,0.905448973,0.872902215
6/27/03,5.04,3.56,,,5.66,4.91,0.898502707,0.850662291
6/30/03,5.06,3.55,,,5.65,4.95,0.895784616,0.850662291
7/1/03,5.25,3.57,,,5.66,4.90,0.903636873,0.862894714
7/2/03,5.31,3.56,,,5.67,4.95,0.922966182,0.882910311
7/3/03,5.30,3.55,,,5.70,4.92,0.932026684,0.885690212
7/7/03,5.34,3.54,,,5.87,5.12,0.940483153,0.895698071
7/8/03,5.34,3.51,,,5.79,5.08,0.950449586,0.901813328
7/9/03,5.40,3.47,,,5.86,5.09,0.981557488,0.89847821
7/10/03,5.34,3.53,,,5.84,5.16,0.970684767,0.902925611
7/11/03,5.39,3.51,,,5.90,5.13,0.955886006,0.903481662
7/14/03,5.33,3.51,,,6.07,5.20,0.958905935,0.909597874
7/15/03,5.20,3.53,,,6.03,5.02,0.96494633,0.914601445
7/16/03,5.26,3.54,,,6.00,5.13,0.96373868,0.911821902
7/17/03,5.04,3.52,,,5.91,5.16,0.963134348,0.925721049
7/18/03,5.12,3.53,,,5.94,5.22,0.961624503,0.927389324
7/21/03,5.06,3.54,,,5.94,5.07,0.96494633,0.955744863
7/22/03,5.19,3.55,,,6.00,5.22,0.954375327,0.96186012
7/23/03,5.06,3.62,,,6.17,5.25,0.95739609,0.953520715
7/24/03,5.40,3.69,,,6.29,5.45,0.993940651,0.940733314
7/25/03,5.62,3.69,,,6.54,5.68,1.020517468,0.939621091
7/28/03,5.52,3.63,,,6.53,5.62,1.026859999,0.934061289
7/29/03,5.48,3.56,,,6.46,5.59,1.020215631,0.926277339
7/30/03,5.43,3.61,,,6.36,5.49,1.026557922,0.92850107
7/31/03,5.52,3.61,,,6.25,5.55,1.051927686,0.914601445
8/1/03,5.40,3.60,,,6.21,5.62,1.046189785,0.907373548
8/4/03,5.29,3.61,,,6.20,5.51,1.026256323,0.904038131
8/5/03,5.18,3.58,,,6.18,5.54,1.017799497,0.934616923
8/6/03,5.06,3.54,,,6.19,5.66,1.008437276,0.948516786
8/7/03,5.00,3.58,,,6.18,5.66,1.001792669,0.93684113
8/8/03,5.18,3.66,,,6.23,5.68,1.021121621,0.947960436
8/11/03,5.34,3.69,,,6.30,5.71,1.040450811,0.961691439
8/12/03,5.48,3.73,,,6.21,5.70,1.05796802,0.967856109
8/13/03,5.40,3.75,,,6.29,5.76,1.064914346,0.966735601
8/14/03,5.46,3.74,,,6.24,5.81,1.110820889,0.989152133
8/15/03,5.50,3.75,,,6.38,5.85,1.121995687,0.980745792
8/18/03,5.66,3.88,,,6.48,6.03,1.132264376,0.998119414
8/19/03,5.90,3.88,,,6.64,5.99,1.149177432,0.976262391
8/20/03,6.04,3.92,,,6.62,5.98,1.177868843,0.980185628
8/21/03,6.03,3.88,,,6.65,5.94,1.158237338,1.002602696
8/22/03,5.84,3.88,,,6.68,5.89,1.119881511,0.977943957
8/25/03,5.81,3.90,,,6.70,5.84,1.10991478,0.949922502
8/26/03,5.93,3.88,,,6.54,5.83,1.106894851,0.961131215
8/27/03,6.09,3.90,,,6.49,5.90,1.106290698,0.961131215
8/28/03,6.03,3.94,,,6.66,6.03,1.148414493,0.964493632
8/29/03,5.91,4.00,,,6.68,6.09,1.151489377,0.958328426
9/2/03,6.20,3.99,,,6.74,6.13,1.183774471,0.981306672
9/3/03,6.04,4.01,,,6.81,6.15,1.164710879,0.989152133
9/4/03,6.15,4.02,,,6.76,6.16,1.184081793,0.985789418
9/5/03,6.03,3.98,,,6.74,6.24,1.214829206,0.993075073
9/8/03,6.04,4.00,,,6.81,6.29,1.224360347,1.001481891
9/9/03,5.99,4.00,,,6.70,6.35,1.209909678,1.017173529
9/10/03,5.90,3.97,,,6.63,6.16,1.206219792,1.017173529
9/11/03,5.94,3.98,,,6.65,6.20,1.203760147,1.014371991
9/12/03,5.89,3.97,,,6.75,6.17,1.226820707,1.033986568
9/15/03,5.77,3.93,,,6.86,6.17,1.212984085,1.06761241
9/16/03,5.96,3.93,,,6.80,6.24,1.214522004,1.062007785
9/17/03,5.85,3.96,,,6.80,6.24,1.219133854,1.09227097
9/18/03,5.97,4.01,,,6.97,6.28,1.269867063,1.106841922
9/19/03,5.94,3.96,,,6.98,6.24,1.27909112,1.132060885
9/22/03,5.63,4.00,,,6.92,6.20,1.253877878,1.150554895
9/23/03,5.62,3.97,,,6.89,6.22,1.244346619,1.202114463
9/24/03,5.37,3.86,,,6.73,6.21,1.248651028,1.282254815
9/25/03,5.03,3.83,,,6.68,6.13,1.205912232,1.263200998
9/26/03,4.87,3.92,,,6.60,6.00,1.209909678,1.240222812
9/29/03,4.92,3.92,,,6.67,6.14,1.237582326,1.240222812
9/30/03,4.85,4.06,,,6.62,6.06,1.255108237,1.239662409
10/1/03,5.01,4.09,,,6.66,6.11,1.300614357,1.23461926
10/2/03,4.93,4.08,,,6.76,6.19,1.359034061,1.246948242
10/3/03,4.93,4.12,,,6.82,6.34,1.397468328,1.295144677
10/6/03,4.94,4.14,,,6.97,6.50,1.416839242,1.29458487
10/7/03,5.02,4.18,,,6.97,6.49,1.42206645,1.293463945
10/8/03,4.93,4.25,,,6.99,6.46,1.391319156,1.31980443
10/9/03,4.84,4.30,,,7.16,6.71,1.386706829,1.353429317
10/10/03,4.76,4.35,,,7.19,6.73,1.378097892,1.384252667
10/13/03,4.99,4.45,,,7.43,6.98,1.440822601,1.406109095
10/14/03,5.06,4.52,,,7.45,6.96,1.463267922,1.402746797
10/15/03,5.08,4.48,,,7.49,7.04,1.450662017,1.485129595
10/16/03,5.04,4.47,,,7.37,7.10,1.45345974,1.506426096
10/17/03,4.96,4.50,,,7.46,7.06,1.43946898,1.459910631
10/20/03,4.90,4.53,,,7.40,7.04,1.420814276,1.459910631
10/21/03,4.92,4.35,,,7.45,7.18,1.431697011,1.54117322
10/22/03,4.73,4.30,,,7.26,7.11,1.391279578,1.444778442
10/23/03,4.70,4.21,,,7.27,6.90,1.371071219,1.349506259
10/24/03,4.46,4.25,,,7.16,6.76,1.35708046,1.364637852
10/27/03,4.57,4.28,,,7.12,6.83,1.365785599,1.404988527
10/28/03,4.50,4.33,,,7.30,6.96,1.385061026,1.485129595
10/29/03,4.97,4.38,,,7.30,6.78,1.410555363,1.625236869
10/30/03,5.27,4.37,,,7.47,7.08,1.442578197,1.681278944
10/31/03,5.29,4.38,,,7.47,7.04,1.422369957,1.594974041
11/3/03,5.50,4.35,,,7.47,6.98,1.427032828,1.658861518
11/4/03,5.49,4.34,,,7.56,7.04,1.43946898,1.818582416
11/5/03,5.44,4.37,,,7.38,6.89,1.4052701,1.961491585
11/6/03,5.49,4.41,,,7.33,7.06,1.36796248,1.950843096
11/7/03,5.56,4.36,,,7.49,7.11,1.369205594,2.041188955
11/10/03,5.45,4.35,,,7.35,7.12,1.329099298,1.955108762
11/11/03,5.49,4.37,,,7.29,6.94,1.31883955,1.928103089
11/12/03,5.52,4.39,,,7.48,7.09,1.346198678,2.045690536
11/13/03,5.65,4.36,,,7.50,7.12,1.363609552,2.107017517
11/14/03,5.62,4.32,,,7.42,6.94,1.355215192,2.062006474
11/17/03,5.55,4.41,,,7.28,6.80,1.318217993,2.028812408
11/18/03,5.57,4.39,,,7.13,6.91,1.307647467,2.108704567
11/19/03,5.62,4.36,,,7.24,6.95,1.305781841,2.041188955
11/20/03,5.50,4.27,,,7.05,6.78,1.310445189,1.974800467
11/21/03,5.29,4.29,,,7.16,6.76,1.307958484,2.028812408
11/24/03,5.37,4.31,,,7.12,6.70,1.310445189,2.042315722
11/25/03,5.37,4.45,,,7.20,6.89,1.352416754,2.059757471
11/26/03,5.40,4.51,,,7.41,7.00,1.350862265,2.099702358
11/28/03,5.50,4.59,,,7.41,7.09,1.361433625,2.135148048
12/1/03,5.84,4.53,,,7.63,7.19,1.430141568,2.409705639
12/2/03,5.65,4.57,,,7.48,7.21,1.440401316,2.424898386
12/3/03,5.99,4.53,,,7.63,7.43,1.433251023,2.419271708
12/4/03,5.96,4.56,,,7.70,7.40,1.480196953,2.373137712
12/5/03,5.91,4.56,,,7.72,7.36,1.508177757,2.36863637
12/8/03,6.14,4.57,,,7.71,7.46,1.582483411,2.474408627
12/9/03,6.17,4.53,,,7.92,7.47,1.658032537,2.497475863
12/10/03,6.18,4.50,,,7.73,7.44,1.604246736,2.395079136
12/11/03,6.44,4.57,,,7.65,7.41,1.614505887,2.439525604
12/12/03,6.81,4.61,,,7.71,7.52,1.672644854,2.554301023
12/15/03,6.71,4.60,,,7.77,7.59,1.679795027,2.54079771
12/16/03,6.66,4.60,,,7.65,7.48,1.68787837,2.537421703
12/17/03,7.01,4.60,,,7.75,7.52,1.685080171,2.505351305
12/18/03,7.41,4.57,,,7.88,7.67,1.708398223,2.528418541
12/19/03,7.30,4.69,,,7.99,7.70,1.751924157,2.430524588
12/22/03,7.55,4.81,,,7.93,7.65,1.823431373,2.582994938
12/23/03,7.38,4.82,,,8.02,7.59,1.798870087,2.570053577
12/24/03,7.39,4.80,,,8.08,7.88,1.815036297,2.57117939
12/26/03,7.50,4.79,,,8.14,7.88,1.833379626,2.631942272
12/29/03,7.75,4.80,,,8.30,7.89,1.852655768,2.748404264
12/30/03,7.63,4.80,,,8.34,7.91,1.810994506,2.705083847
12/31/03,7.51,4.80,,,8.39,7.87,1.818767309,2.653322458
1/2/04,7.76,4.83,,,8.45,8.01,1.890274763,2.76246953
1/5/04,8.13,4.89,,,8.71,8.28,1.954631448,2.84123683
1/6/04,7.89,4.93,,,8.71,8.28,1.930691242,2.725899458
1/7/04,8.08,4.95,,,8.49,7.98,1.878770709,2.742216587
1/8/04,8.85,4.82,,,8.43,8.06,1.918256402,2.784975767
1/9/04,8.23,4.79,,,8.34,7.81,1.891518235,2.733776808
1/12/04,8.43,4.76,,,8.38,7.87,1.904265046,2.700582743
1/13/04,8.45,4.76,,,8.28,7.76,1.905819893,2.725337505
1/14/04,8.35,4.76,,,8.41,8.00,1.887165666,2.745591402
1/15/04,8.14,4.80,,,8.08,7.70,1.832758546,2.540234804
1/16/04,8.21,4.94,,,8.16,7.57,1.822498083,2.546985626
1/20/04,8.48,4.88,,,8.32,7.80,1.86509192,2.784975767
1/21/04,8.49,4.77,,,8.29,7.89,1.818767309,2.748404264
1/22/04,8.48,4.64,,,8.17,7.88,1.796382546,2.756843328
1/23/04,8.17,4.68,,,8.01,7.91,1.772132635,2.673013687
1/26/04,7.83,4.78,,,8.21,7.91,1.748815298,2.737715244
1/27/04,8.88,4.69,,,8.13,7.78,1.797004461,2.651071787
1/28/04,8.32,4.49,,,7.97,7.52,1.747260451,2.549238205
1/29/04,8.56,4.57,,,7.94,7.26,1.696894407,2.374262333
1/30/04,8.56,4.52,,,8.14,7.37,1.668602824,2.469907045
2/2/04,8.57,4.44,,,7.96,7.37,1.696273327,2.293244839
2/3/04,8.26,4.43,,,7.78,7.31,1.809440136,2.35457015
2/4/04,7.94,4.39,,,7.76,7.36,1.831203341,2.174531221
2/5/04,7.97,4.57,,,7.82,7.54,1.748815298,2.134585381
2/6/04,8.34,4.59,,,7.87,7.62,1.764360189,2.154839516
2/9/04,8.25,4.62,,,8.08,7.77,1.805087805,2.260611773
2/10/04,8.42,4.76,,,8.03,7.83,1.831203341,2.250484943
2/11/04,8.59,4.63,,,8.24,8.03,1.877216935,2.361320972
2/12/04,8.62,4.56,,,8.30,8.14,1.896492481,2.352319241
2/13/04,8.66,4.69,,,8.38,8.08,1.854210019,2.301120996
2/17/04,8.88,4.53,,,8.51,8.32,1.866646528,2.351194382
2/18/04,8.63,4.53,,,8.45,8.16,1.815658569,2.374262333
2/19/04,8.59,4.48,,,8.62,8.59,1.775241494,2.308666945
2/20/04,8.30,4.46,,,8.32,8.32,1.768401146,2.222594261
2/23/04,8.35,4.52,,,8.20,8.17,1.733269811,2.221461296
2/24/04,8.35,4.53,,,8.14,8.13,1.744462371,2.229388952
2/25/04,8.44,4.53,,,8.18,8.09,1.781770229,2.146147966
2/26/04,8.46,4.59,,,8.31,8.23,1.785190344,2.207304716
2/27/04,8.55,4.71,,,8.29,8.24,1.800113559,2.140485525
3/1/04,8.95,4.64,,,8.49,8.50,1.878770709,2.265064478
3/2/04,9.22,4.60,,,8.39,8.44,1.86820066,2.19144845
3/3/04,9.14,4.61,,,8.13,8.15,1.840219736,2.151811123
3/4/04,9.40,4.66,,,8.05,8.10,1.835866451,2.184654474
3/5/04,9.53,4.63,,,8.14,8.27,1.802912116,2.168798685
3/8/04,9.35,4.60,,,8.15,8.10,1.761250377,2.142185211
3/9/04,9.41,4.48,,,7.92,8.12,1.728917956,2.085558891
3/10/04,8.95,4.45,,,7.53,7.76,1.624455094,2.047618628
3/11/04,8.99,4.42,,,7.45,7.57,1.572534323,2.068570375
3/12/04,9.27,4.30,,,7.66,7.78,1.630051017,2.094051361
3/15/04,9.13,4.32,,,7.51,7.72,1.607355356,2.084990501
3/16/04,9.32,4.43,,,7.63,7.84,1.598028064,2.115004063
3/17/04,9.54,4.41,,,7.76,8.03,1.674199224,2.178426027
3/18/04,9.60,4.38,,,7.70,8.08,1.678240657,2.176160574
3/19/04,9.54,4.32,,,7.61,7.99,1.670157433,2.185221195
3/22/04,9.28,4.28,,,7.62,7.82,1.630672574,2.146147966
3/23/04,9.14,4.25,,,7.55,7.89,1.621345878,2.115004063
3/24/04,9.46,4.33,,,7.33,7.57,1.584037662,2.057245016
3/25/04,9.49,4.39,,,7.45,7.76,1.553258896,2.108775139
3/26/04,9.93,4.47,,,7.54,7.83,1.619791985,2.177293062
3/29/04,10.39,4.60,,,7.63,7.92,1.657099128,2.233353853
3/30/04,10.72,4.62,,,7.76,8.05,1.69440794,2.267895699
3/31/04,10.82,4.77,,,7.68,8.09,1.706843019,2.290545702
4/1/04,11.05,4.83,,,7.82,8.24,1.724875808,2.290545702
4/2/04,11.03,5.04,,,8.04,8.35,1.750991225,2.369823694
4/5/04,11.38,4.94,,,7.91,8.25,1.765914679,2.357365131
4/6/04,11.34,4.87,,,7.93,8.16,1.774930835,2.355665922
4/7/04,11.20,4.73,,,7.87,8.25,1.748815298,2.297341108
4/8/04,10.97,4.94,,,7.84,8.17,1.719901681,2.276390076
4/12/04,11.05,4.72,,,7.88,8.27,1.720523596,2.245245218
4/13/04,10.52,4.53,,,7.70,8.02,1.661762714,2.141618967
4/14/04,10.40,4.64,,,7.34,7.83,1.635336518,2.096316576
4/15/04,10.42,4.69,,,7.37,7.82,1.647155523,2.105378389
4/16/04,10.48,4.68,,,7.56,7.93,1.670479417,2.151811123
4/19/04,10.41,4.56,,,7.55,7.88,1.661969662,2.126895428
4/20/04,10.20,4.49,,,7.34,7.71,1.605866313,2.027232409
4/21/04,10.23,4.76,,,7.06,7.48,1.546612024,1.934930563
4/22/04,10.44,4.76,,,7.11,7.73,1.536525607,1.953618288
4/23/04,10.21,4.80,,,7.13,7.79,1.56489265,1.934930563
4/26/04,10.13,4.76,,,7.12,7.63,1.528646111,1.747497201
4/27/04,10.00,4.57,,,7.14,7.65,1.541253448,1.745798349
4/28/04,9.78,4.47,,,6.79,7.29,1.439448833,1.616689086
4/29/04,9.50,4.53,,,6.86,7.09,1.427787304,1.619520903
4/30/04,9.51,4.54,,,6.84,7.14,1.434090972,1.643870473
5/3/04,9.28,4.60,,,6.94,7.15,1.389964938,1.619520903
5/4/04,9.60,4.57,,,7.06,7.41,1.44197011,1.729942918
5/5/04,9.50,4.62,,,7.11,7.48,1.467185378,1.695966959
5/6/04,9.46,4.47,,,7.01,7.25,1.407299757,1.68747282
5/7/04,9.05,4.43,,,6.89,7.06,1.358446598,1.574219823
5/10/04,8.79,4.48,,,6.74,6.91,1.331655502,1.574785829
5/11/04,9.12,4.52,,,6.84,7.05,1.392486453,1.584978938
5/12/04,9.07,4.51,,,6.91,7.05,1.36790216,1.568556547
5/13/04,8.96,4.49,,,6.86,6.97,1.443546653,1.565159202
5/14/04,8.77,4.44,,,6.60,6.96,1.423689485,1.547604918
5/17/04,8.61,4.48,,,6.63,6.83,1.387127876,1.532885551
5/18/04,8.88,4.52,,,6.79,7.01,1.489878535,1.598175883
5/19/04,8.80,4.48,,,6.92,7.24,1.508159161,1.606265783
5/20/04,8.77,4.53,,,6.80,7.09,1.482313991,1.585464835
5/21/04,8.81,4.53,,,7.11,7.27,1.492399931,1.71546936
5/24/04,8.85,4.69,,,7.12,7.28,1.529907346,1.727602243
5/25/04,9.03,4.64,,,7.30,7.39,1.54440558,1.837382436
5/26/04,9.31,4.76,,,7.34,7.43,1.575293183,1.791159153
5/27/04,9.38,4.83,,,7.47,7.53,1.623516917,1.811382294
5/28/04,9.42,4.81,,,7.45,7.50,1.597987294,1.801560044
6/1/04,9.54,4.89,,,7.45,7.49,1.579075694,1.831605434
6/2/04,9.63,4.82,,,7.40,7.32,1.550708532,1.800981402
6/3/04,9.47,4.81,,,7.26,7.15,1.501855493,1.733381033
6/4/04,9.63,4.94,,,7.42,7.28,1.556382298,1.74262476
6/7/04,9.69,4.89,,,7.58,7.61,1.63297224,1.813116193
6/8/04,9.69,4.86,,,7.53,7.52,1.607442498,1.82871604
6/9/04,9.52,4.82,,,7.27,7.23,1.539362907,1.790004134
6/10/04,9.54,4.74,,,7.32,7.38,1.56489265,1.87782824
6/14/04,9.31,4.82,,,7.18,7.21,1.475379825,1.856449723
6/15/04,9.44,4.72,,,7.25,7.39,1.429362893,1.91018486
6/16/04,9.52,5.11,,,7.19,7.31,1.386813283,1.995697141
6/17/04,10.03,5.22,,,7.31,7.38,1.431569695,1.976631761
6/18/04,9.99,5.21,,,7.41,7.47,1.448273659,2.224504709
6/21/04,10.28,5.15,,,7.28,7.49,1.430938721,2.233171701
6/22/04,10.41,5.09,,,7.25,7.39,1.434090972,2.230282545
6/23/04,10.22,5.13,,,7.29,7.46,1.47128284,2.240683079
6/24/04,10.19,5.14,,,7.48,7.57,1.522342682,2.288640499
6/25/04,10.14,5.15,,,7.51,7.61,1.54440558,2.329086065
6/28/04,10.14,5.27,,,7.45,7.55,1.459305763,2.319840431
6/29/04,10.15,5.38,,,7.41,7.50,1.474119663,2.348730326
6/30/04,10.14,5.31,,,7.49,7.62,1.498703361,2.388019323
7/1/04,10.10,5.42,,,7.41,7.61,1.47664094,2.374731064
7/2/04,10.34,5.45,,,7.47,7.70,1.490824103,2.366641998
7/6/04,10.34,5.46,,,7.53,7.81,1.462457418,2.38628602
7/7/04,10.42,5.38,,,7.69,8.00,1.54440558,2.418643713
7/8/04,10.31,5.34,,,7.73,7.93,1.498703361,2.328507423
7/9/04,10.44,5.31,,,7.82,8.05,1.500279188,2.284595251
7/12/04,10.33,5.34,,,7.85,8.08,1.512887001,2.299040079
7/13/04,10.21,5.33,,,7.85,8.12,1.54440558,2.270729303
7/14/04,10.16,5.32,,,7.85,8.02,1.560164452,2.357396603
7/15/04,10.22,5.34,,,7.90,8.06,1.639276505,2.342952967
7/16/04,10.10,5.39,,,8.11,8.16,1.70042181,2.364908457
7/19/04,9.99,5.38,,,8.00,8.17,1.662599325,2.331396103
7/20/04,10.17,5.27,,,7.85,8.08,1.695694208,2.331396103
7/21/04,9.72,5.18,,,7.71,7.89,1.629505515,2.28112793
7/22/04,9.52,5.20,,,7.71,7.85,1.618473768,2.249926805
7/23/04,9.32,5.10,,,7.43,7.68,1.58537972,2.206015587
7/26/04,9.31,5.33,,,7.52,7.70,1.562370896,2.103746891
7/27/04,10.41,5.47,,,7.60,7.77,1.610594273,2.190992355
7/28/04,10.22,5.52,,,7.73,7.82,1.655035496,2.198503733
7/29/04,10.38,5.37,,,7.89,7.90,1.690336108,2.232016802
7/30/04,10.33,5.58,,,8.01,8.04,1.69884634,2.260905266
8/2/04,10.75,5.56,,,7.97,8.03,1.69979167,2.276506424
8/3/04,10.85,5.56,,,8.02,8.15,1.688129306,2.241838932
8/4/04,10.77,5.55,,,8.08,8.08,1.645264864,2.184637547
8/5/04,10.49,5.48,,,7.90,8.01,1.624777794,2.182326794
8/6/04,10.21,5.56,,,7.80,8.08,1.638330936,2.089301586
8/9/04,10.59,5.68,,,7.84,8.06,1.63265717,2.090456247
8/10/04,10.88,5.62,,,7.86,8.14,1.676467896,2.221615791
8/11/04,10.84,5.55,,,7.77,8.03,1.659447312,2.162974596
8/12/04,10.71,5.55,,,7.77,8.08,1.687814713,2.157081127
8/13/04,10.56,5.69,,,7.77,8.17,1.690966129,2.193032026
8/16/04,10.86,5.64,,,7.96,8.35,1.732885838,2.265523434
8/17/04,10.75,5.61,,,7.93,8.29,1.780163407,2.31915617
8/18/04,10.94,5.64,,,7.87,8.25,1.80853045,2.322103262
8/19/04,10.84,5.68,,,7.97,8.41,1.844146132,2.369252205
8/20/04,10.88,5.59,,,8.10,8.44,1.82302916,2.428188324
8/23/04,10.62,5.74,,,7.96,8.39,1.773544908,2.389880657
8/24/04,10.90,5.74,,,7.78,8.17,1.743286729,2.534274578
8/25/04,11.12,5.96,,,7.77,8.15,1.78835845,2.507752657
8/26/04,11.03,6.00,,,7.83,8.17,1.775751114,2.503628731
8/27/04,11.29,5.97,,,7.84,8.21,1.789619684,2.551365614
8/30/04,11.26,6.17,,,7.77,8.02,1.793401122,2.538400412
8/31/04,12.06,6.19,,,7.86,8.14,1.820822239,2.622678995
9/1/04,12.22,6.35,,,7.80,8.18,1.81073606,2.60499835
9/2/04,12.36,6.27,,,7.84,8.25,1.812312961,2.616195917
9/3/04,12.36,6.35,,,7.70,8.13,1.822397828,2.625037432
9/7/04,12.63,6.46,,,7.61,8.07,1.877871394,2.694582462
9/8/04,12.39,6.60,,,7.64,8.05,1.868415236,2.70813632
9/9/04,12.53,6.54,,,7.58,8.07,1.883544445,2.728765488
9/10/04,12.63,6.53,,,7.59,8.09,1.852340698,2.661576986
9/13/04,12.68,6.44,,,7.68,8.10,1.860851407,2.651558399
9/14/04,12.52,6.54,,,7.74,8.22,1.925148249,2.682793856
9/15/04,12.43,6.58,,,7.74,8.08,1.925148249,2.672187328
9/16/04,12.45,6.67,,,7.88,8.28,1.911910295,2.640359879
9/17/04,12.67,6.79,,,8.09,8.51,1.955406308,2.566689491
9/20/04,12.86,6.89,,,8.04,8.52,1.961079597,2.622089863
9/21/04,13.05,6.72,,,8.12,8.71,1.962970495,2.722872257
9/22/04,12.90,6.74,,,8.09,8.67,1.943113446,2.764127016
9/23/04,12.87,6.72,,,8.03,8.78,1.907182574,2.72405076
9/24/04,13.08,6.67,,,8.07,8.70,1.947841644,2.78180933
9/27/04,13.04,6.92,,,8.02,8.65,1.893945217,2.841923475
9/28/04,13.42,6.92,,,8.36,9.09,2.05658102,2.958029747
9/29/04,13.19,7.13,,,8.37,9.18,2.142626524,2.909111977
9/30/04,13.16,7.19,,,8.40,9.12,2.124660015,3.044666529
10/1/04,13.39,7.23,,,8.52,9.31,2.150190592,3.114211559
10/4/04,13.33,7.25,,,8.38,9.28,2.193686724,3.16312933
10/5/04,13.18,7.24,,,8.45,9.50,2.235290051,3.133070469
10/6/04,12.93,7.21,,,8.64,9.60,2.203141451,3.188472271
10/7/04,12.67,7.29,,,8.60,9.54,2.169101477,3.159003496
10/8/04,12.47,7.29,,,8.56,9.58,2.118987083,3.131892204
10/11/04,12.34,7.34,,,8.55,9.56,2.120878935,3.080029011
10/12/04,12.34,6.98,,,8.37,9.42,2.05658102,3.042308331
10/13/04,11.73,6.88,,,8.05,8.96,1.970534801,2.705190659
10/14/04,11.62,6.78,,,8.14,8.97,1.963769913,2.719925404
10/15/04,11.71,6.88,,,8.27,9.02,2.092304468,2.808329105
10/18/04,11.66,6.79,,,8.19,8.92,2.055579662,2.735248327
10/19/04,11.62,6.94,,,8.00,8.74,1.985997796,2.625037432
10/20/04,11.47,7.13,,,8.06,8.82,2.007259607,2.649790525
10/21/04,11.66,7.07,,,8.25,9.09,2.082640171,2.706368446
10/22/04,11.35,7.22,,,8.20,8.98,2.063312054,2.576709747
10/25/04,11.35,7.29,,,8.26,9.09,2.052680969,2.581423998
10/26/04,11.47,7.30,,,8.34,9.24,2.106800318,2.65745163
10/27/04,11.35,7.33,,,8.40,9.28,2.104867697,2.626805782
10/28/04,11.32,7.42,,,8.07,8.90,2.008225679,2.484178782
10/29/04,11.38,7.50,,,8.22,9.08,2.044950008,2.544883728
11/1/04,11.44,7.50,,,8.26,9.16,2.058479309,2.592032671
11/2/04,11.41,7.69,,,8.18,9.09,2.028520107,2.593210936
11/3/04,11.71,7.78,,,8.37,9.35,2.098103285,2.644486666
11/4/04,12.00,8.18,,,8.56,9.52,2.110666752,2.758823872
11/5/04,12.30,8.12,,,8.62,9.38,2.174450397,2.712852955
11/8/04,12.59,8.03,,,8.49,9.25,2.174450397,2.682839632
11/9/04,12.43,7.99,,,8.53,9.38,2.232435703,2.740458488
11/10/04,12.28,8.00,,,8.75,9.56,2.213107109,2.720651627
11/11/04,12.30,8.10,,,8.82,9.67,2.210207462,2.773469448
11/12/04,12.30,8.23,,,8.89,9.71,2.33487606,2.877901077
11/15/04,12.24,8.24,,,8.84,9.74,2.360003471,2.858094454
11/16/04,12.05,8.29,,,8.75,9.60,2.230502605,2.796875477
11/17/04,12.31,8.34,,,8.93,9.89,2.323279858,2.835887432
11/18/04,12.37,8.33,,,8.84,9.77,2.285588741,2.811879396
11/19/04,12.32,8.37,,,8.88,10.01,2.319414377,2.766866207
11/22/04,12.27,8.35,,,8.88,9.87,2.294287205,2.770468235
11/23/04,12.30,8.34,,,8.91,10.25,2.295253515,2.730254412
11/24/04,13.04,8.43,,,9.04,10.36,2.32521224,2.810081244
11/26/04,13.23,8.42,,,9.14,10.68,2.406391382,2.865298271
11/29/04,13.09,8.51,,,9.16,10.61,2.365801334,2.890505791
11/30/04,13.15,8.80,,,9.09,10.44,2.398660183,2.852094412
12/1/04,13.77,8.61,,,9.23,10.51,2.390928268,2.832286119
12/2/04,13.77,8.54,,,9.09,10.29,2.33777523,2.729055166
12/3/04,13.89,8.58,,,9.03,10.47,2.358070612,2.78187108
12/6/04,13.80,8.51,,,9.01,10.28,2.316514015,2.757863283
12/7/04,13.33,8.53,,,8.79,10.00,2.29621911,2.678039074
12/8/04,13.17,8.56,,,8.67,9.84,2.290421247,2.605416298
12/9/04,13.33,8.49,,,8.67,9.78,2.33004427,2.634824514
12/10/04,13.18,8.59,,,8.63,9.77,2.384164095,2.678039074
12/13/04,13.76,8.73,,,8.78,10.05,2.451813459,2.739858389
12/14/04,13.77,8.87,,,8.76,10.05,2.429585695,2.699646235
12/15/04,13.80,9.00,,,8.72,10.08,2.447947979,2.754262686
12/16/04,13.70,8.98,,,8.63,10.09,2.537825584,2.759063959
12/17/04,12.98,9.20,,,8.78,10.24,2.558120728,2.790273428
12/20/04,12.18,9.32,,,8.90,10.36,2.580348253,2.787872553
12/21/04,12.46,9.29,,,8.98,10.49,2.687620163,2.821483374
12/22/04,12.37,9.15,,,8.93,10.35,2.712748051,2.795075655
12/23/04,12.43,9.20,,,8.99,10.40,2.687620163,2.804077387
12/27/04,12.52,9.21,,,8.97,10.43,2.692452908,2.803477526
12/28/04,12.45,9.16,,,9.07,10.61,2.801657915,2.845492125
12/29/04,12.38,9.20,,,9.13,10.54,2.79779315,2.856294632
12/30/04,12.36,9.23,,,9.17,10.47,2.764934778,2.817882538
12/31/04,12.35,9.24,,,9.22,10.55,2.803590775,2.833487749
1/3/05,12.26,8.76,,,9.01,10.35,2.7059834,2.77286911
1/4/05,11.59,8.36,,,8.64,9.95,2.578414917,2.628223181
1/5/05,11.31,8.56,,,8.63,9.98,2.517530918,2.591610909
1/6/05,11.55,8.29,,,8.63,10.09,2.517530918,2.595211744
1/7/05,11.45,8.45,,,8.64,10.08,2.578414917,2.652830839
1/10/05,11.60,8.32,,,8.68,10.09,2.559086561,2.598814249
1/11/05,11.39,8.35,,,8.78,10.22,2.540724277,2.601815462
1/12/05,11.59,8.38,,,8.92,10.39,2.577448845,2.591009855
1/13/05,11.58,8.54,,,8.83,10.31,2.648963213,2.632423878
1/14/05,11.74,8.55,,,9.04,10.50,2.805524349,2.658833027
1/18/05,12.06,8.65,,,9.11,10.47,2.800691843,2.694243193
1/19/05,12.10,8.66,,,9.16,10.43,2.741740465,2.709248781
1/20/05,11.75,8.80,,,9.10,10.41,2.704049587,2.656431675
1/21/05,11.83,8.76,,,9.44,10.70,2.869307518,2.700846672
1/24/05,11.65,8.69,,,9.76,10.98,2.947588921,2.671436787
1/25/05,11.43,8.82,,,9.68,10.90,2.891535521,2.711648941
1/26/05,11.39,8.98,,,9.65,10.98,2.965950251,2.736857176
1/27/05,11.62,8.97,,,9.72,11.18,2.928260565,2.753062487
1/28/05,11.93,8.98,,,9.59,11.00,2.891535521,2.741057873
1/31/05,12.49,9.06,,,9.71,11.21,2.92342782,2.826284885
2/1/05,12.46,9.02,,,10.04,11.52,2.962084532,2.842489958
2/2/05,12.38,9.05,,,9.90,11.64,2.93309164,2.88990593
2/3/05,12.18,9.16,,,9.73,11.47,2.885737419,2.85689497
2/4/05,12.32,9.13,,,9.69,11.38,2.869307518,2.85089159
2/7/05,12.21,9.22,,,9.59,11.53,2.897334814,2.848492146
2/8/05,12.11,9.23,,,9.52,11.38,2.899266958,2.828084707
2/9/05,12.07,9.26,,,9.33,11.20,2.836448908,2.77586937
2/10/05,12.09,9.34,,,9.62,11.52,2.812288761,2.872499704
2/11/05,12.15,9.36,,,9.80,11.59,2.802624702,2.907910585
2/14/05,11.96,9.39,,,9.91,11.75,2.898300171,2.998539448
2/15/05,11.94,9.37,,,10.05,11.97,2.944689751,3.006388903
2/16/05,12.10,9.39,,,10.14,12.28,2.935991526,3.095047712
2/17/05,12.19,9.49,,,10.19,12.40,3.018136978,3.124601126
2/18/05,12.27,9.42,,,10.31,12.55,3.091584921,3.261899471
2/22/05,12.18,9.51,,,10.42,12.52,3.228818417,3.341321707
2/23/05,12.21,9.94,,,10.53,12.86,3.372814655,3.54634428
2/24/05,12.68,10.22,,,10.70,12.89,3.532274485,3.527873039
2/25/05,12.59,9.87,,,11.10,13.27,3.437564611,3.661476851
2/28/05,12.46,9.81,,,11.10,13.51,3.382477999,3.873272896
3/1/05,12.49,9.78,,,10.88,13.19,3.23848033,3.772916317
3/2/05,12.70,9.73,,,10.78,13.08,3.29453373,3.550040007
3/3/05,12.71,9.92,,,10.98,13.34,3.350586891,3.688569546
3/4/05,13.05,9.99,,,11.19,13.51,3.488785744,3.952695131
3/7/05,12.90,9.97,,,11.11,13.26,3.416302919,3.866500854
3/8/05,12.83,9.96,,,11.12,13.26,3.339955568,3.790771008
3/9/05,12.76,9.88,,,10.99,13.30,3.310963869,3.74090147
3/10/05,12.81,9.88,,,10.88,13.21,3.204655409,3.558042049
3/11/05,12.75,9.90,,,10.91,13.12,3.22495079,3.649164915
3/14/05,12.90,9.50,,,10.79,13.28,3.141839504,3.561737537
3/15/05,12.64,9.41,,,10.66,12.99,3.103182554,3.712581396
3/16/05,12.46,9.67,,,10.83,13.02,3.083855152,3.711348057
3/17/05,12.64,9.69,,,11.06,13.34,3.254909515,3.76922226
3/18/05,12.71,9.57,,,11.05,13.43,3.251045227,3.687952518
3/21/05,12.71,9.47,,,10.76,13.30,3.189193487,3.581437111
3/22/05,12.79,9.38,,1.68,10.50,13.02,3.160200357,3.582056046
3/23/05,12.76,9.28,,1.68,10.22,12.54,2.953386307,3.441678286
3/24/05,12.77,9.18,,1.68,10.08,12.40,3.053895235,3.423207283
3/28/05,12.71,9.23,,1.68,9.99,12.26,2.98914361,3.313616037
3/29/05,12.54,9.66,,1.68,9.75,11.98,2.86157608,3.232344151
3/30/05,12.86,9.72,,1.68,10.08,12.22,2.980446339,3.322852135
3/31/05,12.91,9.69,,1.68,10.17,12.40,3.054861546,3.414588928
4/1/05,11.99,9.71,,1.68,10.12,12.59,3.092551708,3.441062927
4/4/05,12.25,10.02,,1.62,10.05,12.48,2.995909452,3.362255096
4/5/05,12.12,9.94,,1.68,10.04,12.34,2.976580858,3.396116972
4/6/05,12.12,9.83,,1.65,10.08,12.23,2.975614309,3.372105837
4/7/05,11.77,9.82,,1.65,10.12,12.38,3.041331291,3.47431159
4/8/05,11.66,9.69,,1.65,10.21,12.51,3.044229984,3.388112068
4/11/05,11.35,9.45,,1.65,10.20,12.31,3.017170668,3.435521364
4/12/05,11.40,9.21,,1.71,10.25,12.44,2.966917515,3.389959097
4/13/05,10.75,9.01,,1.71,9.98,12.01,2.842248917,3.39180851
4/14/05,10.15,8.91,,1.71,9.69,11.50,2.687620163,3.263130426
4/15/05,9.72,8.96,,1.71,9.49,11.07,2.646877289,3.243427277
4/18/05,10.17,9.29,,1.71,9.69,11.29,2.684184313,3.386882782
4/19/05,10.41,9.14,,1.71,9.96,11.74,2.806907177,3.644855499
4/20/05,10.26,9.23,,1.71,9.88,11.56,2.773526907,3.485391378
4/21/05,10.22,9.17,,1.71,9.95,11.78,2.861886263,3.553732872
4/22/05,9.77,9.37,,1.71,9.97,11.70,2.773526907,3.46138072
4/25/05,10.10,9.59,,1.71,10.07,11.89,2.892321825,3.540803909
4/26/05,10.05,9.31,,1.74,9.77,11.51,2.811815262,3.607913017
4/27/05,9.99,9.17,,1.74,9.59,11.31,2.765671968,3.398583651
4/28/05,9.69,9.35,,1.77,9.29,10.90,2.611532688,3.289488792
4/29/05,9.72,9.47,,1.77,9.45,11.21,2.645895481,3.281788349
5/2/05,9.70,9.58,,1.77,9.58,11.39,2.65276742,3.282430649
5/3/05,9.79,9.80,,1.77,9.47,11.21,2.655713558,3.284356594
5/4/05,10.06,9.76,,1.80,9.64,11.37,2.74898243,3.324141979
5/5/05,10.35,9.77,,1.80,9.78,11.50,2.718546867,3.409490585
5/6/05,10.56,9.86,,1.81,9.88,11.41,2.758798361,3.381896734
5/9/05,10.61,9.75,,1.81,9.94,11.46,2.8049438,3.368421316
5/10/05,10.29,9.80,,1.81,9.64,11.27,2.705784082,3.289488792
5/11/05,10.19,9.48,,1.81,9.63,11.27,2.705784082,3.179753304
5/12/05,9.83,9.34,,1.81,9.30,10.81,2.567352772,3.006486416
5/13/05,9.75,9.34,,1.81,9.08,10.53,2.51335454,2.858247757
5/16/05,9.76,9.40,,1.77,9.29,10.53,2.631168127,2.858890057
5/17/05,9.63,9.63,,1.77,9.25,10.61,2.653749704,2.970550537
5/18/05,9.88,9.73,,1.77,9.51,10.92,2.812798023,2.989802361
5/19/05,9.83,9.63,,1.77,9.32,10.84,2.825560808,2.909587622
5/20/05,9.84,9.77,,1.77,9.12,10.57,2.770581245,2.974400043
5/23/05,9.85,9.80,,1.77,9.30,10.80,2.809851885,2.916644812
5/24/05,9.64,9.82,,1.77,9.33,11.06,2.87955904,2.840279579
5/25/05,9.60,10.04,,1.77,9.26,10.85,2.847158909,2.910870075
5/26/05,9.44,10.01,,1.77,9.37,10.98,2.915884733,2.921779156
5/27/05,9.85,10.05,,1.77,9.36,11.19,2.907047987,2.967340946
5/31/05,9.90,10.05,,1.77,9.33,11.13,2.850105762,2.981459618
6/1/05,10.09,10.08,,2.01,9.57,11.42,2.882504225,2.991728306
6/2/05,10.06,9.92,,2.01,9.51,11.50,2.930611372,3.05333209
6/3/05,10.29,9.90,,1.92,9.55,11.61,2.938465834,3.160502195
6/6/05,10.24,10.06,,2.10,9.49,11.73,2.860903263,3.05782485
6/7/05,10.36,10.03,,2.07,9.49,11.73,2.798071146,3.005846024
6/8/05,10.44,9.99,,2.07,9.38,11.55,2.788253307,2.889051199
6/9/05,10.41,10.13,,2.07,9.43,11.54,2.710692644,2.785092354
6/10/05,10.47,10.16,,2.07,9.48,11.64,2.741127491,2.796643257
6/13/05,10.42,10.63,,2.07,9.40,11.72,2.749963999,2.823595762
6/14/05,10.75,10.70,,2.16,9.46,11.72,2.807888269,2.781241655
6/15/05,10.63,11.07,,2.13,9.72,12.06,2.836360693,2.881350756
6/16/05,11.25,10.85,,2.13,9.96,12.41,2.96791935,2.944240332
6/17/05,10.98,10.75,,2.13,10.08,12.65,3.019952774,2.951940298
6/20/05,10.81,10.69,,2.04,10.07,12.55,2.989517689,2.890976191
6/21/05,10.86,10.91,,2.04,9.98,12.51,2.929629564,2.837070942
6/22/05,11.46,10.67,,2.04,9.87,12.42,2.888394117,2.793432236
6/23/05,11.58,10.61,,2.04,9.69,12.04,2.784325361,2.671504974
6/24/05,11.58,10.56,,2.04,9.56,11.89,2.747018099,2.714502096
6/27/05,11.35,10.78,,2.04,9.67,12.09,2.832432985,2.708085299
6/28/05,11.65,10.74,,2.04,9.74,12.33,2.903121471,2.770974398
6/29/05,11.77,10.62,,2.04,9.71,12.26,2.912938595,2.794075966
6/30/05,11.78,10.67,,1.95,9.56,12.10,2.874650478,2.749155283
7/1/05,11.97,10.73,,1.95,9.64,12.15,2.942392588,2.751722336
7/5/05,12.10,11.01,,1.95,9.75,12.31,2.897230148,2.781882286
7/6/05,12.12,11.00,,1.95,9.94,12.28,2.94631958,2.836429834
7/7/05,12.20,11.45,,1.95,9.85,12.13,2.963009834,2.878783941
7/8/05,12.33,11.45,,1.95,9.87,12.25,3.048424721,2.944881916
7/11/05,12.47,11.48,,2.01,10.03,12.51,3.10929513,2.985952616
7/12/05,12.46,11.30,,2.01,10.10,12.55,3.089658976,2.998144388
7/13/05,12.38,11.18,,2.01,10.05,12.41,3.123040438,2.989802361
7/14/05,12.46,11.14,,2.01,9.91,12.32,3.095549822,3.01739645
7/15/05,12.41,11.20,,2.01,9.81,12.27,3.038607121,3.025097609
7/18/05,12.68,11.55,,2.01,9.75,12.31,3.049405813,3.063599825
7/19/05,12.86,11.64,,2.01,9.80,12.25,3.091623068,3.067450523
7/20/05,12.84,11.59,,2.01,10.16,12.70,3.19078207,3.172052622
7/21/05,12.71,11.55,,2.01,10.24,12.96,3.249689341,3.169486046
7/22/05,12.82,11.59,,2.25,10.30,13.09,3.261470795,3.240076542
7/25/05,12.69,11.39,,2.25,10.30,12.95,3.131875277,3.205422878
7/26/05,12.79,11.76,,2.25,10.25,12.91,3.121075153,3.220182657
7/27/05,12.76,12.17,,2.25,10.33,12.98,3.131875277,3.276011705
7/28/05,12.88,11.84,,2.25,10.43,13.06,3.20943594,3.324141979
7/29/05,13.17,12.22,,2.25,10.40,13.13,3.196673632,3.285638332
8/1/05,13.08,12.23,,2.25,10.50,13.10,3.239871502,3.370345592
8/2/05,13.10,12.22,,2.25,10.62,13.39,3.323322773,3.456336498
8/3/05,12.95,12.19,,2.25,11.09,13.69,3.377321243,3.337826967
8/4/05,13.07,12.10,,2.25,10.98,13.46,3.346885204,3.333900928
8/5/05,13.09,12.11,,2.25,11.04,13.34,3.316449881,3.299214125
8/8/05,13.36,12.27,,2.25,11.29,13.77,3.364557505,3.361390114
8/9/05,13.43,12.41,,2.39,11.46,13.85,3.465681553,3.294632912
8/10/05,13.54,12.64,,2.39,11.58,13.90,3.527533293,3.441236496
8/11/05,13.48,12.76,2.27,2.31,11.80,14.39,3.421500444,3.549877882
8/12/05,13.51,12.72,2.51,2.31,11.90,14.41,3.403826952,3.47003293
8/15/05,13.57,12.52,2.42,2.45,11.89,14.32,3.463716984,3.550532818
8/16/05,13.30,12.15,2.40,2.45,11.60,14.01,3.353758335,3.418329716
8/17/05,13.13,11.93,2.36,2.45,11.32,13.65,3.353758335,3.307066917
8/18/05,12.88,12.17,2.29,2.54,11.22,13.48,3.270306826,3.254055738
8/19/05,13.10,12.29,2.33,2.54,11.31,13.82,3.254598856,3.264527082
8/22/05,13.10,12.02,2.38,2.54,11.77,14.31,3.395974636,3.299214125
8/23/05,12.73,12.05,2.46,2.54,11.59,13.98,3.31448698,3.227875948
8/24/05,12.80,11.97,2.45,2.25,11.26,13.54,3.188819408,3.104834318
8/25/05,12.44,11.94,2.45,2.25,11.26,13.62,3.319394112,3.167664289
8/26/05,12.52,12.16,2.45,2.25,11.21,13.63,3.282088518,3.150646448
8/29/05,12.45,12.15,2.38,2.25,11.28,13.64,3.325285673,3.223294735
8/30/05,12.24,12.23,2.39,2.25,11.11,13.65,3.334122181,3.161774635
8/31/05,12.22,12.28,2.35,2.25,11.34,13.88,3.376339674,3.205625296
9/1/05,12.41,12.07,2.28,2.34,11.66,14.36,3.427392244,3.263872147
9/2/05,12.17,12.28,2.25,2.34,11.64,14.22,3.512805462,3.285470963
9/6/05,12.30,12.28,2.30,2.34,11.48,13.98,3.567786694,3.246855497
9/7/05,12.34,12.23,2.27,2.34,11.39,13.87,3.535387754,3.201043606
9/8/05,12.41,12.11,2.29,2.34,11.36,13.80,3.558949947,3.193842411
9/9/05,12.40,12.02,2.32,2.34,11.51,13.99,3.651237011,3.200387716
9/12/05,12.17,11.91,2.25,2.34,11.48,13.87,3.652218819,3.213477612
9/13/05,12.10,11.90,2.23,2.34,11.41,13.85,3.576621056,3.131667614
9/14/05,12.10,11.61,2.20,2.34,11.67,14.11,3.59331274,3.159811258
9/15/05,12.01,11.45,2.12,2.34,11.98,14.19,3.744506359,3.146066904
9/16/05,11.77,11.05,2.15,2.34,12.35,14.65,3.912389278,3.187954187
9/19/05,11.81,10.93,2.17,2.34,12.26,14.63,3.858393908,3.305759192
9/20/05,11.78,10.65,2.21,2.34,12.18,14.46,3.850538254,3.233112097
9/21/05,11.68,10.37,2.10,2.34,12.43,14.39,4.113655567,3.314267159
9/22/05,11.50,10.94,2.03,2.34,12.40,14.52,4.109727859,3.273034811
9/23/05,11.87,10.81,2.18,2.34,12.41,14.44,4.234415054,3.332592726
9/26/05,11.91,10.83,2.17,2.34,12.84,14.85,4.309028149,3.474613428
9/27/05,11.84,10.34,2.17,2.34,12.73,14.73,4.280557632,3.46544981
9/28/05,11.73,10.43,2.12,2.22,13.22,15.07,4.323754787,3.588493586
9/29/05,11.99,10.37,2.10,2.22,13.09,15.18,4.396407604,3.657214165
9/30/05,12.12,10.07,2.08,2.22,13.02,15.15,4.306084633,3.662447929
10/3/05,11.56,10.07,2.03,2.22,12.97,14.95,4.300191879,3.648050308
10/4/05,11.67,9.87,1.97,2.22,12.77,14.81,4.182378769,3.856173754
10/5/05,11.23,9.87,1.84,2.22,12.23,14.02,3.939879417,3.666374445
10/6/05,11.12,10.04,1.88,2.22,12.56,13.82,3.733706713,3.482465744
10/7/05,11.09,9.90,1.89,2.22,12.65,13.74,3.863301039,3.602890015
10/10/05,10.73,9.62,1.76,2.34,12.69,13.87,4.003695488,3.551843166
10/11/05,10.73,9.44,1.70,2.34,12.67,13.78,4.064567089,3.653940678
10/12/05,10.78,9.30,1.67,2.34,12.45,13.65,3.865264893,3.457597494
10/13/05,10.62,9.24,1.58,2.34,12.20,13.38,3.838757038,3.390185833
10/14/05,10.62,9.31,1.73,2.34,12.39,13.55,3.915335178,3.386260748
10/17/05,10.52,8.90,1.71,2.34,12.36,13.51,3.942813396,3.475922823
10/18/05,10.30,9.07,1.68,2.34,12.12,13.39,3.819912434,3.379060745
10/19/05,10.17,9.31,1.70,2.34,12.30,13.39,3.87786603,3.394114494
10/20/05,10.16,9.54,1.80,2.34,11.89,13.04,3.682023764,3.285470963
10/21/05,10.06,9.72,1.82,2.34,11.79,13.32,3.867874384,3.350264549
10/24/05,10.17,9.63,1.84,2.34,12.06,13.57,3.9737885,3.515192032
10/25/05,10.16,9.40,1.85,2.34,11.96,13.43,3.923828602,3.527626038
10/26/05,10.13,8.49,1.83,2.34,11.86,13.72,3.952804804,3.653285503
10/27/05,9.68,8.46,1.82,2.34,11.94,13.48,3.867874384,3.665065289
10/28/05,9.72,9.15,1.87,2.34,12.08,13.62,3.980783463,3.614018679
10/31/05,9.99,9.03,1.94,2.34,12.09,13.77,4.129662514,3.608780861
11/1/05,10.24,9.27,1.91,2.34,12.16,13.91,4.222587585,3.583256721
11/2/05,10.20,9.43,1.90,2.34,12.46,13.93,4.290532112,3.75014925
11/3/05,10.15,9.35,1.86,2.34,12.70,14.16,4.346487999,3.805125237
11/4/05,10.13,9.43,1.88,2.34,12.38,13.72,4.287534237,3.727242708
11/7/05,10.22,9.27,1.90,2.34,12.49,13.74,4.300525188,3.726587534
11/8/05,10.22,9.27,1.89,2.34,12.50,13.82,4.306518555,3.660473108
11/9/05,10.28,9.22,1.90,2.34,12.54,13.63,4.264553547,3.713768244
11/10/05,10.23,9.33,1.93,2.34,12.61,13.59,4.126664162,3.798769712
11/11/05,10.18,9.24,1.97,2.48,12.94,13.93,4.201603889,3.945838451
11/14/05,10.08,9.04,1.97,2.48,12.67,13.81,4.125666618,3.94246459
11/15/05,9.84,8.70,2.07,2.48,12.79,13.90,4.13565731,3.944486856
11/16/05,9.66,8.73,2.13,2.48,12.68,13.88,4.232578754,4.039609909
11/17/05,9.76,8.68,2.22,2.48,13.17,14.19,4.312514305,4.170484543
11/18/05,9.95,8.36,2.19,2.48,13.13,14.19,4.266551018,4.166438103
11/21/05,9.84,8.33,2.22,2.01,13.27,14.34,4.316511154,4.132031441
11/22/05,9.76,8.38,2.21,1.98,13.03,14.22,4.375463963,4.118539333
11/23/05,9.84,8.51,2.18,1.98,12.96,14.13,4.39344883,4.088857651
11/25/05,9.97,8.40,2.19,1.98,13.08,14.50,4.45539856,4.209614277
11/28/05,10.15,8.29,2.17,1.98,12.87,14.35,4.355478287,4.108419895
11/29/05,10.29,8.13,2.18,1.98,13.00,14.38,4.357478142,4.225130081
11/30/05,10.25,8.26,2.17,1.98,12.90,14.26,4.332498074,4.29124403
12/1/05,10.25,8.39,2.14,1.98,13.34,14.49,4.490369797,4.533430576
12/2/05,10.22,8.43,2.18,1.98,13.71,14.65,4.504359722,4.527358532
12/5/05,10.31,8.61,2.19,1.98,13.63,14.63,4.406437397,4.676449299
12/6/05,10.28,9.02,2.22,1.98,13.85,14.70,4.39444828,4.675100803
12/7/05,10.37,8.93,2.19,1.98,13.63,14.48,4.196609497,4.61775732
12/8/05,10.67,8.89,2.12,1.98,13.83,14.45,4.176624298,4.712876797
12/9/05,10.69,8.85,2.13,1.98,13.75,14.49,4.218590736,4.67172575
12/12/05,10.84,9.00,2.12,1.98,13.91,14.69,4.222587585,4.636645317
12/13/05,10.88,8.91,2.09,1.98,13.90,14.59,4.216591835,4.762800694
12/14/05,10.97,8.78,2.08,1.98,13.79,14.45,4.166631699,4.579978943
12/15/05,10.83,8.83,2.10,1.98,13.79,14.39,4.119670391,4.649460793
12/16/05,10.68,8.63,2.12,1.98,13.86,14.32,4.112677097,4.646092892
12/19/05,10.73,8.52,2.14,1.98,13.95,14.33,4.008759975,4.541524887
12/20/05,10.72,8.82,2.10,1.98,14.15,14.54,4.026744843,4.489579678
12/21/05,10.90,8.95,2.07,1.98,14.51,14.80,4.144649982,4.584026814
12/22/05,11.23,8.91,2.15,1.98,14.41,14.60,4.114673615,4.599542141
12/23/05,11.22,8.68,2.14,1.98,14.52,14.65,4.11167717,4.590773106
12/27/05,11.18,8.86,2.15,1.98,14.30,14.36,4.073708057,4.575932026
12/28/05,11.07,8.92,2.14,2.45,14.46,14.77,4.085699081,4.586725712
12/29/05,11.08,8.91,2.15,2.45,14.48,14.91,4.133658886,4.545571804
12/30/05,11.07,9.39,2.14,2.45,14.48,14.82,4.110676289,4.518587112
1/3/06,11.35,9.40,2.15,2.45,14.96,15.52,4.296527386,4.679145336
1/4/06,11.50,9.70,2.18,2.45,15.17,15.87,4.408436775,5.031970501
1/5/06,11.72,9.69,2.27,2.45,14.78,15.54,4.434416771,4.677124023
1/6/06,11.87,9.97,2.25,2.45,15.06,15.85,4.496365547,4.718950748
1/9/06,11.92,9.83,2.30,2.45,15.04,16.11,4.556316853,4.675100803
1/10/06,12.03,9.73,2.31,2.45,14.91,15.88,4.546324253,4.814744949
1/11/06,11.88,9.38,2.29,2.45,15.14,16.08,4.616269112,4.762800694
1/12/06,11.77,9.18,2.29,2.45,15.35,15.78,4.753155708,4.722320557
1/13/06,11.44,9.03,2.30,2.54,15.58,15.89,4.728178501,4.790459633
1/17/06,11.33,8.77,2.28,2.54,15.67,16.22,4.693206787,4.859271526
1/18/06,11.02,8.98,2.33,2.54,15.47,15.92,4.600282192,4.756727219
1/19/06,10.81,8.92,2.32,2.54,16.11,16.50,4.790128708,4.783037186
1/20/06,10.97,9.20,2.24,2.51,15.87,16.22,4.642249107,4.723670006
1/23/06,10.87,9.54,2.28,2.51,16.27,16.49,4.714190483,4.803275585
1/24/06,11.08,9.34,2.31,2.48,16.32,16.56,4.779137135,4.905818462
1/25/06,11.26,9.58,2.29,2.48,16.74,17.19,4.754157066,5.007686615
1/26/06,11.62,9.99,2.35,2.48,16.76,17.20,4.956992626,5.123720169
1/27/06,11.64,10.06,2.39,2.48,16.80,17.50,4.975977421,5.432021141
1/30/06,11.84,10.00,2.37,2.48,16.49,17.57,4.99696064,5.533887863
1/31/06,11.70,10.04,2.39,2.48,16.24,17.49,5.122860909,5.875918388
2/1/06,11.98,10.01,2.35,2.48,16.46,17.38,5.033932209,5.85635519
2/2/06,11.69,10.42,2.32,2.48,16.03,17.02,4.926018715,5.97913456
2/3/06,12.35,10.59,2.37,2.48,16.00,16.91,4.881055355,5.95147562
2/6/06,12.49,10.54,2.40,2.48,16.16,17.19,4.955996037,6.14913702
2/7/06,12.83,10.80,2.38,2.48,15.44,16.40,4.731176853,5.855678558
2/8/06,12.88,10.63,2.42,2.48,15.50,16.13,4.737170696,5.80575943
2/9/06,12.72,10.54,2.46,2.48,15.51,16.34,4.724182606,5.835441589
2/10/06,12.86,10.35,2.43,2.48,15.36,15.90,4.679218769,5.604721546
2/13/06,12.59,10.51,2.39,2.48,14.96,15.54,4.582296371,5.404892921
2/14/06,12.64,10.53,2.44,2.48,15.39,16.03,4.701202393,5.618433475
2/15/06,12.71,10.34,2.45,2.22,15.24,15.91,4.765148163,5.469094276
2/16/06,12.27,10.24,2.43,2.28,15.47,16.04,4.786132336,5.465602398
2/17/06,12.32,10.12,2.43,2.28,15.67,16.09,4.72018528,5.616340637
2/21/06,12.08,10.22,2.39,2.28,16.13,16.45,4.67621994,5.714041233
2/22/06,12.15,10.55,2.49,2.28,16.30,16.50,4.795125008,5.714041233
2/23/06,12.16,10.50,2.50,2.28,16.01,16.23,4.840086937,5.617038727
2/24/06,11.99,10.67,2.59,2.28,15.97,16.25,4.859073639,5.684035301
2/27/06,12.13,10.64,2.52,2.28,15.57,16.12,4.747164249,5.476769447
2/28/06,12.03,10.81,2.47,2.28,15.40,16.00,4.639250755,5.558418751
3/1/06,12.14,10.98,2.49,2.28,15.52,16.24,4.796124458,5.635180473
3/2/06,12.11,10.85,2.44,2.16,15.68,16.40,4.792125702,5.856402874
3/3/06,12.19,10.38,2.43,2.16,15.62,16.29,4.786132336,5.964571953
3/6/06,12.05,10.03,2.39,2.16,15.15,15.95,4.652239323,5.702180386
3/7/06,11.71,9.72,2.38,2.16,14.76,15.49,4.470387459,5.539577007
3/8/06,11.40,9.64,2.37,2.16,14.75,15.31,4.360476494,5.454440117
3/9/06,11.40,9.82,2.34,2.22,14.70,15.37,4.224585056,5.436991692
3/10/06,11.43,9.63,2.37,2.22,15.15,15.59,4.321507454,5.572376251
3/13/06,11.65,9.62,2.36,2.22,15.00,15.62,4.328502178,5.566096306
3/14/06,11.71,9.87,2.37,2.22,15.36,15.87,4.410434723,5.688920021
3/15/06,11.49,9.83,2.34,2.22,15.84,16.27,4.507356644,5.687524796
3/16/06,11.54,9.65,2.33,2.22,15.78,16.32,4.496365547,5.688221455
3/17/06,11.53,9.58,2.37,2.28,15.66,16.28,4.48837328,5.854310036
3/20/06,11.56,9.62,2.35,2.28,15.69,16.25,4.486374855,5.776848316
3/21/06,11.43,9.57,2.29,2.28,15.26,15.94,4.41143465,5.626810074
3/22/06,11.39,9.42,2.36,2.28,15.75,16.30,4.418429375,5.694502354
3/23/06,11.09,9.28,2.37,2.28,15.84,16.55,4.396448135,5.561911106
3/24/06,10.82,9.14,2.39,2.28,16.22,16.74,4.524344444,5.533996105
3/27/06,10.87,9.19,2.37,2.28,16.29,16.95,4.580296993,5.652630806
3/28/06,10.70,9.61,2.33,2.28,15.93,16.76,4.502360821,5.6421628
3/29/06,10.59,9.83,2.35,2.28,16.25,17.26,4.650242329,5.788712025
3/30/06,10.82,9.79,2.38,2.28,17.02,18.00,4.82210207,5.89688158
3/31/06,10.86,9.99,2.39,2.28,16.90,17.83,4.849081039,5.895482063
4/3/06,10.82,9.83,2.40,2.16,17.31,18.67,4.923021793,5.973642826
4/4/06,10.79,10.27,2.36,2.16,17.51,18.80,4.891046047,6.07064724
4/5/06,11.12,10.33,2.37,2.16,18.07,19.46,4.941005707,6.350483418
4/6/06,10.94,10.23,2.39,2.16,18.04,19.46,4.975977421,6.446091175
4/7/06,10.79,10.20,2.36,2.16,17.50,18.99,4.866066933,6.299540997
4/10/06,10.69,10.07,2.32,2.28,17.79,19.23,4.819105625,6.379796028
4/11/06,10.98,9.96,2.27,2.28,17.58,19.49,4.784134388,6.213705063
4/12/06,10.81,9.80,2.32,2.28,17.87,19.53,4.815107346,6.357463837
4/13/06,10.72,9.65,2.33,2.28,17.72,19.31,4.841884136,6.439116478
4/17/06,10.75,10.00,2.31,2.28,18.22,19.93,4.912612915,6.594734192
4/18/06,10.94,10.22,2.39,2.28,18.61,20.74,5.094488144,6.978553295
4/19/06,11.27,10.19,2.44,2.28,18.80,21.08,5.083373547,6.955524445
4/20/06,11.40,10.22,2.51,2.22,17.75,19.98,4.99647665,6.663125038
4/21/06,11.41,10.13,2.49,2.22,18.44,20.54,5.22685194,6.884344578
4/24/06,11.11,10.33,2.45,2.22,18.36,20.48,5.221797466,6.893415451
4/25/06,10.97,10.23,2.50,2.27,18.22,20.45,5.174309731,6.894816875
4/26/06,10.83,10.75,2.49,2.27,18.24,20.55,5.228870869,6.759428501
4/27/06,11.28,10.52,2.48,2.27,17.47,19.85,5.099537849,6.536813736
4/28/06,11.35,10.55,2.43,2.27,18.18,20.39,5.205631256,6.912261486
5/1/06,11.23,11.16,2.49,2.27,18.51,20.83,5.348099232,6.978553295
5/2/06,12.21,11.22,2.63,2.27,18.94,21.11,5.485516548,6.879460335
5/3/06,12.71,11.49,2.58,2.27,18.66,21.01,5.430953026,6.661728382
5/4/06,12.86,11.70,2.51,2.27,19.25,20.92,5.533005238,6.912261486
5/5/06,12.86,11.53,2.52,2.27,19.83,21.42,5.65425396,6.98553133
5/8/06,12.86,11.78,2.48,2.54,19.62,21.30,5.706794739,7.138367176
5/9/06,12.89,11.57,2.46,2.54,20.09,22.02,5.878563881,7.231179237
5/10/06,12.95,11.25,2.46,2.54,20.15,22.01,5.833096504,7.386802197
5/11/06,12.62,10.97,2.40,2.76,20.00,21.73,5.646169662,7.369355202
5/12/06,12.46,10.75,2.37,2.76,19.44,21.38,5.436004639,7.173462391
5/15/06,12.40,10.74,2.35,2.70,18.43,20.05,5.203609943,6.829480171
5/16/06,12.45,10.47,2.43,2.70,18.65,20.36,5.168246269,6.868896484
5/17/06,12.11,10.37,2.37,2.70,17.59,19.67,4.95606041,6.501981735
5/18/06,12.41,10.28,2.39,2.70,17.07,19.32,4.824708462,6.247577667
5/19/06,12.52,10.21,2.39,2.70,17.31,19.35,4.820663929,5.955195427
5/22/06,12.32,10.26,2.33,2.70,16.74,18.50,4.623635292,5.869194984
5/23/06,12.26,10.03,2.31,2.51,17.27,19.20,4.548865795,6.062687397
5/24/06,11.97,10.04,2.32,2.51,17.23,18.65,4.433679581,5.969522953
5/25/06,11.99,10.27,2.39,2.51,18.05,19.28,4.800458908,6.250442982
5/26/06,11.97,10.04,2.41,2.51,18.61,19.72,4.91362381,6.348622322
5/30/06,11.62,10.14,2.36,2.51,17.83,19.41,4.713562489,6.101385117
5/31/06,11.78,10.12,2.40,2.51,18.13,19.37,4.707501411,6.102100372
6/1/06,12.11,10.00,2.34,2.51,17.75,19.05,4.751957417,6.141516685
6/2/06,12.18,9.52,2.31,2.51,17.74,19.17,4.789343357,6.23181057
6/5/06,12.19,9.39,2.25,2.51,17.05,18.65,4.643844128,6.082033634
6/6/06,11.77,9.37,2.21,2.51,16.99,18.36,4.551895618,6.001773834
6/7/06,11.50,9.30,2.21,2.51,16.41,18.07,4.322534084,5.784636497
6/8/06,11.30,9.23,2.15,2.51,16.00,17.64,4.30838728,5.647759914
6/9/06,11.06,8.80,2.10,2.51,15.86,17.63,4.389222145,5.510883331
6/12/06,10.69,8.89,1.99,2.51,15.52,17.22,4.150763512,5.214913368
6/13/06,10.56,9.08,1.90,2.51,15.13,16.28,4.055785179,5.080189705
6/14/06,10.90,9.50,1.99,2.51,15.64,16.93,4.183096886,5.159732819
6/15/06,11.28,9.42,2.02,2.51,16.73,18.09,4.500365734,5.585410118
6/16/06,11.53,9.20,2.01,2.51,16.39,17.86,4.403366566,5.547429085
6/19/06,11.32,9.34,1.95,2.51,16.07,17.28,4.253825665,5.27439642
6/20/06,11.35,9.51,1.93,2.65,16.33,17.60,4.235637188,5.325273514
6/21/06,11.39,9.40,1.95,2.65,16.88,18.30,4.518553257,5.485802174
6/22/06,11.65,9.42,1.91,2.65,16.73,18.27,4.516532898,5.399804592
6/23/06,11.70,9.38,1.99,2.65,16.83,18.13,4.447824478,5.508732319
6/26/06,11.39,9.16,1.97,2.60,16.63,18.14,4.506427765,5.879945755
6/27/06,11.32,9.23,1.90,2.60,16.26,17.90,4.407408237,5.821182728
6/28/06,11.45,9.66,1.88,2.36,16.26,17.93,4.516532898,6.050504684
6/29/06,11.67,9.55,2.03,2.36,17.16,18.95,4.769135952,6.375854969
6/30/06,11.84,9.59,2.01,2.36,17.12,19.27,4.858050823,6.387320995
7/3/06,11.65,9.37,1.97,2.36,17.52,19.65,4.936862469,6.631690502
7/5/06,11.74,9.31,1.97,2.36,17.18,18.95,4.763072491,6.545698166
7/6/06,11.32,9.30,1.97,2.64,16.99,19.14,4.789343357,6.562176704
7/7/06,10.85,9.52,1.93,2.64,16.92,19.22,4.722655773,6.663223743
7/10/06,11.05,9.67,1.92,2.64,16.91,19.27,4.738821983,6.753520489
7/11/06,11.43,9.77,1.94,2.64,17.45,19.73,4.74084425,6.736319542
7/12/06,11.55,9.52,1.93,2.64,17.24,19.76,4.66405344,6.532082558
7/13/06,11.25,9.33,1.88,2.64,16.65,19.24,4.522595406,6.270508289
7/14/06,11.10,9.21,1.86,2.64,16.69,18.88,4.508449554,6.35148859
7/17/06,10.94,9.38,1.83,2.64,15.83,18.43,4.395284653,6.225366116
7/18/06,10.94,9.56,1.87,2.64,15.76,18.35,4.42559576,6.191681862
7/19/06,11.30,9.65,1.99,2.64,16.94,18.99,4.698406219,6.481916904
7/20/06,10.92,9.70,1.93,2.64,16.12,18.75,4.516532898,6.249010563
7/21/06,10.70,9.73,1.95,2.64,15.89,18.60,4.338699818,6.12861681
7/24/06,11.12,9.58,2.01,2.64,16.30,18.94,4.474095345,6.144383907
7/25/06,11.11,9.73,2.09,2.64,16.67,19.08,4.573115826,6.342172146
7/26/06,11.42,10.37,2.09,2.64,16.69,18.95,4.577156067,6.340022564
7/27/06,11.39,10.60,2.12,2.64,16.68,19.01,4.613532543,6.55931282
7/28/06,11.66,10.50,2.23,2.64,17.17,19.20,4.781260014,7.003622532
7/31/06,11.87,10.36,2.28,2.64,17.06,18.88,4.688302517,7.059954166
8/1/06,11.58,10.47,2.22,2.64,16.94,18.64,4.66405344,7.058494091
8/2/06,11.50,10.43,2.15,2.64,17.28,18.95,4.746906757,7.061420918
8/3/06,11.40,10.35,2.14,2.64,17.27,18.95,4.795403957,6.890226364
8/4/06,11.69,10.29,2.17,2.64,17.26,19.08,4.860072613,6.784873009
8/7/06,11.68,10.44,2.16,2.64,17.35,18.99,4.779238224,6.727808952
8/8/06,11.61,10.56,2.10,2.64,16.92,18.64,4.744884491,6.679522514
8/9/06,11.52,10.54,2.11,2.64,16.82,18.56,4.649905682,6.598314762
8/10/06,11.70,10.70,2.09,2.64,16.77,18.47,4.625656605,6.608557224
8/11/06,11.62,10.70,2.05,2.64,16.56,18.38,4.528656483,6.46955061
8/14/06,11.59,10.92,2.11,2.64,16.61,18.45,4.447824478,6.419802666
8/15/06,11.91,10.98,2.16,2.64,16.85,18.71,4.40942812,6.517104626
8/16/06,12.34,10.94,2.18,2.64,17.37,19.22,4.514512062,6.620994091
8/17/06,12.22,11.12,2.18,2.64,16.91,19.04,4.567053795,6.537590504
8/18/06,12.41,11.00,2.15,2.64,16.92,19.16,4.558969021,6.570513248
8/21/06,12.32,10.99,2.18,2.82,17.14,19.56,4.498345375,6.683180332
8/22/06,12.48,10.84,2.19,3.06,16.89,19.45,4.407408237,6.700007439
8/23/06,12.36,10.84,2.19,3.06,16.86,19.03,4.221491814,6.597583771
8/24/06,12.40,10.88,2.18,3.06,16.32,18.50,4.233617783,6.541980743
8/25/06,12.37,10.88,2.19,3.06,16.30,18.64,4.223513603,6.580756187
8/28/06,12.20,10.74,2.25,3.06,16.37,18.69,4.300305367,6.640016079
8/29/06,12.13,10.86,2.25,3.06,16.50,18.88,4.31444931,6.625383377
8/30/06,12.24,10.89,2.24,3.06,16.54,18.80,4.32455349,6.571245193
8/31/06,12.29,10.85,2.23,3.06,16.45,18.84,4.33263731,6.754145622
9/1/06,12.39,10.93,2.24,3.06,16.74,19.09,4.498345375,6.811212063
9/5/06,12.52,10.93,2.33,2.92,17.38,19.52,4.621614456,7.072395325
9/6/06,12.29,10.92,2.34,2.92,16.84,18.91,4.472074032,7.089221954
9/7/06,12.17,11.05,2.32,2.92,16.56,18.58,4.39124155,7.084831238
9/8/06,12.13,10.79,2.33,2.92,16.10,18.17,4.379116535,6.89168787
9/11/06,11.99,10.68,2.31,2.92,15.05,17.06,4.122472763,6.446872234
9/12/06,11.90,10.66,2.35,2.92,15.30,16.84,4.128534794,6.482722759
9/13/06,11.96,10.63,2.37,2.92,15.48,17.26,4.253825665,6.596851826
9/14/06,12.19,10.57,2.37,2.92,15.37,17.09,4.203304291,6.492964268
9/15/06,11.94,10.73,2.35,2.92,15.10,16.93,4.21340847,6.547835827
9/18/06,12.02,10.78,2.37,2.92,15.31,17.32,4.237658978,6.686107635
9/19/06,12.54,11.15,2.39,2.92,14.62,16.73,4.150763512,6.584417343
9/20/06,12.61,11.14,2.39,2.92,14.90,16.60,4.049723148,6.387614727
9/21/06,12.58,11.13,2.38,2.92,15.15,16.87,4.098223209,6.402249336
9/22/06,12.57,11.33,2.35,2.92,14.85,16.56,4.049723148,6.359082222
9/25/06,12.19,11.58,2.34,2.92,14.81,16.32,3.993140221,6.383224487
9/26/06,12.72,11.50,2.39,2.92,15.05,16.85,4.166930199,6.649528027
9/27/06,12.84,11.73,2.39,2.92,15.57,17.34,4.265950203,6.767314434
9/28/06,12.84,11.58,2.43,2.92,15.60,17.28,4.310407639,6.735854626
9/29/06,12.79,11.50,2.40,2.92,15.48,17.09,4.356886864,6.767314434
10/2/06,12.71,11.59,2.47,2.92,15.69,17.31,4.411450386,6.871932983
10/3/06,12.46,11.77,2.47,2.92,15.07,16.82,4.223513603,6.603438377
10/4/06,12.81,12.12,2.49,3.29,14.89,16.50,4.393261909,6.496623993
10/5/06,12.86,12.05,2.57,3.29,15.29,17.01,4.496323586,6.686840057
10/6/06,12.65,12.17,2.56,3.29,15.15,16.92,4.488240719,6.779021263
10/9/06,12.76,11.99,2.59,3.29,15.49,17.14,4.611510754,6.863885403
10/10/06,12.78,11.63,2.62,3.29,15.70,17.45,4.688302517,6.966309547
10/11/06,12.64,11.89,2.56,3.14,15.68,17.38,4.726698399,6.986794949
10/12/06,13.20,12.25,2.68,3.14,16.33,17.95,4.833800316,7.172624111
10/13/06,13.25,12.38,2.64,3.11,16.53,18.25,4.819655895,7.261876106
10/16/06,13.39,12.25,2.67,3.11,16.96,18.95,4.926758289,7.46965456
10/17/06,13.14,12.52,2.61,3.11,16.54,18.53,4.827739239,7.46233511
10/18/06,13.05,12.59,2.65,3.11,16.82,18.58,4.860072613,7.41112566
10/19/06,12.96,12.47,2.67,3.33,17.10,19.00,4.938882828,7.719861507
10/20/06,12.90,12.68,2.62,3.33,17.25,18.88,4.903538227,7.696451664
10/23/06,13.05,12.81,2.65,3.39,17.49,19.16,4.960744858,7.724245071
10/24/06,13.08,13.36,2.65,3.39,17.47,18.93,5.183447361,7.754975796
10/25/06,13.58,13.75,2.71,3.39,17.81,19.26,5.277430534,7.734491348
10/26/06,13.34,13.53,2.74,3.39,17.69,19.36,5.265172958,7.678892136
10/27/06,13.33,14.13,2.82,3.39,17.85,19.11,5.214095592,7.623291016
10/30/06,13.88,13.88,2.82,3.39,17.71,19.06,5.091506958,7.399419785
10/31/06,14.17,14.14,2.79,3.39,18.08,19.20,5.197748661,7.517939568
11/1/06,14.25,14.73,2.81,3.39,18.22,19.25,5.318295956,7.437459469
11/2/06,14.51,14.93,2.84,3.39,18.33,19.31,5.340768337,7.632067204
11/3/06,14.35,15.34,2.85,3.39,18.23,19.23,5.404105663,7.795947552
11/6/06,14.95,15.42,2.91,3.73,18.55,19.70,5.536912441,8.161746025
11/7/06,15.10,15.75,2.91,3.73,18.77,19.70,5.469486237,8.275877953
11/8/06,15.38,15.27,2.96,3.57,18.57,19.39,5.498090744,8.117851257
11/9/06,15.52,14.54,2.92,3.57,18.52,19.38,5.608420849,8.504137993
11/10/06,15.51,14.89,3.01,3.57,17.92,19.09,5.483788967,7.965680599
11/13/06,15.87,14.92,2.99,3.57,17.39,18.44,5.34894228,7.83252573
11/14/06,16.11,15.33,3.05,3.73,17.25,18.62,5.412279129,7.645554066
11/15/06,15.97,15.41,3.03,3.73,17.11,18.35,5.508306503,7.618522167
11/16/06,15.97,15.26,3.06,3.73,16.81,18.08,5.355071545,7.595996857
11/17/06,15.85,15.30,3.06,3.73,16.68,18.14,5.322381496,7.553946972
11/20/06,16.23,16.00,3.19,3.57,16.78,18.09,5.320338249,7.722147465
11/21/06,16.14,15.61,3.24,3.57,17.04,18.13,5.522609234,7.890347481
11/22/06,16.23,16.07,3.21,3.57,17.12,18.52,5.512394428,7.921880722
11/24/06,16.21,15.63,3.22,3.57,17.20,18.38,5.547126293,7.975947857
11/27/06,15.74,15.22,3.12,3.57,16.87,18.17,5.455185413,7.936900139
11/28/06,15.61,15.69,3.13,3.57,16.94,18.09,5.487875938,7.993970871
11/29/06,15.75,15.64,3.18,3.73,17.28,18.51,5.641111374,8.163667679
11/30/06,16.12,15.57,3.21,3.73,17.52,18.69,5.671756268,8.216230392
12/1/06,16.07,15.99,3.18,3.73,17.53,18.44,5.634981632,8.136636734
12/4/06,16.37,15.83,3.21,3.73,17.95,18.87,5.839295387,8.334875107
12/5/06,16.88,15.87,3.26,3.73,18.33,18.95,6.08651495,8.387433052
12/6/06,16.91,15.66,3.29,4.04,18.10,18.77,6.035437107,8.40245533
12/7/06,16.62,15.84,3.27,4.20,17.89,18.60,5.953710556,8.473035812
12/8/06,16.86,15.62,3.29,4.20,17.59,18.33,5.97823,8.384429932
12/11/06,17.13,15.36,3.34,4.20,17.54,18.22,6.021133423,8.657752037
12/12/06,17.18,15.28,3.31,4.04,17.52,17.94,5.94145155,8.53460598
12/13/06,17.05,15.14,3.33,4.01,17.92,18.17,5.947582722,8.483549118
12/14/06,17.16,15.32,3.35,4.01,18.24,18.36,6.135550499,8.680277824
12/15/06,16.65,14.96,3.38,4.01,18.01,18.21,6.113075256,8.647240639
12/18/06,16.19,15.12,3.33,4.01,17.54,17.81,5.945537567,8.623214722
12/19/06,16.21,15.63,3.37,4.01,17.84,17.96,6.03339386,8.566144943
12/20/06,16.57,15.46,3.46,4.01,17.40,18.00,5.937365532,8.213230133
12/21/06,16.34,15.47,3.45,4.01,16.88,17.59,5.961884022,7.852799416
12/22/06,16.41,15.98,3.52,4.01,16.88,17.49,5.970056057,7.908364773
12/26/06,16.38,16.25,3.66,4.01,17.01,17.47,6.019092083,8.03151226
12/27/06,16.43,16.16,3.72,4.01,17.38,17.86,6.198887825,8.289818764
12/28/06,16.60,15.94,3.66,4.01,17.47,17.95,6.117163658,8.162166595
12/29/06,16.16,16.01,3.61,4.01,17.35,17.93,6.076300144,8.093087196
1/3/07,16.38,15.51,3.73,4.01,16.67,17.53,5.888330936,7.669584274
1/4/07,15.82,15.25,3.77,4.01,16.11,17.02,5.816820621,7.586986065
1/5/07,15.42,15.33,3.75,4.01,15.81,16.76,5.620679379,7.65306139
1/8/07,15.32,14.89,3.72,3.60,16.19,16.84,5.816820621,7.785221577
1/9/07,15.17,15.10,3.81,3.64,16.16,16.98,5.647239685,7.881337166
1/10/07,14.95,15.43,3.83,3.64,16.40,17.07,5.798432827,8.078066826
1/11/07,15.73,16.12,3.90,3.64,16.82,17.57,5.896503448,8.241760254
1/12/07,16.72,16.20,4.09,3.64,16.86,17.83,6.068129063,8.298829079
1/16/07,16.73,16.10,4.14,3.64,16.42,17.39,5.996617317,8.168175697
1/17/07,16.30,15.90,4.14,3.64,16.45,17.40,6.043610573,8.214728355
1/18/07,16.60,15.96,4.07,3.64,16.40,17.46,6.019092083,8.157658577
1/19/07,16.42,15.37,4.13,3.64,16.76,18.05,6.153939247,8.391940117
1/22/07,16.02,16.08,4.04,3.64,16.65,17.89,6.256095886,8.391940117
1/23/07,16.35,16.38,4.08,3.64,17.37,18.48,6.70354414,8.678777695
1/24/07,16.15,15.98,4.06,3.64,17.88,18.64,6.836347103,8.822951317
1/25/07,15.48,16.42,3.99,3.64,17.43,18.20,6.691286564,8.884523392
1/26/07,15.10,17.19,4.05,3.64,17.28,18.14,6.74236393,8.997157097
1/29/07,15.75,17.56,4.44,3.64,17.17,18.09,6.629992008,9.097774506
1/30/07,15.44,17.34,4.34,3.92,17.56,18.36,6.662682056,9.180372238
1/31/07,15.07,17.83,4.30,3.92,17.65,18.49,6.932374477,9.386118889
2/1/07,15.66,17.42,4.49,3.95,17.79,18.68,6.967106819,9.648927689
2/2/07,15.78,16.67,4.45,3.95,17.37,18.58,6.950763702,9.446188927
2/5/07,15.24,16.69,4.46,3.95,17.37,18.58,6.950763702,9.573835373
2/6/07,15.67,16.88,4.44,3.95,17.60,18.81,7.077439785,9.776576996
2/7/07,15.66,16.82,4.52,3.95,17.57,19.86,6.930331707,9.799105644
2/8/07,15.56,16.73,4.57,3.95,17.39,19.65,6.887426376,9.721014023
2/9/07,16.07,16.68,4.63,3.95,17.05,19.58,6.797530651,9.690164566
2/12/07,16.92,17.26,4.70,3.95,17.18,19.85,6.738276005,9.779621124
2/13/07,17.89,17.09,4.79,3.95,17.72,20.31,7.146906853,10.37185955
2/14/07,17.97,17.60,4.84,3.95,18.06,20.57,7.310356617,10.4875288
2/15/07,18.36,17.86,4.88,3.95,18.10,20.60,7.379821301,10.546134
2/16/07,19.09,18.55,4.84,3.95,18.03,20.64,7.334874153,10.49061489
2/20/07,19.65,18.66,5.24,3.95,18.12,20.64,7.42681551,10.4875288
2/21/07,20.36,18.39,5.42,3.93,18.18,20.52,7.563705444,10.77131081
2/22/07,19.86,18.57,5.47,3.93,18.42,20.70,7.580051899,11.2016058
2/23/07,20.03,18.33,5.58,3.93,18.81,20.89,7.496281624,11.56712818
2/26/07,19.98,17.26,5.58,3.93,18.83,21.09,7.537142754,11.20777225
2/27/07,18.99,17.54,5.25,3.93,17.57,19.60,6.744404793,10.43509102
2/28/07,19.25,17.20,5.45,3.93,17.69,19.54,6.967106819,10.87926197
3/1/07,19.06,16.48,5.36,3.76,17.27,19.26,6.844520569,10.78827286
3/2/07,18.66,16.22,5.16,3.76,16.85,18.93,6.68106842,10.42583466
3/5/07,18.37,16.74,5.25,3.76,16.63,18.52,6.50740242,9.977031708
3/6/07,19.28,17.63,5.46,3.76,17.20,19.34,6.973238468,10.342556
3/7/07,19.64,17.62,5.49,3.76,17.31,19.38,7.001842499,10.42892075
3/8/07,20.19,17.76,5.72,3.76,17.48,19.47,7.005928516,10.71578503
3/9/07,20.20,17.99,5.75,3.76,17.41,19.53,7.14281702,10.65563965
3/12/07,20.56,17.26,5.81,3.85,17.45,19.85,7.281753063,10.59548569
3/13/07,20.20,17.35,5.73,4.01,16.98,19.25,6.981410503,9.870615959
3/14/07,20.41,17.37,5.74,4.01,16.95,19.39,7.167337894,10.18524075
3/15/07,20.23,17.06,5.71,4.01,17.43,20.06,7.338963032,10.4844389
3/16/07,20.08,17.22,5.68,4.01,17.39,20.10,7.244977951,10.36260605
3/19/07,20.44,17.69,5.88,4.01,17.81,20.71,7.447248459,10.80061054
3/20/07,20.36,18.21,5.97,4.01,17.92,21.06,7.434988976,10.83454418
3/21/07,21.19,17.72,6.09,4.13,18.51,21.49,7.582094193,11.13066006
3/22/07,20.80,17.75,6.06,4.13,18.52,21.46,7.549404144,11.01807499
3/23/07,20.92,17.67,5.90,4.13,18.68,21.51,7.555534363,10.90703773
3/26/07,20.81,17.44,5.78,4.13,18.85,22.19,7.682209492,10.97334862
3/27/07,20.34,17.25,5.42,4.13,18.76,22.02,7.561661243,11.10290146
3/28/07,20.03,17.40,5.32,4.13,18.34,21.57,7.359392166,10.94096184
3/29/07,19.96,17.77,5.47,4.13,18.66,22.00,7.563705444,11.03658104
3/30/07,20.18,17.78,5.44,4.13,18.83,22.06,7.557579041,11.05200768
4/2/07,20.32,18.24,5.50,4.13,19.06,22.14,7.635216236,11.20314789
4/3/07,20.73,18.53,5.57,4.38,19.70,22.64,7.923298359,11.5810051
4/4/07,21.15,18.73,5.66,4.38,19.90,22.71,8.119440079,11.56558323
4/5/07,21.81,18.81,5.80,4.54,19.77,22.53,8.121482849,11.54553413
4/9/07,22.02,18.91,5.83,4.57,19.88,22.60,8.184819221,11.72598267
4/10/07,20.82,19.41,5.74,4.57,20.30,23.16,8.233856201,11.98200035
4/11/07,21.53,19.68,5.88,4.71,20.17,22.75,8.219554901,12.01438808
4/12/07,22.54,20.46,6.10,4.71,20.39,22.90,8.360530853,11.99125481
4/13/07,22.89,20.49,6.25,4.81,20.42,22.95,8.427954674,12.11001205
4/16/07,23.55,20.22,6.24,5.13,21.06,23.26,8.560759544,12.0807085
4/17/07,23.38,20.38,6.21,5.13,21.10,23.24,8.60586834,12.35060883
4/18/07,23.25,20.30,6.28,5.13,20.71,22.77,8.546133995,12.26270008
4/19/07,22.43,20.53,6.14,5.00,20.34,22.42,8.46168232,12.19329548
4/20/07,22.13,20.52,6.21,5.00,20.56,22.96,8.601751328,12.55110264
4/23/07,22.53,20.80,6.23,5.03,20.63,22.63,8.649124146,12.92895699
4/24/07,22.71,20.88,6.23,5.03,20.48,22.33,8.622345924,12.77782059
4/25/07,23.13,21.02,6.26,5.06,20.77,22.88,8.739754677,12.8718996
4/26/07,24.04,20.67,6.45,5.13,20.35,22.41,8.546133995,12.59737301
4/27/07,23.27,19.95,6.08,5.16,20.37,22.27,8.385467529,12.68836689
4/30/07,22.32,19.84,5.60,5.03,20.17,22.24,8.364871025,12.38453579
5/1/07,22.08,20.21,5.43,5.03,20.23,22.09,8.294835091,12.15011406
5/2/07,22.38,20.91,5.64,4.93,20.50,22.60,8.581151962,12.4092083
5/3/07,23.32,20.69,5.79,4.93,20.97,22.78,8.809789658,12.61125278
5/4/07,22.15,21.11,5.67,5.03,21.67,23.51,9.03842926,12.97985363
5/7/07,22.75,21.16,5.80,5.03,22.24,23.67,8.949856758,13.18498802
5/8/07,22.51,21.57,5.73,5.03,21.88,23.17,8.842746735,13.28831577
5/9/07,22.51,21.29,5.68,5.16,24.49,24.32,9.20939064,13.76796722
5/10/07,22.07,21.79,5.64,5.41,23.23,23.43,8.941616058,13.80344105
5/11/07,22.30,21.54,5.68,5.41,24.04,23.83,9.174373627,13.92065144
5/14/07,22.79,21.97,5.76,5.54,23.15,23.34,9.00547123,13.58953762
5/15/07,22.99,22.30,5.79,5.54,22.83,23.42,9.091980934,13.52052498
5/16/07,23.18,22.79,5.91,5.54,23.46,23.47,9.349458694,13.51268387
5/17/07,23.54,22.88,5.96,5.57,22.98,23.05,9.260885239,13.38563251
5/18/07,23.92,22.96,5.94,5.57,23.01,23.26,9.287666321,13.34641933
5/21/07,24.17,22.73,6.06,5.57,23.31,23.49,9.285605431,13.50484085
5/22/07,24.42,22.54,6.06,5.57,23.15,23.11,9.170255661,13.4389658
5/23/07,24.91,21.66,5.86,5.29,23.83,23.56,9.050786018,13.55347061
5/24/07,23.96,22.31,5.77,5.29,23.02,22.58,8.677961349,13.28838348
5/25/07,24.95,22.64,5.98,5.29,24.14,23.20,8.935436249,13.57699203
5/29/07,24.60,23.67,5.99,5.54,23.74,23.51,8.939557076,13.60208511
5/30/07,26.12,23.65,6.27,5.54,23.98,23.65,9.192913055,13.62718201
5/31/07,26.58,24.24,6.31,5.57,24.21,23.97,9.361818314,13.90951443
6/1/07,26.93,24.63,6.54,5.57,24.49,24.56,9.685207367,14.64201164
6/4/07,27.70,24.91,6.84,5.51,24.39,24.85,9.701683998,14.53064823
6/5/07,27.79,24.69,6.89,5.45,24.09,25.06,9.536899567,14.38790417
6/6/07,27.13,23.78,6.70,5.29,23.29,24.81,9.293841362,14.30634689
6/7/07,26.20,24.68,6.53,5.35,22.85,24.93,8.888059616,14.05538845
6/8/07,26.74,24.47,6.76,5.35,23.28,25.40,9.149656296,13.79500866
6/11/07,26.94,24.45,6.88,5.48,23.37,25.54,9.238226891,14.23889828
6/12/07,26.92,25.18,7.00,5.48,23.19,25.10,8.935436249,14.40359116
6/13/07,28.63,25.34,7.36,5.48,24.40,25.95,9.221750259,14.59965801
6/14/07,28.73,25.87,7.46,5.48,25.02,26.27,9.42773056,14.64513969
6/15/07,29.41,26.49,7.76,5.48,25.49,26.35,9.670786858,14.66867542
6/18/07,30.10,26.76,7.87,5.48,25.31,26.68,9.794373512,14.78787327
6/19/07,30.25,25.70,8.09,5.48,25.75,26.86,9.43391037,14.81611156
6/20/07,29.17,26.40,7.99,5.32,25.12,26.52,9.269125938,14.60436058
6/21/07,29.54,25.67,8.55,5.32,25.51,27.49,9.477166176,14.80042934
6/22/07,30.07,25.99,8.48,5.32,25.08,27.08,9.304141045,14.83963966
6/25/07,29.82,25.62,8.30,5.16,24.83,26.82,9.129058838,14.96982479
6/26/07,29.37,25.26,8.25,5.16,24.43,26.61,8.988994598,14.58084106
6/27/07,28.76,25.70,8.05,5.16,24.75,26.34,9.145536423,14.19184589
6/28/07,29.46,25.99,8.48,5.16,25.05,26.97,9.065202713,14.63259125
6/29/07,29.53,26.98,8.45,5.29,25.30,27.20,9.176435471,14.78474236
7/2/07,30.10,26.07,8.75,5.25,26.57,27.99,9.534838676,15.43568039
7/3/07,29.60,26.70,8.86,5.25,26.48,28.29,9.557498932,15.30862522
7/5/07,29.55,26.69,8.82,5.29,26.83,29.08,9.777898788,15.73682976
7/6/07,29.59,26.71,8.89,5.48,26.63,29.72,9.893247604,15.98778629
7/9/07,29.74,26.29,8.88,5.48,26.99,30.54,10.00653458,16.20737839
7/10/07,28.97,26.44,8.57,5.48,26.08,29.63,9.860291481,16.17757034
7/11/07,29.05,26.83,8.68,5.48,26.82,30.02,10.16926193,16.52578545
7/12/07,30.07,27.84,8.57,5.48,26.26,31.24,10.7707243,17.09985733
7/13/07,30.87,28.05,9.47,5.48,25.14,30.94,10.69863033,17.28808022
7/16/07,30.45,28.61,9.29,5.48,24.94,30.39,10.45557308,17.18925476
7/17/07,30.32,28.22,9.32,5.48,24.90,30.19,10.51530647,17.32728767
7/18/07,29.85,28.26,9.28,5.48,25.19,29.95,10.5482645,17.38062096
7/19/07,30.14,27.83,9.23,5.48,25.66,30.75,10.67185402,17.51864624
7/20/07,29.35,27.52,8.99,5.48,25.68,30.52,10.49882984,17.65040207
7/23/07,30.27,26.42,8.84,5.48,26.12,31.08,10.9375658,18.03939056
7/24/07,29.13,25.76,8.20,5.67,25.10,30.39,10.45145416,17.67079544
7/25/07,28.13,26.12,8.16,5.42,24.52,30.43,10.30314636,17.94372177
7/26/07,26.97,25.91,7.71,5.35,23.03,28.80,9.773779869,17.62843895
7/27/07,26.19,27.05,7.58,5.35,22.43,27.93,9.709924698,17.10299873
7/30/07,27.21,26.91,8.15,5.25,23.39,29.18,10.00035954,17.56570625
7/31/07,28.42,26.56,8.11,5.25,23.90,29.04,10.09510708,17.67863083
8/1/07,28.76,27.94,8.24,5.29,22.98,28.45,9.987996101,16.98378563
8/2/07,30.29,28.44,8.21,5.29,22.82,28.65,10.1136446,16.78145218
8/3/07,29.88,28.14,7.80,5.29,22.03,27.65,9.631652832,15.89838696
8/6/07,29.32,29.21,7.76,5.16,21.76,28.01,9.588394165,15.58625412
8/7/07,30.72,29.66,8.07,5.16,22.18,28.15,9.730522156,16.1462059
8/8/07,30.57,27.82,7.94,5.16,22.37,29.17,10.0930481,16.74694061
8/9/07,28.39,28.75,6.90,5.16,21.34,27.59,9.656367302,15.76976013
8/10/07,29.85,29.19,7.33,5.16,22.08,26.75,9.339159012,15.46843243
8/13/07,30.30,28.65,7.87,5.16,21.40,27.20,9.3927145,16.13951111
8/14/07,30.37,26.65,8.10,5.35,20.95,26.26,8.747994423,15.12571716
8/15/07,28.86,25.11,7.46,5.35,20.24,24.73,8.158889771,14.13582039
8/16/07,26.65,25.23,7.49,5.35,19.55,23.80,7.870519161,13.47589874
8/17/07,27.22,26.39,7.70,5.35,20.38,24.95,8.259820938,14.44665813
8/20/07,29.31,27.50,8.01,5.35,20.53,25.73,8.305139542,14.5598402
8/21/07,29.51,28.39,8.13,5.35,20.37,26.22,8.391649246,15.17513371
8/22/07,30.50,28.35,8.64,5.35,21.61,27.13,9.120816231,15.80317402
8/23/07,29.97,29.22,8.55,5.35,21.79,27.75,9.273244858,15.6899929
8/24/07,31.05,28.59,8.92,5.35,22.83,28.36,9.790259361,16.33238411
8/27/07,30.74,27.66,8.76,5.35,22.66,28.23,9.952980042,16.51730156
8/28/07,29.35,28.56,8.18,5.35,21.62,27.18,9.277363777,15.76173306
8/29/07,30.27,28.54,8.56,5.35,22.24,28.42,9.872646332,16.38180542
8/30/07,30.21,29.52,8.53,5.35,22.03,28.14,9.880889893,16.4583149
8/31/07,31.80,30.00,8.94,5.35,22.89,28.75,10.16102028,16.7771244
9/4/07,32.49,29.93,9.20,5.40,23.67,29.24,10.52560902,17.22026253
9/5/07,32.74,30.02,9.33,5.27,23.81,28.59,10.3278656,17.2537365
9/6/07,33.53,29.14,9.24,5.17,25.12,30.13,10.72746563,17.57413673
9/7/07,32.48,29.30,8.89,5.20,24.55,29.22,10.43909454,16.68149376
9/10/07,32.42,29.92,8.77,5.20,24.10,28.89,10.38141918,16.68945122
9/11/07,33.34,29.95,8.98,5.20,25.14,29.98,10.7933836,17.3159008
9/12/07,34.36,29.52,8.64,5.20,24.82,29.72,10.92727089,17.34459877
9/13/07,34.43,29.67,8.91,5.20,25.24,30.37,11.32893276,17.33184814
9/14/07,33.88,29.78,9.04,5.20,24.90,30.27,11.22593975,17.56138611
9/17/07,33.97,30.79,9.28,5.20,24.37,29.58,11.08999252,17.40039635
9/18/07,35.08,31.19,9.69,5.36,25.81,31.48,12.19405174,18.25638962
9/19/07,35.52,32.67,9.85,5.36,26.06,32.32,12.2805624,18.4572258
9/20/07,35.89,34.26,9.81,5.36,26.95,32.75,12.29704189,18.822258
9/21/07,38.03,33.56,10.38,5.36,27.37,33.29,12.54421616,19.12193871
9/24/07,37.43,34.07,9.91,5.85,28.56,34.86,13.08388519,19.70854187
9/25/07,37.89,34.25,10.39,5.85,27.72,35.35,13.19923401,19.52681541
9/26/07,39.09,34.67,10.37,5.85,27.52,34.75,13.58647728,19.44553566
9/27/07,40.28,35.23,10.72,5.85,28.21,35.64,13.9984436,19.95243073
9/28/07,40.50,36.65,10.72,5.85,28.61,36.08,13.97784233,19.73883247
10/1/07,40.94,35.99,10.73,5.85,29.82,37.59,14.8882761,20.3716526
10/2/07,39.69,34.16,10.42,5.85,29.01,36.63,14.60402203,20.36368179
10/3/07,37.02,34.52,9.76,6.34,28.14,35.89,13.30634403,19.96677399
10/4/07,38.50,35.00,10.28,6.34,28.18,35.92,13.20335484,19.68462753
10/5/07,39.65,34.55,10.30,6.34,29.04,36.50,13.82541752,19.88228035
10/8/07,38.88,37.64,10.11,6.34,28.33,36.01,13.70594501,19.84562302
10/9/07,42.08,37.19,10.35,6.40,29.02,37.40,14.15086269,20.54699326
10/10/07,44.13,36.45,10.42,6.40,30.14,37.66,14.10966873,21.5926857
10/11/07,44.82,37.63,10.03,6.84,30.41,38.40,14.04787636,21.76164055
10/12/07,46.68,36.47,10.70,6.84,31.02,38.90,14.79763985,21.97046852
10/15/07,45.78,37.21,10.57,6.50,30.36,38.19,14.50103569,21.54166412
10/16/07,47.57,36.58,10.58,6.50,29.97,37.64,14.10142612,21.33604813
10/17/07,46.87,37.28,10.63,6.50,29.33,38.04,14.27857208,21.21648407
10/18/07,47.92,35.63,10.98,6.50,29.53,39.33,14.62050247,21.38386154
10/19/07,47.30,35.73,11.15,6.50,28.42,37.93,13.76816845,20.91362381
10/22/07,45.47,36.33,10.81,6.60,27.85,37.15,13.5487709,20.69045258
10/23/07,47.02,36.40,11.51,6.64,29.04,38.50,14.05793476,21.63412476
10/24/07,47.72,38.19,11.73,6.60,28.38,37.34,13.58602428,21.08099937
10/25/07,49.57,38.89,11.96,6.60,29.28,37.82,13.86338043,21.02043152
10/26/07,52.09,40.49,12.06,6.60,30.66,39.55,14.69542885,21.76961708
10/29/07,52.72,39.53,12.42,6.63,31.04,40.09,15.38673019,22.53155708
10/30/07,51.46,40.94,12.25,6.63,29.99,38.66,15.09696198,21.84134865
10/31/07,52.82,39.93,12.41,6.57,31.24,40.06,15.59785461,22.26852989
11/1/07,52.18,40.43,11.75,6.57,30.05,37.84,15.08040333,21.34719849
11/2/07,52.57,39.77,12.64,6.57,30.88,38.44,15.05970478,21.13997841
11/5/07,51.13,40.60,12.40,6.57,29.28,36.53,14.71198559,19.93283844
11/6/07,52.97,41.30,13.15,6.57,30.66,38.32,15.62682915,21.18885612
11/7/07,53.65,41.45,13.56,6.57,29.78,36.88,14.8361721,20.01053238
11/8/07,53.80,39.92,13.62,6.57,36.67,35.28,15.29979897,19.65282249
11/9/07,53.76,34.47,13.16,6.57,39.85,34.80,14.77821922,18.4631691
11/12/07,46.41,37.59,11.29,6.57,36.31,32.59,13.59844494,16.67139626
11/13/07,50.26,39.04,12.27,6.57,37.26,34.53,14.59607887,17.86104965
11/14/07,50.15,36.60,12.61,6.57,38.16,34.81,14.79063416,18.4874382
11/15/07,46.90,37.68,11.85,6.92,36.73,34.01,14.28147125,17.35929298
11/16/07,48.16,35.86,11.99,6.92,36.86,34.30,14.65403461,17.81249428
11/19/07,44.91,36.75,11.04,6.92,34.66,32.52,13.92546749,16.5127697
11/20/07,46.24,35.39,11.75,6.50,35.39,33.38,13.92546749,17.15534973
11/21/07,44.60,36.03,11.28,6.66,33.80,32.06,13.42458153,16.21820259
11/23/07,46.16,35.84,11.61,6.66,36.32,33.43,13.47839642,16.86561775
11/26/07,46.90,36.78,11.58,6.73,35.44,32.58,12.83262539,16.34767532
11/27/07,47.90,39.06,12.02,6.73,35.55,33.29,12.91542053,16.00777435
11/28/07,51.86,38.63,12.61,6.73,37.38,34.39,14.06207371,17.31558418
11/29/07,51.80,39.96,12.45,6.78,38.40,34.63,14.22351646,17.77525902
11/30/07,52.33,41.28,12.85,6.78,38.94,34.81,14.31458473,17.90961075
12/3/07,54.64,40.82,13.44,6.78,37.44,34.52,14.44705582,17.69433594
12/4/07,53.77,42.50,13.12,7.53,38.21,34.24,14.248353,17.1585865
12/5/07,57.10,43.25,13.50,7.53,38.19,34.92,14.71612453,17.61665154
12/6/07,58.61,43.06,13.74,7.53,38.61,35.45,15.11766243,18.00024414
12/7/07,60.26,44.10,13.38,7.53,38.99,35.35,15.10937977,19.047472
12/10/07,63.87,42.51,13.52,7.70,39.80,35.83,14.97692013,18.84514809
12/11/07,62.05,43.18,12.82,7.70,37.90,34.83,14.23179531,17.8092556
12/12/07,62.51,42.17,13.05,7.70,37.80,34.97,14.44705582,18.25598907
12/13/07,64.31,41.89,13.89,7.70,36.49,34.12,13.90477085,17.71052933
12/14/07,62.67,42.13,13.70,7.70,35.20,32.62,13.61914539,17.0242424
12/17/07,63.94,41.57,13.63,7.21,33.44,31.12,12.85746479,16.29911995
12/18/07,62.92,41.28,13.59,7.21,34.20,31.81,13.151371,16.37033081
12/19/07,62.29,44.27,13.80,7.21,34.11,31.66,13.2176075,16.54838181
12/20/07,68.65,43.96,15.22,8.48,33.71,31.44,13.43699932,16.86724281
12/21/07,67.32,46.45,15.67,8.84,35.02,32.45,13.78472519,17.11974907
12/24/07,70.00,47.80,16.14,8.75,35.66,32.57,14.02482033,17.82705116
12/26/07,70.94,48.43,16.46,8.52,36.53,33.22,14.18212318,17.6085453
12/27/07,72.16,48.06,16.08,8.52,35.52,32.67,13.91305256,17.26380157
12/28/07,72.53,47.99,15.81,9.01,35.07,32.76,13.81784248,17.1181221
12/31/07,71.39,48.73,15.54,9.01,34.98,32.15,13.5239315,17.01614952
1/2/08,71.69,48.96,15.62,8.68,34.96,32.32,13.54048824,17.25246429
1/3/08,73.94,47.55,16.36,8.68,35.68,33.17,13.69779301,17.60207558
1/4/08,72.20,46.47,15.71,8.68,33.89,31.81,13.14723015,16.83324814
1/7/08,71.13,45.97,15.50,8.68,33.51,31.41,13.05202007,16.28455734
1/8/08,66.87,46.00,15.36,8.68,32.83,31.25,12.9278326,16.17449188
1/9/08,67.36,45.09,15.89,9.01,32.99,31.53,12.99820995,15.99644375
1/10/08,70.78,46.25,15.63,9.01,33.78,32.33,13.47839642,15.90580273
1/11/08,75.08,50.04,15.90,9.14,33.19,31.07,13.24657822,15.52705669
1/14/08,82.89,47.87,16.92,9.50,33.96,32.36,13.3707695,16.06766319
1/15/08,76.62,44.90,16.24,9.34,31.98,30.38,12.85332584,15.30855083
1/16/08,69.40,40.08,14.73,9.34,29.82,29.20,12.00471497,14.24837875
1/17/08,61.30,40.93,12.74,7.86,28.62,27.85,11.71080589,13.36139297
1/18/08,60.56,40.87,13.18,7.86,30.61,27.87,11.93434143,13.58313847
1/22/08,60.76,40.05,13.14,7.83,27.60,26.54,11.1147089,13.08299828
1/23/08,61.30,43.03,13.11,7.21,28.72,27.84,10.99880219,12.97293472
1/24/08,69.06,44.25,14.13,7.21,29.49,28.59,11.72322655,13.75632572
1/25/08,69.17,46.51,14.70,7.21,30.80,29.11,11.47071362,14.1269846
1/28/08,70.15,46.97,15.03,8.22,30.82,29.65,11.5079689,13.93437195
1/29/08,70.00,45.42,14.93,8.68,31.42,29.91,11.8846674,14.43775177
1/30/08,67.31,46.93,14.32,8.84,31.98,30.14,12.06680584,14.93465424
1/31/08,68.81,47.33,15.10,8.68,33.90,31.02,12.42281151,15.21791267
2/1/08,70.73,48.33,15.33,8.68,36.74,33.84,13.09341621,15.91065884
2/4/08,74.50,46.62,15.69,8.94,36.00,33.27,12.96095371,15.93332195
2/5/08,70.14,46.29,14.65,8.84,35.11,31.89,12.29034615,15.13050365
2/6/08,70.71,45.93,15.20,8.84,34.10,30.34,12.40211678,14.75984955
2/7/08,70.95,45.83,15.05,8.52,34.75,30.46,12.36899567,14.92494106
2/8/08,72.81,48.03,15.29,8.52,34.43,30.20,12.56355762,15.70049858
2/11/08,75.32,49.76,15.74,8.52,34.32,30.22,13.20932674,16.43523216
2/12/08,75.99,49.23,15.96,8.52,35.67,31.12,13.24657822,16.48125076
2/13/08,75.71,49.50,16.38,8.58,36.57,31.52,13.52807236,16.68999863
2/14/08,78.27,49.29,16.32,8.58,36.14,31.71,13.33351135,16.53713608
2/15/08,78.23,50.83,16.69,8.58,36.28,32.13,13.25899887,16.66534615
2/19/08,82.90,52.00,17.89,8.58,38.09,33.62,13.86751556,17.89810753
2/20/08,86.30,52.29,17.95,8.58,37.89,33.24,14.50915051,18.60160446
2/21/08,84.57,52.33,17.38,8.58,37.95,33.00,14.40151882,18.81528664
2/22/08,82.46,54.76,17.79,8.58,38.36,33.89,14.74924088,18.79392242
2/25/08,88.59,53.84,18.51,9.70,38.75,33.92,14.78649807,18.80378151
2/26/08,87.50,53.20,18.14,9.70,38.44,33.88,14.98933697,18.64598465
2/27/08,85.64,54.10,17.65,9.66,38.77,34.69,15.1714716,19.05855751
2/28/08,85.57,52.97,17.84,9.66,38.94,35.03,15.40743446,19.62562752
2/29/08,84.23,52.45,17.25,9.66,38.14,33.84,14.42221546,18.75611687
3/3/08,84.70,52.25,17.03,9.17,38.10,33.82,14.48844624,18.88432121
3/4/08,82.43,53.68,16.90,9.17,37.52,33.11,14.05793476,17.60224152
3/5/08,83.73,53.05,17.45,9.17,38.69,34.36,14.65817165,18.46847153
3/6/08,84.34,51.78,17.17,9.66,38.63,33.92,14.1200285,18.57366943
3/7/08,78.75,47.68,16.20,9.40,37.39,32.78,13.71848869,18.51942062
3/10/08,72.16,52.07,14.88,9.40,35.17,30.60,13.10997868,17.48718834
3/11/08,81.02,51.60,16.63,9.40,36.03,31.65,13.88821316,18.51613235
3/12/08,80.30,53.47,16.48,9.40,36.37,32.18,14.16969872,18.4224472
3/13/08,82.43,53.49,16.99,9.40,37.45,32.38,14.1490078,18.33697701
3/14/08,81.15,51.68,16.40,9.40,37.66,32.66,13.99998283,17.89318275
3/17/08,77.88,53.58,15.52,9.50,34.05,30.90,13.31281471,16.79847527
3/18/08,83.08,48.16,16.92,9.99,36.11,31.78,13.99998283,17.58909416
3/19/08,73.59,48.09,15.03,9.50,33.19,29.59,12.85332584,16.34811592
3/20/08,69.63,50.27,14.84,8.68,32.52,29.05,12.76225471,16.3875618
3/24/08,70.62,52.27,15.03,8.68,33.19,29.48,13.14309406,16.7426033
3/25/08,74.47,53.37,16.02,8.68,33.22,29.80,13.66467571,17.09763336
3/26/08,77.91,53.17,16.06,8.68,34.05,30.14,14.35598087,17.47404099
3/27/08,79.21,53.52,15.45,8.68,33.98,30.09,14.19454384,17.50034142
3/28/08,79.76,51.74,15.34,8.68,34.20,30.32,14.13658333,17.1190033
3/31/08,77.64,53.01,14.64,9.01,34.56,30.45,14.33942413,17.06640244
4/1/08,76.77,53.70,15.06,9.11,35.23,30.94,14.66230774,17.42965698
4/2/08,75.80,55.89,14.96,9.83,36.03,31.37,14.73682022,18.04439926
4/3/08,79.10,56.96,16.19,9.83,36.65,32.63,14.8817091,18.60982704
4/4/08,87.08,57.76,17.76,9.66,38.14,33.86,15.17975712,19.29852867
4/7/08,89.17,58.72,17.94,10.81,38.29,34.72,15.22115135,19.05855751
4/8/08,90.75,58.63,18.52,10.81,39.55,36.54,15.37017536,19.32976532
4/9/08,90.81,59.37,18.90,10.81,39.52,36.22,15.1714716,19.32483101
4/10/08,92.82,59.49,19.37,10.97,39.10,36.06,15.0514307,19.23278236
4/11/08,92.03,60.63,19.56,10.97,38.81,35.63,14.93427467,18.85308266
4/14/08,95.65,61.47,20.41,11.47,38.62,35.52,14.76333427,18.80706787
4/15/08,96.56,66.09,20.19,12.18,40.37,36.91,15.04267216,18.9993782
4/16/08,103.54,64.85,21.40,12.84,41.98,38.05,15.7931385,19.90340614
4/17/08,101.31,68.22,21.27,12.18,41.15,37.27,15.8348341,19.49576759
4/18/08,102.35,69.60,21.75,12.51,41.15,37.44,15.81399155,19.6091938
4/21/08,105.44,71.61,22.06,12.08,42.43,38.64,16.36432838,20.04969788
4/22/08,106.10,68.04,21.55,12.35,42.20,38.38,16.4977417,20.38336563
4/23/08,100.85,64.63,20.93,12.35,43.07,39.46,16.35598946,20.1417408
4/24/08,92.61,69.03,19.45,13.01,41.12,38.16,15.56382847,19.35605812
4/25/08,99.36,64.50,20.37,13.01,42.03,39.08,15.8098135,19.92971611
4/28/08,93.60,60.50,19.75,12.84,41.28,38.17,15.85150909,19.15718079
4/29/08,89.34,61.32,18.54,12.51,39.40,36.72,15.35954189,18.33204269
4/30/08,92.71,61.05,18.89,11.69,39.44,37.30,16.29345322,18.86295319
5/1/08,92.74,62.20,18.66,11.85,38.94,37.00,15.95573902,18.07562828
5/2/08,94.31,64.63,19.04,11.85,40.65,38.85,16.63949776,18.90240097
5/5/08,94.44,66.23,19.04,11.77,42.26,39.28,16.80627251,19.51220322
5/6/08,96.47,66.26,19.62,12.18,43.00,40.16,17.05225563,19.45303917
5/7/08,94.33,66.34,19.18,12.68,41.18,38.25,16.28511429,19.01581192
5/8/08,96.17,65.95,19.43,12.68,43.07,40.10,16.68118858,19.09635925
5/9/08,95.67,66.90,19.34,12.68,42.39,40.66,16.50190926,18.35340881
5/12/08,96.10,65.86,19.71,13.01,42.25,40.82,16.91884232,18.38846397
5/13/08,94.78,66.27,19.38,13.01,43.40,40.61,17.05642128,18.41350365
5/14/08,94.72,68.05,19.27,13.01,44.09,41.72,16.88548279,18.01291656
5/15/08,97.57,69.00,19.62,13.01,45.86,43.21,17.59425354,18.8574791
5/16/08,98.12,66.12,19.77,13.66,46.57,43.94,18.30720329,19.41997337
5/19/08,93.75,67.89,18.76,13.17,45.87,43.24,18.11958885,18.78738403
5/20/08,96.04,65.20,19.16,12.61,43.97,41.48,18.08205986,18.51364517
5/21/08,91.32,66.58,18.30,13.17,42.74,41.11,17.4191494,17.96952248
5/22/08,92.71,65.44,18.65,12.68,44.10,42.69,17.27739525,18.22990417
5/23/08,90.70,63.47,18.00,13.34,42.38,41.39,17.09812355,18.05964661
5/27/08,87.34,65.93,17.55,14.82,41.39,40.71,16.52692795,17.63068581
5/28/08,93.63,65.74,19.31,14.65,41.82,40.98,16.95218849,18.13308716
5/29/08,92.16,66.36,18.84,14.82,40.55,39.66,16.49357033,17.81095314
5/30/08,94.84,67.73,19.36,15.64,40.53,39.01,16.58530045,18.39847565
6/2/08,95.21,70.50,19.73,15.15,40.76,39.57,16.6478405,18.31835747
6/3/08,98.91,69.46,20.39,15.15,40.03,38.54,16.05997658,17.83765602
6/4/08,97.42,72.95,20.12,14.98,38.75,38.32,15.52213764,17.58562279
6/5/08,101.72,72.28,21.52,14.82,39.88,38.94,16.13918495,18.28497696
6/6/08,100.92,74.04,20.74,14.82,39.26,38.77,15.60969448,18.25494003
6/9/08,106.71,73.52,21.37,14.82,39.05,38.31,15.3511982,18.69056892
6/10/08,108.90,74.37,21.32,14.32,37.24,37.29,14.69662285,17.9995594
6/11/08,113.23,74.19,21.37,14.62,37.09,37.16,14.35891819,17.46211433
6/12/08,111.61,75.38,21.11,14.58,37.30,36.64,14.39227581,16.90797043
6/13/08,116.02,76.71,21.93,14.64,38.78,38.05,14.41311932,17.35529518
6/16/08,116.12,79.83,22.72,14.24,38.88,38.42,14.52568531,17.49884033
6/17/08,121.90,79.25,23.99,15.57,39.53,39.69,15.08436775,17.37698746
6/18/08,121.84,77.67,23.93,15.40,40.10,39.54,15.02182961,17.23511887
6/19/08,114.46,76.70,22.93,16.89,40.24,40.13,15.04267216,17.57060623
6/20/08,115.57,78.75,23.58,16.07,40.20,38.67,14.51318169,18.17315102
6/23/08,114.02,75.78,23.81,15.73,40.08,39.65,14.61741161,18.78570747
6/24/08,108.20,73.86,22.66,16.07,39.50,39.33,14.87173367,18.2883091
6/25/08,110.15,73.07,22.42,15.73,38.67,38.42,15.29283047,18.50531006
6/26/08,108.01,76.14,21.75,15.24,38.07,37.51,14.81336594,18.12140656
6/27/08,112.14,76.19,22.18,15.57,38.41,38.34,14.79251575,18.1664753
6/30/08,109.50,74.23,21.61,15.57,41.54,39.40,14.93427467,17.79760361
7/1/08,106.94,70.85,21.88,15.57,39.30,38.32,14.38393116,17.87438011
7/2/08,98.70,70.30,20.31,15.57,36.09,35.96,13.47919846,16.94802666
7/3/08,100.11,69.99,20.14,14.14,36.36,35.75,13.37497425,16.84954834
7/7/08,97.95,71.68,20.81,13.58,36.04,35.33,13.45418739,16.72604561
7/8/08,99.23,72.14,20.43,13.25,35.30,34.82,13.30826187,16.32044792
7/9/08,103.71,73.56,21.53,14.22,34.95,34.56,12.79543972,16.53910637
7/10/08,106.01,73.79,22.18,14.22,36.10,35.44,13.14149094,16.75442123
7/11/08,107.32,76.17,22.49,14.24,36.19,35.51,13.13731956,16.59417725
7/14/08,110.25,74.88,23.35,14.24,36.31,35.68,13.2373867,16.48401642
7/15/08,103.81,74.31,22.49,13.25,34.89,34.53,13.05393982,15.95323849
7/16/08,105.02,71.07,22.46,12.42,34.18,34.21,12.77876759,15.76798534
7/17/08,98.20,69.70,21.61,13.25,33.90,33.09,12.0741663,15.53263664
7/18/08,96.21,74.25,21.17,13.58,33.69,33.23,12.14504242,15.05694199
7/21/08,105.23,72.02,22.16,12.31,35.33,34.60,12.46607494,15.5626812
7/22/08,102.45,66.90,22.07,12.52,34.45,34.09,12.18673038,15.03190613
7/23/08,92.13,64.67,19.74,12.52,33.57,33.74,12.0283041,14.58125019
7/24/08,89.49,67.42,19.73,11.43,32.44,32.12,11.52799034,13.7700634
7/25/08,92.36,66.22,20.32,11.43,33.11,32.79,11.58219433,14.15062332
7/28/08,92.82,67.66,20.60,11.96,33.79,33.33,11.62805271,13.66491604
7/29/08,92.60,71.13,21.59,11.79,34.39,34.13,11.82818127,13.80511856
7/30/08,100.26,68.09,23.56,11.93,35.82,35.08,12.80378819,14.35090923
7/31/08,96.27,67.02,23.12,11.73,35.05,34.53,12.5202713,13.91027355
8/1/08,92.85,60.05,22.99,11.73,33.11,32.49,11.79065418,13.00395298
8/4/08,82.71,57.77,21.07,10.77,31.22,31.27,10.99015522,11.99247742
8/5/08,83.64,60.19,19.74,10.10,30.47,30.62,10.90677166,12.53826904
8/6/08,85.51,59.46,19.91,10.77,31.91,31.96,11.12357616,12.58334255
8/7/08,83.84,57.17,19.85,10.77,30.90,31.00,11.01100445,12.13267708
8/8/08,79.06,53.64,19.04,10.00,29.97,30.42,10.73583317,11.83724594
8/11/08,72.95,56.13,17.72,9.44,29.19,29.58,10.32307911,11.37658215
8/12/08,73.47,59.83,17.89,8.94,29.46,29.78,10.26470757,11.35654831
8/13/08,81.07,59.73,19.65,9.89,30.44,30.80,10.80254269,12.26286793
8/14/08,79.00,56.60,19.39,10.66,29.62,30.71,10.80671024,12.01751518
8/15/08,73.83,56.68,18.25,10.60,29.10,30.16,10.56489372,11.91235924
8/18/08,76.90,58.10,18.37,10.60,29.21,30.28,10.34392262,11.98594761
8/19/08,78.36,58.84,19.10,10.96,30.05,30.73,10.59407806,12.06291294
8/20/08,80.94,61.40,19.80,11.59,31.77,32.13,11.21529388,12.59653473
8/21/08,81.86,60.10,20.60,11.76,32.61,32.79,11.44877338,13.49445724
8/22/08,81.27,59.18,20.45,11.53,32.00,32.16,11.10273075,13.01727962
8/25/08,81.05,59.65,20.78,11.59,31.86,31.62,10.83589554,12.81716347
8/26/08,80.66,60.62,21.12,11.43,32.07,32.23,10.80671024,13.08397293
8/27/08,82.61,58.90,21.25,11.59,32.58,32.81,11.14858818,13.42774963
8/28/08,80.44,57.87,21.31,11.59,32.57,33.30,11.21529388,13.45853901
8/29/08,80.81,54.09,21.57,11.59,31.87,32.61,11.06937122,13.09936523
9/2/08,73.60,51.82,19.53,10.43,28.53,29.95,10.51903057,12.66836643
9/3/08,70.48,50.13,19.01,9.44,27.69,28.96,10.4189682,12.38103485
9/4/08,66.46,54.02,17.47,10.10,26.61,27.97,9.826933861,11.68322086
9/5/08,71.56,51.11,18.57,10.07,26.60,27.95,9.806088448,11.44719315
9/8/08,66.16,46.75,16.91,10.07,26.55,27.91,9.476717949,10.89818096
9/9/08,58.30,47.74,14.87,9.41,24.40,25.49,8.738759041,10.17984581
9/10/08,62.72,50.31,15.51,8.94,25.21,26.80,9.205716133,10.31838417
9/11/08,64.81,54.04,16.45,8.59,25.18,26.41,9.54342556,10.60058689
9/12/08,69.62,51.37,17.37,8.75,27.53,28.79,10.11461163,11.61138535
9/15/08,63.75,54.38,15.60,9.11,24.59,26.21,8.976407051,10.80069637
9/16/08,66.05,53.44,16.91,8.75,24.52,27.01,9.234900475,11.14960289
9/17/08,63.33,54.50,15.53,8.61,22.71,25.56,8.209263802,10.46205139
9/18/08,64.15,58.41,15.62,8.25,23.22,26.80,8.571989059,11.30865574
9/19/08,72.17,59.86,16.90,8.94,26.64,29.37,9.906150818,13.35591888
9/22/08,72.14,53.69,17.24,9.61,28.09,30.51,9.810258865,12.51956463
9/23/08,65.13,54.23,16.08,10.27,24.46,28.91,8.842990875,11.58060074
9/24/08,63.84,52.68,16.27,10.27,24.62,28.62,8.817975998,11.52929115
9/25/08,64.04,49.18,15.60,10.27,24.79,29.15,9.280762672,11.68322086
9/26/08,57.58,43.90,12.99,9.94,22.93,27.55,8.709574699,11.1701231
9/29/08,48.27,44.00,11.88,9.28,19.16,23.64,6.962656498,9.605178833
9/30/08,51.50,42.68,12.94,9.28,21.11,24.34,7.98412466,9.789890289
10/1/08,51.11,31.17,12.55,9.28,21.51,24.04,7.758986473,9.425591469
10/2/08,30.02,31.79,8.21,7.78,18.51,21.42,6.599932194,8.019705772
10/3/08,30.95,28.97,7.99,7.78,19.03,22.05,6.574915409,8.004314423
10/6/08,28.13,28.95,7.65,6.46,17.09,20.12,6.028743267,7.609230042
10/7/08,25.67,32.87,7.27,6.96,16.28,19.47,5.203231335,6.516334534
10/8/08,27.07,30.95,8.11,6.13,15.93,19.34,5.307461739,6.572772026
10/9/08,27.65,30.36,7.90,6.13,14.79,18.11,5.082322598,6.003236294
10/10/08,27.56,35.27,8.16,6.79,14.45,17.44,5.028121948,5.828783989
10/13/08,33.47,32.67,9.15,6.29,17.22,20.59,6.458175182,7.527134895
10/14/08,29.72,25.62,9.08,6.36,16.41,19.87,6.095452309,7.393728256
10/15/08,25.65,24.91,7.92,6.36,13.05,16.46,4.644552231,5.900617123
10/16/08,25.11,24.81,8.22,6.29,13.37,16.86,4.853013515,6.193081856
10/17/08,25.48,27.18,7.83,6.29,13.13,16.42,5.119844913,6.034021378
10/20/08,29.47,24.45,8.63,6.63,15.16,18.46,5.757742882,6.572772026
10/21/08,27.81,22.37,7.92,5.86,14.19,17.46,5.592773914,6.157165527
10/22/08,24.39,22.83,7.06,5.47,12.10,15.10,4.782843113,5.567102909
10/23/08,21.83,22.84,6.31,5.63,12.14,14.67,4.880886555,5.320817947
10/24/08,21.03,21.29,6.28,5.63,12.45,14.54,4.475923061,5.29003191
10/27/08,20.06,23.23,6.40,5.30,11.73,13.82,4.309673309,5.048875332
10/28/08,22.70,26.47,7.67,5.96,13.34,15.85,5.030085087,6.028888226
10/29/08,25.48,28.24,7.61,5.96,14.87,17.05,5.294377327,6.849845409
10/30/08,28.63,28.42,8.51,5.96,15.54,17.91,5.652450085,7.398864269
10/31/08,29.84,28.32,9.08,6.79,15.72,18.20,5.592773914,7.470693588
11/3/08,28.24,31.36,8.87,6.29,15.21,18.39,5.703605175,7.660540104
11/4/08,31.64,28.96,9.18,6.63,16.93,20.02,6.436805248,8.604639053
11/5/08,29.08,26.33,8.42,6.63,15.27,18.89,5.447837353,7.809336185
11/6/08,25.68,26.86,7.82,6.29,13.32,16.66,5.106814384,7.060217381
11/7/08,27.66,27.21,8.61,6.29,14.16,17.82,5.435050488,7.393728256
11/10/08,27.72,26.61,8.82,5.80,14.57,18.58,5.550142765,7.593836308
11/11/08,25.94,23.22,8.34,5.47,13.89,17.34,5.277327538,7.224406719
11/12/08,22.73,24.73,7.40,5.47,12.41,15.41,4.765792847,6.567642212
11/13/08,25.71,23.27,8.57,5.30,14.10,16.80,5.400948048,7.758030891
11/14/08,24.62,23.05,7.79,4.80,12.67,15.28,4.889413357,6.897191525
11/17/08,23.93,23.31,7.15,4.85,12.41,14.82,4.825471878,6.351296425
11/18/08,23.78,21.34,7.14,4.47,12.32,14.78,4.727427006,6.083594799
11/19/08,21.80,18.49,6.31,4.47,10.99,13.26,4.271309376,5.353985786
11/20/08,16.91,20.14,5.58,3.21,9.65,11.52,3.751250744,4.823834896
11/21/08,18.91,19.88,6.61,3.28,11.09,13.64,4.2755723,5.684669971
11/24/08,20.59,19.74,6.54,3.64,12.35,15.64,4.787106037,6.797461033
11/25/08,21.11,20.75,6.90,3.81,8.97,17.91,4.876624584,7.101902962
11/26/08,22.37,20.55,7.53,3.91,8.33,18.25,5.349792957,7.532321453
11/28/08,23.01,18.82,7.46,3.98,8.46,18.73,5.089763641,7.222629547
12/1/08,19.26,18.40,6.27,3.64,6.86,16.74,4.458872318,6.309304237
12/2/08,20.59,17.60,6.51,4.14,6.60,17.06,4.497235775,6.63999033
12/3/08,20.39,16.53,6.57,3.98,5.69,17.31,4.322463512,6.571753502
12/4/08,19.93,17.80,6.32,4.14,5.14,16.29,4.113586426,6.372291088
12/5/08,20.90,20.44,6.67,4.01,5.49,16.49,4.186052799,6.440527439
12/8/08,22.78,20.62,7.19,4.47,6.13,17.95,4.548390865,7.537568092
12/9/08,24.19,23.16,7.18,4.47,6.18,17.89,4.616594791,7.569061279
12/10/08,26.00,21.76,7.41,4.27,7.99,19.55,5.136655331,7.967986584
12/11/08,23.36,22.18,6.90,4.27,7.66,18.71,5.094025612,7.58480978
12/12/08,23.88,23.08,6.97,4.64,7.83,18.79,5.08550024,7.721287251
12/15/08,23.85,25.64,6.78,4.51,7.53,19.48,5.111077785,7.668793678
12/16/08,27.26,26.70,7.62,4.51,8.35,20.75,5.784597874,8.429899216
12/17/08,28.18,24.74,7.87,4.97,8.20,20.91,5.511778831,8.78158474
12/18/08,26.34,24.09,7.17,5.47,7.56,19.22,5.106814384,7.658296108
12/19/08,25.48,21.93,6.79,4.97,7.22,19.37,5.115340233,7.86301136
12/22/08,23.57,22.83,6.45,4.80,6.74,18.53,4.83399725,7.500826359
12/23/08,23.77,22.46,6.59,4.64,6.95,18.35,4.748741627,7.637300968
12/24/08,23.68,22.96,6.54,4.64,6.90,18.59,4.808419704,7.658296108
12/26/08,24.71,24.41,6.63,4.47,6.99,18.91,4.902201176,7.884004593
12/29/08,25.68,24.60,6.62,4.24,7.21,18.86,4.791369438,7.988983631
12/30/08,25.93,24.41,6.75,4.44,7.37,19.63,5.042873383,8.25668335
12/31/08,26.23,25.78,6.97,4.47,7.52,20.08,5.162231445,8.429899216
1/2/09,27.94,27.54,7.60,4.47,8.41,21.30,5.622612476,9.589932442
1/5/09,28.56,27.96,8.02,4.64,8.59,21.33,6.010525227,9.511196136
1/6/09,29.23,27.70,7.84,5.40,9.91,22.47,6.441065788,9.988859177
1/7/09,29.14,28.00,7.55,5.40,9.17,20.78,5.831486702,9.3117342
1/8/09,30.15,28.01,7.75,5.40,9.18,20.98,5.989210606,9.206755638
1/9/09,29.41,24.70,7.64,5.47,8.47,20.54,5.912481785,9.054533958
1/12/09,26.20,25.48,6.65,5.47,7.82,19.12,5.435050488,8.246186256
1/13/09,26.59,23.51,6.76,5.47,7.78,19.29,5.567195892,7.999482632
1/14/09,25.18,23.29,6.27,4.74,7.02,18.05,5.140915871,7.600561142
1/15/09,26.13,24.11,6.70,4.24,7.31,18.62,5.371107101,7.831513882
1/16/09,26.88,22.49,6.88,4.97,7.51,18.93,5.524567604,8.198944092
1/20/09,24.37,23.06,6.48,4.90,6.70,17.00,5.072712898,7.626803398
1/21/09,25.50,24.40,6.47,4.64,7.40,18.16,5.490465164,8.151700974
1/22/09,25.74,24.87,6.32,4.64,7.25,17.49,5.43078661,7.668793678
1/23/09,26.83,25.60,6.63,4.64,7.28,17.73,5.554408073,7.705539227
1/26/09,27.69,25.47,6.69,4.80,7.49,17.80,5.609823704,7.957490444
1/27/09,27.70,26.23,6.57,4.80,7.83,18.69,5.92100668,8.004733086
1/28/09,28.63,25.88,6.97,4.94,7.67,19.49,6.377122879,8.335417747
1/29/09,27.39,24.95,6.84,4.84,7.61,18.51,6.134146214,7.857760429
1/30/09,27.04,24.56,6.66,4.57,7.34,17.57,6.01478672,7.317111015
2/2/09,26.95,25.19,6.75,4.80,7.62,17.65,6.002000332,7.191137314
2/3/09,27.59,26.48,6.92,4.80,8.24,18.26,6.287606716,7.490326881
2/4/09,29.61,28.64,7.21,4.80,8.92,18.88,6.615839005,7.836762905
2/5/09,31.39,30.40,7.43,5.37,9.22,19.85,6.961125851,7.941740513
2/6/09,34.20,29.70,7.75,5.47,10.27,21.27,7.545128345,8.655609131
2/9/09,34.65,29.29,7.58,5.47,9.51,21.56,7.233942986,8.540133476
2/10/09,33.53,28.33,7.60,5.47,9.08,19.59,6.730937004,7.857760429
2/11/09,32.03,28.70,7.40,5.63,9.54,19.87,6.701095581,7.873506546
2/12/09,32.68,28.69,7.82,5.63,9.47,19.71,6.713883877,8.11496067
2/13/09,32.55,26.04,7.77,5.63,9.62,20.07,6.863081932,8.009981155
2/17/09,30.02,27.24,7.22,4.97,8.92,18.19,6.240714073,7.343356133
2/18/09,31.04,27.48,7.48,4.97,9.33,18.08,6.274817944,7.41159296
2/19/09,31.68,27.99,7.75,4.97,9.61,18.26,6.274817944,7.33810854
2/20/09,32.28,25.41,7.91,4.90,9.20,18.36,5.797386646,7.17014122
2/23/09,27.25,27.43,7.10,4.97,8.72,17.25,5.115340233,6.744969845
2/24/09,29.50,26.89,7.89,4.90,9.24,18.58,5.511778831,7.107156277
2/25/09,29.70,27.95,8.77,4.90,8.87,17.90,5.477676868,7.086155891
2/26/09,30.11,27.99,8.91,4.90,9.11,17.75,5.516041279,7.264622688
2/27/09,32.68,24.88,9.14,4.90,8.86,17.41,5.494729042,7.19638443
3/2/09,28.64,25.57,8.34,4.80,7.98,16.04,5.089763641,6.687231541
3/3/09,30.48,24.88,8.70,4.80,8.05,16.75,5.230435848,7.217381477
3/4/09,31.79,23.16,8.91,4.97,8.94,18.21,5.874115944,7.910249233
3/5/09,30.44,22.10,8.65,4.97,8.42,16.98,5.597035885,7.563816547
3/6/09,29.73,23.10,8.61,4.80,8.90,17.75,5.464887619,7.700289249
3/9/09,30.63,25.00,8.74,4.80,8.35,17.37,5.337005615,7.360420227
3/10/09,33.47,26.05,9.13,5.23,9.46,19.09,5.818699837,8.170013428
3/11/09,34.57,25.89,9.68,4.97,9.89,19.45,5.852800846,8.074768066
3/12/09,32.80,25.59,9.57,4.80,10.23,19.50,5.908218861,8.392253876
3/13/09,31.95,25.30,9.75,4.84,10.25,19.95,5.750494957,8.503375053
3/16/09,31.39,25.97,9.76,5.13,10.11,19.73,5.73344326,8.42929554
3/17/09,32.08,25.77,9.80,5.13,9.78,20.04,5.878377914,8.513957024
3/18/09,32.30,26.41,9.83,5.13,9.55,20.47,5.903954983,8.831445694
3/19/09,33.02,25.56,9.86,5.47,9.93,21.54,6.027576923,9.302386284
3/20/09,31.60,27.55,9.61,5.47,9.91,21.27,5.938058376,8.921401024
3/23/09,33.99,27.73,10.11,5.47,11.53,22.98,6.377122879,9.508752823
3/24/09,34.17,27.84,10.27,5.47,11.29,21.75,6.108568668,9.413506508
3/25/09,34.52,29.77,10.40,5.70,11.16,22.04,6.129881859,9.572253227
3/26/09,36.59,29.57,10.51,5.83,12.09,23.16,6.334496498,10.01144218
3/27/09,35.72,27.26,10.41,5.80,12.26,21.96,6.002000332,9.847402573
3/30/09,32.45,26.94,10.00,5.80,11.55,20.58,5.562932014,9.011353493
3/31/09,31.87,27.64,10.10,5.57,11.64,21.32,5.669500828,9.217721939
4/1/09,33.35,28.25,10.30,5.57,11.99,21.73,5.891165733,9.535205841
4/2/09,33.31,28.57,10.32,5.57,12.75,23.54,6.398439884,9.863283157
4/3/09,34.65,27.83,10.59,5.57,12.98,23.58,6.539110661,10.02731419
4/6/09,34.08,26.56,10.33,5.96,11.53,22.72,6.36007452,9.799781799
4/7/09,32.60,27.50,9.99,5.80,11.00,21.87,6.159722805,9.519334793
4/8/09,34.63,28.50,10.13,5.43,11.50,21.81,6.29186964,9.630457878
4/9/09,33.84,29.34,10.37,5.43,12.11,22.36,6.807665825,10.48767471
4/13/09,33.59,29.67,10.36,5.63,12.59,23.20,6.978176117,11.17555904
4/14/09,33.79,29.41,10.47,5.96,12.66,22.77,6.880133152,11.207304
4/15/09,33.87,29.11,10.58,5.63,12.45,23.22,6.935549736,11.15439701
4/16/09,33.17,28.92,10.41,5.63,12.98,23.14,7.074002743,11.33959961
4/17/09,32.02,27.80,9.94,5.86,12.54,22.89,6.961508274,11.13323307
4/20/09,29.86,27.51,9.57,5.47,11.29,21.21,6.455294609,10.10668564
4/21/09,29.52,27.00,9.53,5.47,11.82,21.86,6.619707584,10.27601051
4/22/09,29.30,26.54,9.40,5.57,12.43,21.59,6.693259716,9.693955421
4/23/09,29.01,28.00,9.50,5.57,13.37,22.25,6.870649815,9.529917717
4/24/09,31.10,27.23,10.10,5.57,13.63,22.66,7.108613014,9.842114449
4/27/09,29.59,27.37,9.92,5.57,13.53,21.95,6.801424503,9.445252419
4/28/09,29.53,28.53,9.90,5.57,12.77,21.70,6.736524105,9.016647339
4/29/09,30.39,28.83,10.28,5.23,13.72,22.83,6.948528767,9.641038895
4/30/09,30.71,30.17,10.23,5.43,14.15,23.01,7.1432271,9.82624054
5/1/09,32.15,32.09,10.63,5.43,14.94,23.63,7.53694725,9.995564461
5/4/09,33.61,31.79,10.70,6.16,15.75,24.71,8.082098007,10.82632446
5/5/09,35.17,32.01,10.68,6.16,15.44,24.40,8.090753555,10.90040684
5/6/09,34.81,31.06,10.50,6.53,15.95,25.17,8.237856865,11.01152515
5/7/09,34.60,32.05,10.26,6.29,15.73,24.84,7.92634058,10.4453392
5/8/09,34.54,31.65,10.48,6.29,16.15,26.03,8.138344765,10.81045532
5/11/09,33.88,33.62,10.78,6.29,15.75,25.36,8.194589615,10.3730793
5/12/09,36.23,34.21,10.99,6.29,14.43,24.99,7.969610214,10.35717201
5/13/09,35.22,35.98,10.97,6.36,13.11,23.67,7.510989666,9.741995811
5/14/09,38.25,35.71,11.05,6.36,13.85,23.99,7.623481274,9.885187149
5/15/09,38.99,37.15,11.34,6.36,13.81,23.63,7.515314102,9.646539688
5/18/09,41.80,38.16,11.71,6.36,14.60,24.74,8.142671585,10.20337868
5/19/09,43.22,38.08,11.60,6.92,14.62,25.35,8.389289856,10.45262718
5/20/09,43.19,36.52,11.58,7.12,15.21,25.50,8.415249825,10.73369694
5/21/09,40.55,38.17,11.37,7.12,14.78,24.95,8.077770233,10.28292561
5/22/09,42.08,39.15,11.49,7.12,15.10,25.13,8.09940815,10.32005119
5/26/09,42.84,37.62,11.81,7.29,15.35,26.19,8.333045959,10.61703014
5/27/09,41.47,38.26,11.27,7.29,14.80,25.31,8.116713524,10.38368607
5/28/09,41.94,38.61,11.15,7.29,15.34,26.14,8.389289856,10.73900318
5/29/09,41.57,39.02,11.04,7.29,15.76,26.88,8.285450935,11.099617
6/1/09,42.92,38.80,11.42,7.75,17.08,28.33,8.843583107,11.96404171
6/2/09,42.54,36.89,11.37,7.62,17.50,28.72,8.683496475,12.39360428
6/3/09,39.86,38.26,11.07,7.62,16.47,27.48,8.112384796,11.79964066
6/4/09,40.80,37.88,11.30,7.69,15.86,27.26,8.380636215,12.27162838
6/5/09,40.38,37.31,11.14,7.95,16.83,28.82,8.436880112,12.20799351
6/8/09,39.34,38.51,11.16,7.45,16.50,28.07,8.467166901,12.08601189
6/9/09,40.84,39.11,11.40,7.78,16.96,28.61,8.562353134,12.67467022
6/10/09,42.02,39.29,11.43,7.78,17.93,28.96,8.605619431,12.78073788
6/11/09,42.81,38.67,11.78,7.78,18.45,29.57,9.012322426,13.21029758
6/12/09,42.17,37.11,11.73,7.45,17.75,28.78,8.679172516,12.86028576
6/15/09,40.37,35.73,11.38,7.45,16.61,27.47,8.324390411,12.13904572
6/16/09,38.92,31.86,11.19,7.25,15.77,26.69,8.134019852,11.80494785
6/17/09,35.15,31.67,10.59,6.96,14.80,26.41,8.047488213,11.34887314
6/18/09,34.79,30.91,10.57,6.76,13.94,26.50,8.004220963,11.37007999
6/19/09,35.30,29.09,10.67,6.76,14.57,26.81,8.021529198,11.31704903
6/22/09,32.13,30.69,9.86,6.91,13.27,25.40,7.34657526,10.21398354
6/23/09,33.33,31.14,10.37,6.91,13.81,25.80,7.597518921,10.51096153
6/24/09,33.51,31.17,10.52,6.79,14.15,25.89,7.532620907,10.68066692
6/25/09,33.28,31.03,10.81,6.39,14.40,26.69,7.822504044,11.14204216
6/26/09,32.95,31.86,10.84,6.69,14.27,26.11,7.727318287,10.97764587
6/29/09,34.92,31.02,10.76,6.79,14.67,26.48,7.71001339,11.00946808
6/30/09,33.67,30.30,10.55,6.76,14.23,26.16,7.627807617,10.83976078
7/1/09,33.29,32.00,10.53,6.63,14.24,26.53,7.748949528,10.80794334
7/2/09,34.29,31.82,10.57,6.63,13.76,25.61,7.549927711,10.3889904
7/6/09,33.17,30.67,10.44,6.76,12.87,24.24,7.407150745,10.09731102
7/7/09,31.35,30.20,10.20,6.76,12.79,23.68,6.870649815,10.14504051
7/8/09,30.91,31.17,10.06,6.49,12.92,23.98,6.974488258,10.16094875
7/9/09,32.50,28.36,10.23,6.49,13.17,24.16,7.039386749,10.32535172
7/10/09,31.26,28.24,9.90,6.49,12.80,24.06,6.974488258,10.21928596
7/13/09,32.27,28.04,10.05,6.10,13.24,24.68,7.117267609,10.50035572
7/14/09,32.85,29.25,9.92,5.90,13.58,25.48,7.082653999,10.81324673
7/15/09,33.86,30.53,10.13,6.29,14.28,26.83,7.818178654,11.57691193
7/16/09,37.99,30.43,10.42,6.29,14.52,27.08,7.805197239,11.81024933
7/17/09,37.67,30.48,10.38,6.29,14.92,27.30,7.77923727,12.13904572
7/20/09,37.33,30.39,10.48,6.36,15.59,28.39,8.220549583,12.64285278
7/21/09,37.34,29.64,10.51,6.39,15.41,28.47,8.246508598,12.71179295
7/22/09,36.80,31.93,10.49,6.39,15.79,28.40,8.090753555,12.74361706
7/23/09,39.10,32.00,10.92,6.63,16.38,29.33,8.359002113,13.68227959
7/24/09,40.62,31.71,11.10,6.63,16.60,29.40,8.393616676,13.58682251
7/27/09,40.07,31.12,11.21,6.63,16.70,29.55,8.506104469,13.56031132
7/28/09,38.65,30.69,11.29,7.29,16.12,29.46,8.480149269,13.41712093
7/29/09,37.42,31.62,11.08,7.35,15.63,28.60,8.216225624,12.78073788
7/30/09,39.30,31.00,11.25,7.42,16.60,29.85,8.415249825,13.27394104
7/31/09,39.64,31.71,11.23,7.42,17.22,30.09,8.536393166,13.66107655
8/3/09,41.90,31.88,11.60,7.42,18.33,31.69,8.986361504,14.43003654
8/4/09,40.84,33.19,11.38,8.02,17.88,31.50,9.059910774,14.44067669
8/5/09,41.12,33.00,11.77,8.02,17.82,31.18,9.029626846,14.62165546
8/6/09,41.38,32.33,11.83,8.22,17.13,30.62,8.830605507,14.24373913
8/7/09,40.91,32.15,11.86,8.22,16.82,30.80,8.995014191,14.44067669
8/10/09,40.24,31.32,11.67,8.15,15.98,29.89,8.865213394,14.33422947
8/11/09,39.50,31.67,11.60,7.49,15.92,29.59,8.657540321,14.26503086
8/12/09,40.35,32.52,11.74,7.49,16.01,30.21,8.770030975,14.54713058
8/13/09,41.57,31.92,11.84,7.49,16.73,31.10,9.007990837,15.22312832
8/14/09,41.13,30.37,11.80,7.49,16.27,30.09,8.960400581,14.64294624
8/17/09,38.89,31.24,11.31,7.49,15.25,28.77,8.501781464,13.79662037
8/18/09,40.08,31.73,11.60,7.49,15.73,29.55,8.562353134,14.29164124
8/19/09,40.58,32.39,11.69,7.42,15.93,29.46,8.588313103,14.50455856
8/20/09,41.44,32.01,11.66,7.42,15.81,29.72,8.640233994,14.67488289
8/21/09,41.43,32.09,11.65,7.42,16.37,30.14,8.878194809,15.34022713
8/24/09,40.82,31.31,11.84,7.83,16.70,30.55,8.921463013,15.50523663
8/25/09,39.60,31.17,11.70,7.95,16.60,30.04,8.744068146,15.34022713
8/26/09,39.31,30.87,11.78,7.95,16.14,29.95,8.679172516,14.9623127
8/27/09,39.09,30.30,11.70,7.95,16.17,30.43,8.666190147,15.28700638
8/28/09,37.89,29.50,11.69,7.95,16.25,30.62,8.679172516,15.68088818
8/31/09,36.87,29.00,11.63,7.95,15.95,29.78,8.311408043,15.0421524
9/1/09,37.59,29.55,11.39,7.82,15.66,29.36,8.268144608,14.52584743
9/2/09,38.53,29.71,11.63,7.82,15.51,29.49,8.328715324,14.64826965
9/3/09,38.70,29.82,11.87,7.85,16.07,30.04,8.445533752,14.95698738
9/4/09,39.07,30.60,12.24,7.85,16.43,30.29,8.726763725,15.03682995
9/8/09,39.81,30.35,12.38,7.72,17.22,31.59,9.055584908,15.2124815
9/9/09,39.25,30.10,12.54,7.45,17.22,31.46,9.012322426,15.28168201
9/10/09,38.58,29.93,12.45,7.69,17.70,32.02,9.241627693,15.45733166
9/11/09,39.76,29.58,12.45,7.69,17.91,32.25,9.168076515,15.32958126
9/14/09,39.21,31.28,12.42,7.34,17.84,32.02,9.258934021,15.03150749
9/15/09,40.83,31.39,12.51,7.19,18.16,32.38,9.440655708,15.35619926
9/16/09,40.35,32.17,12.70,7.29,18.77,33.37,9.713230133,15.95767212
9/17/09,40.87,32.38,12.83,7.49,18.51,32.97,9.52285862,15.81395435
9/18/09,41.27,31.03,12.84,7.49,18.40,32.44,9.544492722,15.86186218
9/21/09,39.11,31.43,12.68,7.32,17.91,31.77,9.635352135,15.99492931
9/22/09,39.49,30.97,12.66,7.32,18.41,32.44,10.0723381,16.7347908
9/23/09,38.34,30.29,12.47,7.32,18.13,31.79,9.955518723,16.66027832
9/24/09,38.34,29.84,12.34,7.29,17.59,31.05,9.717554092,16.08008957
9/25/09,37.44,30.36,12.00,7.29,17.25,31.09,9.752169609,15.93637943
9/28/09,37.69,30.23,12.26,7.29,17.61,31.83,9.955518723,16.34623528
9/29/09,37.10,30.11,12.22,7.29,17.65,31.92,9.903599739,16.28768158
9/30/09,36.57,28.81,12.28,7.29,17.50,31.98,10.00743866,16.33558846
10/1/09,35.32,28.48,11.99,7.65,16.80,30.46,9.648329735,15.72346592
10/2/09,35.13,28.60,11.81,7.65,16.53,30.34,9.916577339,15.49459076
10/5/09,34.96,29.60,11.99,7.65,17.13,31.34,10.16320038,16.06412888
10/6/09,36.43,29.98,12.38,7.78,17.88,32.03,10.32761097,16.56447029
10/7/09,36.70,31.00,12.46,7.75,18.11,32.50,10.56124592,16.95302773
10/8/09,37.78,30.08,12.75,7.75,18.76,33.62,10.80353165,17.70353889
10/9/09,37.46,30.07,12.64,7.75,18.77,33.30,10.91169643,17.69289398
10/12/09,37.47,30.03,12.60,8.02,18.63,33.37,10.93765926,17.87386894
10/13/09,37.31,31.08,12.67,7.88,18.75,33.27,10.81651497,17.78338242
10/14/09,38.37,31.40,12.89,7.82,19.88,34.49,11.54771233,18.42743683
10/15/09,38.55,32.47,12.99,7.82,19.93,34.99,11.64289379,18.52325058
10/16/09,39.26,34.57,12.91,7.82,19.65,34.70,11.60360527,18.20919991
10/19/09,40.80,34.00,13.52,8.02,20.17,35.65,11.91355896,18.75744629
10/20/09,40.48,34.16,13.22,8.08,19.96,35.35,11.54685593,18.64566994
10/21/09,40.55,34.32,13.19,8.25,20.29,35.57,11.75640202,18.76809502
10/22/09,40.49,33.55,13.36,8.25,20.37,35.84,11.87427044,19.05552483
10/23/09,39.40,32.87,12.74,8.25,20.06,35.35,11.76513386,18.8852005
10/26/09,37.95,32.31,12.16,8.35,19.74,34.65,11.66472435,18.50195503
10/27/09,37.34,31.31,12.27,8.22,19.14,34.16,11.28492165,17.73548126
10/28/09,36.12,32.27,11.86,7.82,17.91,32.31,10.57333755,16.75608826
10/29/09,37.25,30.93,12.25,7.82,19.07,33.49,11.64726448,17.64498901
10/30/09,35.55,30.74,11.86,7.69,18.30,31.77,11.12776375,16.76673317
11/2/09,36.09,31.25,11.97,7.69,18.73,32.21,11.39842606,17.12868118
11/3/09,36.66,31.49,12.17,7.69,19.09,32.26,11.62979794,17.5093174
11/4/09,37.14,31.88,12.30,7.62,19.24,32.54,11.72147465,17.68596268
11/5/09,37.69,32.08,11.38,7.45,19.58,32.86,12.02706337,18.17307472
11/6/09,38.34,33.22,11.26,7.45,19.87,32.92,12.0008707,17.95895576
11/9/09,39.26,33.20,11.45,8.55,21.04,34.64,12.45925617,18.54241753
11/10/09,39.86,33.91,11.18,8.55,21.19,34.71,12.35011292,18.59595108
11/11/09,40.48,34.30,11.35,8.28,21.44,35.18,12.2453413,18.74583626
11/12/09,38.86,34.28,11.54,8.45,20.84,34.67,11.83934498,18.17307472
11/13/09,37.62,34.73,11.46,8.55,21.59,35.50,12.12747288,18.52101135
11/16/09,39.00,36.87,11.59,8.55,22.69,36.87,12.52473545,19.16871834
11/17/09,41.25,37.93,11.96,8.55,22.79,36.88,12.71245193,19.29718018
11/18/09,42.56,37.72,12.30,8.55,22.61,36.72,12.55529594,18.88501358
11/19/09,42.26,38.23,11.82,8.78,21.98,35.93,12.41559315,18.71371841
11/20/09,43.24,37.93,11.80,8.78,21.78,35.54,12.30646133,18.66553497
11/23/09,42.98,37.37,11.84,8.88,21.98,36.36,12.50290775,18.76188278
11/24/09,42.29,38.06,11.80,8.61,21.57,35.99,12.58585358,18.63877106
11/25/09,43.76,37.21,12.11,8.94,21.61,37.55,12.89144325,19.19547462
11/27/09,42.49,37.47,11.97,8.94,21.01,36.18,12.59458733,18.5317173
11/30/09,42.56,38.86,12.17,8.94,20.97,36.48,12.51600266,18.64948463
12/1/09,44.69,40.79,12.25,8.94,21.76,37.42,12.82595825,18.88501358
12/2/09,48.22,40.07,12.87,9.14,22.60,37.74,12.83469009,19.4845314
12/3/09,47.36,39.02,12.80,9.47,21.60,37.36,12.61204052,18.82077599
12/4/09,45.57,40.39,12.63,9.54,21.37,36.46,12.31955624,17.99106979
12/7/09,46.86,39.96,12.77,9.54,21.32,36.27,12.31518745,17.81442261
12/8/09,46.33,40.99,12.23,9.54,20.61,35.22,11.99650192,17.11319351
12/9/09,46.61,40.77,12.35,9.54,21.14,35.64,12.23224068,17.56820107
12/10/09,46.66,39.63,12.59,9.54,20.81,35.41,12.32828617,17.49325371
12/11/09,46.11,38.85,12.83,9.47,20.95,35.73,12.4810791,17.5789032
12/14/09,46.11,38.99,12.80,9.47,21.57,36.41,12.74737549,17.79836845
12/15/09,46.20,39.62,12.59,9.54,20.97,35.93,12.6600647,17.80371857
12/16/09,46.65,37.28,13.20,9.54,21.47,36.13,12.6469698,17.91078186
12/17/09,43.80,35.00,12.59,9.54,20.82,35.03,11.99213886,17.13461876
12/18/09,43.17,36.24,12.33,9.04,20.94,35.51,11.99213886,17.13461876
12/21/09,45.58,36.98,12.20,9.04,20.98,35.14,11.98341084,17.24166679
12/22/09,45.85,37.15,12.33,9.11,21.36,35.49,12.23661041,17.42901802
12/23/09,47.14,37.13,12.65,9.11,21.77,36.45,12.4548893,17.89472008
12/24/09,47.38,37.24,12.72,8.94,22.12,36.78,12.62950802,18.0553093
12/28/09,47.55,36.50,13.25,8.94,21.94,36.72,12.67753029,17.79836845
12/29/09,46.65,36.36,13.30,8.45,22.20,36.99,12.55093002,17.62707138
12/30/09,46.72,36.17,13.15,8.75,22.45,37.28,12.54656506,17.65919876