Date,KO,DIS,GE,IBM,JNJ,MRK,PG,XRX,MCD,AXP,LLY,PEP,PFE,TXN,WMT
1/2/62,4.67,5.79,62.27,151.33,6.30,6.72,25.46,69.36,,,,,,,
1/3/62,4.57,5.87,61.64,152.65,6.20,6.43,25.18,70.66,,,,,,,
1/4/62,4.60,5.87,60.91,151.13,6.14,6.37,24.76,70.22,,,,,,,
1/5/62,4.50,5.89,59.35,148.16,6.04,6.15,24.59,68.49,,,,,,,
1/8/62,4.45,5.87,59.25,145.38,5.94,6.17,23.93,65.02,,,,,,,
1/9/62,4.53,5.99,59.56,147.10,6.01,6.20,23.90,65.45,,,,,,,
1/10/62,4.56,6.05,59.87,147.36,6.14,6.30,23.96,64.70,,,,,,,
1/11/62,4.60,6.22,59.98,148.95,6.11,6.32,23.93,66.86,,,,,,,
1/12/62,4.57,6.03,59.14,149.22,6.04,6.30,24.07,66.43,,,,,,,
1/15/62,4.52,6.03,59.77,149.88,6.04,6.25,23.93,64.80,,,,,,,
1/16/62,4.44,5.87,60.29,148.29,6.01,6.17,24.03,63.07,,,,,,,
1/17/62,4.30,5.68,58.94,145.91,6.04,6.02,23.20,63.61,,,,,,,
1/18/62,4.22,5.79,59.56,146.31,5.99,6.13,23.30,61.12,,,,,,,
1/19/62,4.35,5.91,60.08,146.44,6.06,6.25,23.30,59.28,,,,,,,
1/22/62,4.38,6.01,60.29,146.17,5.99,6.19,23.34,57.54,,,,,,,
1/23/62,4.29,5.99,59.14,144.72,5.94,6.15,23.30,57.44,,,,,,,
1/24/62,4.25,5.91,60.29,145.51,5.93,6.20,23.09,58.95,,,,,,,
1/25/62,4.21,5.83,59.66,143.92,5.91,6.17,23.20,59.82,,,,,,,
1/26/62,4.16,5.79,59.46,143.20,5.89,6.02,22.99,61.44,,,,,,,
1/29/62,4.16,5.79,59.56,140.75,5.98,6.15,22.92,60.79,,,,,,,
1/30/62,4.15,5.83,60.60,138.96,5.94,6.14,22.92,61.12,,,,,,,
1/31/62,4.31,5.83,62.48,143.40,6.07,6.23,23.13,63.72,,,,,,,
2/1/62,4.35,5.91,62.06,146.70,6.12,6.27,23.20,64.32,,,,,,,
2/2/62,4.40,5.91,62.37,147.63,6.42,6.27,23.27,63.94,,,,,,,
2/5/62,4.40,5.91,61.23,145.78,6.69,6.25,23.13,63.18,,,,,,,
2/6/62,4.34,5.87,61.85,145.93,6.99,6.32,23.09,63.83,,,,,,,
2/7/62,4.36,5.95,62.48,146.06,7.05,6.33,23.09,64.15,,,,,,,
2/8/62,4.37,6.11,62.89,146.19,6.97,6.33,22.92,66.21,,,,,,,
2/9/62,4.40,6.14,62.58,147.25,6.96,6.39,22.81,64.15,,,,,,,
2/12/62,4.36,6.14,62.58,147.38,6.89,6.36,22.88,66.65,,,,,,,
2/13/62,4.36,6.14,63.31,145.00,6.84,6.43,22.81,67.19,,,,,,,
2/14/62,4.28,6.07,63.83,144.74,6.64,6.49,22.81,66.97,,,,,,,
2/15/62,4.26,6.11,64.77,144.21,6.64,6.57,22.88,66.97,,,,,,,
2/16/62,4.26,6.22,64.35,144.08,6.61,6.52,22.78,67.30,,,,,,,
2/19/62,4.33,6.12,63.83,142.62,6.56,6.49,22.64,66.00,,,,,,,
2/20/62,4.30,6.18,63.73,142.69,6.45,6.66,22.53,65.78,,,,,,,
2/21/62,4.28,6.11,63.52,141.63,6.28,6.71,22.36,66.86,,,,,,,
2/23/62,4.23,6.07,62.89,142.09,6.22,6.73,22.36,66.86,,,,,,,
2/26/62,4.30,5.91,62.06,141.56,6.35,6.68,22.25,65.40,,,,,,,
2/27/62,4.33,5.87,62.48,141.83,6.43,6.62,22.29,64.37,,,,,,,
2/28/62,4.25,5.81,62.16,142.09,6.35,6.70,22.22,63.29,,,,,,,
3/1/62,4.22,5.97,63.31,143.81,6.37,6.73,22.43,62.96,,,,,,,
3/2/62,4.27,5.93,63.73,145.00,6.33,6.70,22.25,63.61,,,,,,,
3/5/62,4.21,5.95,63.83,144.47,6.35,6.70,22.29,64.37,,,,,,,
3/6/62,4.30,5.87,62.89,144.61,6.43,6.78,22.36,63.76,,,,,,,
3/7/62,4.25,5.83,63.31,145.07,6.45,6.83,22.36,62.57,,,,,,,
3/8/62,4.26,5.93,64.25,145.40,6.48,6.88,22.64,62.90,,,,,,,
3/9/62,4.21,5.91,65.18,146.33,6.45,6.93,22.74,62.68,,,,,,,
3/12/62,4.30,6.03,65.29,146.19,6.51,6.93,22.85,63.00,,,,,,,
3/13/62,4.37,6.14,65.39,146.06,6.73,6.99,22.99,63.87,,,,,,,
3/14/62,4.38,6.08,65.08,145.80,6.84,7.01,23.44,64.74,,,,,,,
3/15/62,4.35,6.12,65.29,145.53,6.89,7.04,23.27,65.17,,,,,,,
3/16/62,4.35,6.12,65.71,146.19,6.73,7.09,23.16,66.26,,,,,,,
3/19/62,4.38,6.12,64.97,146.59,6.71,7.06,23.06,65.82,,,,,,,
3/20/62,4.42,6.04,64.97,145.66,6.71,7.02,23.09,64.63,,,,,,,
3/21/62,4.48,5.95,64.87,145.80,6.68,6.95,23.34,65.50,,,,,,,
3/22/62,4.53,5.89,64.55,144.21,6.66,7.05,23.83,67.23,,,,,,,
3/23/62,4.61,5.89,65.39,144.74,6.60,7.13,23.83,69.02,,,,,,,
3/26/62,4.55,5.85,64.34,144.67,6.61,7.09,23.27,70.00,,,,,,,
3/27/62,4.52,5.77,64.87,141.96,6.51,7.07,23.27,68.86,,,,,,,
3/28/62,4.48,5.73,65.29,142.75,6.48,7.05,23.76,68.75,,,,,,,
3/29/62,4.49,5.83,65.18,142.36,6.48,7.09,23.89,68.64,,,,,,,
3/30/62,4.42,5.83,64.45,140.97,6.33,7.10,23.96,66.80,,,,,,,
4/2/62,4.48,5.77,64.13,139.05,6.30,7.08,23.79,67.13,,,,,,,
4/3/62,4.34,5.73,63.40,135.61,6.33,6.95,23.48,65.28,,,,,,,
4/4/62,4.40,5.77,63.51,135.01,6.32,6.95,23.41,63.33,,,,,,,
4/5/62,4.40,5.73,64.03,137.86,6.35,6.94,23.83,64.20,,,,,,,
4/6/62,4.47,5.79,63.61,137.73,6.30,6.73,23.76,65.06,,,,,,,
4/9/62,4.48,5.81,63.51,137.86,6.28,6.68,23.58,64.20,,,,,,,
4/10/62,4.48,5.79,62.56,138.39,6.22,6.80,23.58,63.98,,,,,,,
4/11/62,4.38,5.73,61.41,136.53,6.25,6.77,23.69,63.98,,,,,,,
4/12/62,4.30,5.46,61.10,135.08,6.09,6.61,23.48,61.54,,,,,,,
4/13/62,4.42,5.42,62.67,137.06,6.20,6.71,23.44,61.00,,,,,,,
4/16/62,4.44,5.50,62.14,136.93,6.19,6.63,23.44,63.06,,,,,,,
4/17/62,4.46,5.61,62.25,137.59,6.19,6.46,23.44,64.63,,,,,,,
4/18/62,4.48,5.69,62.04,137.33,6.15,6.56,23.51,64.63,,,,,,,
4/19/62,4.49,5.69,62.14,137.33,6.19,6.61,23.58,66.04,,,,,,,
4/23/62,4.49,5.77,61.83,137.20,6.17,6.61,23.79,66.15,,,,,,,
4/24/62,4.52,5.85,61.41,137.06,6.09,6.58,23.44,66.26,,,,,,,
4/25/62,4.46,5.83,60.57,135.61,6.07,6.48,23.55,64.20,,,,,,,
4/26/62,4.44,5.69,60.57,132.17,5.96,6.42,23.23,64.14,,,,,,,
4/27/62,4.48,5.58,59.52,128.46,5.86,6.34,23.02,62.03,,,,,,,
4/30/62,4.31,5.36,57.43,120.13,5.63,6.36,22.67,61.38,,,,,,,
5/1/62,4.37,5.42,58.79,122.25,5.86,6.33,22.53,62.62,,,,,,,
5/2/62,4.42,5.46,59.31,125.02,5.91,6.41,22.39,63.00,,,,,,,
5/3/62,4.47,5.42,60.36,127.60,5.94,6.44,22.74,63.71,,,,,,,
5/4/62,4.44,5.42,60.15,128.60,6.01,6.54,22.74,63.55,,,,,,,
5/7/62,4.39,5.34,59.52,125.75,6.02,6.60,23.09,63.49,,,,,,,
5/8/62,4.34,5.22,59.42,121.60,5.97,6.56,22.60,60.84,,,,,,,
5/9/62,4.25,5.07,59.31,119.35,5.94,6.55,22.49,59.86,,,,,,,
5/10/62,4.21,4.99,58.79,119.88,5.81,6.44,22.28,61.16,,,,,,,
5/11/62,4.07,4.87,58.06,118.03,5.76,6.44,21.58,60.08,,,,,,,
5/14/62,4.01,5.15,59.00,120.28,5.79,6.33,21.55,59.43,,,,,,,
5/15/62,4.20,5.19,59.31,119.62,5.88,6.41,22.14,59.59,,,,,,,
5/16/62,4.21,5.03,59.42,120.94,5.86,6.43,22.11,57.15,,,,,,,
5/17/62,4.17,4.95,59.42,118.83,5.89,6.24,21.76,53.79,,,,,,,
5/18/62,4.18,4.99,60.26,119.49,5.79,6.29,21.76,55.25,,,,,,,
5/21/62,4.17,4.99,59.73,119.09,5.73,6.28,22.00,54.82,,,,,,,
5/22/62,4.05,4.99,58.27,115.12,5.68,6.22,21.55,52.05,,,,,,,
5/23/62,4.01,4.76,57.11,109.89,5.51,6.03,21.05,47.77,,,,,,,
5/24/62,3.92,4.80,56.38,105.33,5.46,5.79,20.88,46.68,,,,,,,
5/25/62,3.88,4.87,55.23,105.46,5.12,5.62,20.70,49.34,,,,,,,
5/28/62,3.67,4.83,52.40,95.54,4.68,5.54,19.65,47.82,,,,,,,
5/29/62,3.76,4.48,54.60,101.36,4.92,5.46,19.65,52.70,,,,,,,
5/31/62,3.91,4.99,55.12,103.87,5.19,5.57,20.35,52.00,,,,,,,
6/1/62,3.87,4.99,55.33,101.89,5.25,5.48,20.00,49.12,,,,,,,
6/4/62,3.56,4.68,52.82,95.27,5.05,5.18,19.37,45.76,,,,,,,
6/5/62,3.70,4.81,53.13,96.36,4.93,5.04,19.16,46.46,,,,,,,
6/6/62,3.75,4.97,53.76,96.73,5.01,5.16,19.44,47.05,,,,,,,
6/7/62,3.76,4.83,53.97,97.92,5.02,5.21,19.62,48.47,,,,,,,
6/8/62,3.84,4.91,54.49,98.25,5.04,5.37,19.55,48.25,,,,,,,
6/11/62,3.85,4.83,54.39,95.01,5.01,5.20,19.37,47.81,,,,,,,
6/12/62,3.69,4.67,51.85,88.69,4.69,5.08,18.39,44.39,,,,,,,
6/13/62,3.64,4.54,51.75,85.38,4.53,5.04,17.97,41.30,,,,,,,
6/14/62,3.59,4.13,51.43,80.98,4.32,5.03,17.41,39.51,,,,,,,
6/15/62,3.74,4.48,53.02,88.26,4.79,5.12,18.21,43.63,,,,,,,
6/18/62,3.72,4.54,52.17,87.27,4.69,5.16,18.25,43.42,,,,,,,
6/19/62,3.67,4.54,51.85,88.92,4.60,5.12,17.83,44.45,,,,,,,
6/20/62,3.62,4.46,50.69,86.80,4.73,5.02,17.69,43.85,,,,,,,
6/21/62,3.57,4.38,49.00,83.56,4.53,4.86,17.23,41.36,,,,,,,
6/22/62,3.52,4.26,46.89,84.69,4.55,4.67,16.74,42.44,,,,,,,
6/25/62,3.48,4.09,47.31,87.99,4.69,4.78,16.70,45.59,,,,,,,
6/26/62,3.47,4.09,46.89,84.69,4.68,4.75,16.42,44.72,,,,,,,
6/27/62,3.46,4.26,47.63,88.13,4.60,4.70,16.39,47.33,,,,,,,
6/28/62,3.62,4.26,49.64,91.04,4.83,4.93,17.26,50.15,,,,,,,
6/29/62,3.59,4.19,50.27,89.78,5.10,4.93,17.55,48.90,,,,,,,
7/2/62,3.68,4.22,53.12,92.63,5.17,5.12,18.11,50.36,,,,,,,
7/3/62,3.71,4.44,53.12,93.02,5.15,5.27,18.25,51.18,,,,,,,
7/5/62,3.72,4.38,54.28,92.63,5.17,5.33,18.28,51.29,,,,,,,
7/6/62,3.67,4.26,53.12,91.30,4.96,5.22,18.04,49.93,,,,,,,
7/9/62,3.74,4.26,53.54,92.69,5.02,5.28,18.18,51.23,,,,,,,
7/10/62,3.75,4.46,53.76,94.94,5.05,5.34,18.42,52.26,,,,,,,
7/11/62,3.78,4.65,54.07,99.08,4.94,5.32,18.74,54.33,,,,,,,
7/12/62,3.81,4.62,54.81,100.30,5.07,5.32,18.88,53.84,,,,,,,
7/13/62,3.79,4.60,54.39,99.57,5.14,5.29,19.09,54.06,,,,,,,
7/16/62,3.80,4.54,54.28,101.23,5.04,5.27,18.95,56.01,,,,,,,
7/17/62,3.78,4.46,52.70,97.95,5.04,5.19,18.88,54.38,,,,,,,
7/18/62,3.75,4.38,51.96,96.66,4.94,5.15,18.38,54.38,,,,,,,
7/19/62,3.78,4.42,52.80,97.26,4.89,5.19,18.35,56.44,,,,,,,
7/20/62,3.81,4.50,53.02,98.45,4.89,5.30,19.02,57.53,,,,,,,
7/23/62,3.82,4.42,53.76,98.71,4.84,5.36,18.88,58.89,,,,,,,
7/24/62,3.78,4.38,53.02,96.13,4.63,5.33,18.77,56.93,,,,,,,
7/25/62,3.85,4.30,52.80,97.26,4.66,5.27,18.70,58.07,,,,,,,
7/26/62,3.87,4.20,53.86,97.79,4.81,5.33,19.06,58.61,,,,,,,
7/27/62,3.90,4.22,53.76,99.47,4.81,5.37,19.34,60.46,,,,,,,
7/30/62,3.94,4.26,54.71,102.52,4.79,5.69,19.65,63.23,,,,,,,
7/31/62,4.02,4.30,56.08,102.42,4.90,5.66,19.62,62.52,,,,,,,
8/1/62,3.95,4.30,55.76,99.57,4.89,5.62,19.51,60.84,,,,,,,
8/2/62,4.03,4.42,56.18,102.09,4.89,5.53,19.76,62.63,,,,,,,
8/3/62,4.06,4.34,56.61,101.89,4.69,5.61,19.65,63.01,,,,,,,
8/6/62,3.99,4.46,55.55,100.56,4.66,5.50,19.55,62.20,,,,,,,
8/7/62,3.94,4.46,55.44,98.80,4.61,5.29,19.27,61.11,,,,,,,
8/8/62,3.93,4.54,55.44,101.05,4.79,5.29,19.34,62.25,,,,,,,
8/9/62,3.88,4.54,55.55,99.66,4.79,5.21,19.16,61.44,,,,,,,
8/10/62,3.91,4.46,56.08,99.46,4.83,5.17,19.34,62.09,,,,,,,
8/13/62,3.88,4.44,55.55,100.25,4.79,5.14,19.27,63.82,,,,,,,
8/14/62,3.98,4.50,57.03,102.17,4.74,5.14,19.44,65.62,,,,,,,
8/15/62,4.03,4.52,56.82,102.31,4.83,5.21,19.51,67.19,,,,,,,
8/16/62,4.01,4.58,57.03,102.24,4.79,5.12,19.62,66.48,,,,,,,
8/17/62,4.01,4.69,57.56,103.10,4.81,5.09,19.58,65.67,,,,,,,
8/20/62,4.06,4.93,57.45,104.22,4.78,5.07,19.76,65.67,,,,,,,
8/21/62,4.06,4.93,57.45,103.96,4.74,4.92,19.62,65.24,,,,,,,
8/22/62,4.05,4.99,58.72,108.26,4.83,5.06,19.76,67.35,,,,,,,
8/23/62,4.06,4.91,58.51,108.66,4.81,4.98,19.87,66.75,,,,,,,
8/24/62,4.06,5.07,57.45,108.26,4.76,4.91,19.69,66.54,,,,,,,
8/27/62,4.03,4.99,56.71,108.00,4.64,4.88,19.62,66.81,,,,,,,
8/28/62,3.98,4.79,57.13,104.16,4.63,4.80,19.34,63.88,,,,,,,
8/29/62,3.94,4.93,57.03,103.50,4.62,4.74,19.41,63.39,,,,,,,
8/30/62,3.99,4.85,57.24,102.64,4.62,4.78,19.44,63.39,,,,,,,
8/31/62,3.99,4.89,57.87,104.89,4.66,4.80,19.44,65.45,,,,,,,
9/4/62,3.96,4.75,56.29,102.57,4.68,4.80,19.27,64.47,,,,,,,
9/5/62,3.96,4.63,55.23,101.38,4.61,4.86,18.70,63.50,,,,,,,
9/6/62,3.93,4.69,55.23,102.70,4.66,4.90,18.60,64.36,,,,,,,
9/7/62,3.95,4.63,56.40,101.18,4.66,4.88,18.67,63.22,,,,,,,
9/10/62,3.98,4.58,57.13,101.71,4.68,4.96,18.77,64.58,,,,,,,
9/11/62,3.99,4.63,56.50,101.11,4.61,5.11,18.98,64.58,,,,,,,
9/12/62,4.00,4.67,57.13,101.54,4.69,5.14,19.06,65.23,,,,,,,
9/13/62,3.97,4.63,56.61,101.51,4.64,5.17,18.77,64.26,,,,,,,
9/14/62,3.97,4.53,57.13,102.77,4.64,5.15,18.88,64.15,,,,,,,
9/17/62,3.97,4.47,57.56,104.56,4.62,5.16,19.20,67.57,,,,,,,
9/18/62,3.91,4.47,57.88,103.76,4.64,5.21,19.02,68.06,,,,,,,
9/19/62,3.90,4.51,57.77,102.24,4.73,5.27,19.09,67.08,,,,,,,
9/20/62,3.85,4.45,56.92,101.31,4.73,5.09,18.95,65.29,,,,,,,
9/21/62,3.77,4.32,55.75,99.72,4.68,5.03,18.21,63.66,,,,,,,
9/24/62,3.76,4.24,55.11,95.82,4.62,4.93,17.78,60.67,,,,,,,
9/25/62,3.73,4.20,55.32,97.74,4.63,4.96,17.78,60.99,,,,,,,
9/26/62,3.69,4.16,54.05,94.10,4.55,4.97,17.29,58.06,,,,,,,
9/27/62,3.69,4.12,52.98,92.64,4.48,5.01,17.15,57.13,,,,,,,
9/28/62,3.71,4.02,54.37,93.57,4.53,4.97,17.29,58.22,,,,,,,
10/1/62,3.67,3.92,54.15,90.10,4.48,4.87,17.22,56.10,,,,,,,
10/2/62,3.70,4.00,55.22,92.74,4.50,4.97,17.33,58.39,,,,,,,
10/3/62,3.79,4.08,54.90,92.25,4.51,4.88,17.43,58.77,,,,,,,
10/4/62,3.79,4.02,56.17,94.70,4.53,4.90,17.64,60.94,,,,,,,
10/5/62,3.84,4.08,57.13,95.36,4.50,4.98,17.78,62.41,,,,,,,
10/8/62,3.83,4.08,57.45,95.22,4.51,4.99,17.78,62.24,,,,,,,
10/9/62,3.87,4.10,57.66,96.95,4.57,5.06,17.68,62.52,,,,,,,
10/10/62,3.85,3.98,56.92,95.06,4.55,5.02,17.78,60.83,,,,,,,
10/11/62,3.85,4.00,56.28,94.23,4.48,4.99,17.86,60.51,,,,,,,
10/12/62,3.83,3.96,56.07,94.03,4.51,5.01,17.82,61.97,,,,,,,
10/15/62,3.83,3.96,57.24,97.14,4.51,5.06,17.93,64.20,,,,,,,
10/16/62,3.83,3.98,57.24,94.63,4.53,5.05,18.03,62.90,,,,,,,
10/17/62,3.82,3.98,56.92,95.69,4.51,4.98,17.85,63.17,,,,,,,
10/18/62,3.78,3.94,56.71,94.00,4.50,5.01,17.32,61.97,,,,,,,
10/19/62,3.66,3.85,55.64,92.15,4.35,4.99,17.36,59.91,,,,,,,
10/22/62,3.63,3.67,55.11,90.79,4.27,5.13,17.43,60.02,,,,,,,
10/23/62,3.52,3.43,54.58,87.35,4.05,5.01,17.07,58.28,,,,,,,
10/24/62,3.61,3.57,57.03,90.00,4.22,5.19,17.32,63.06,,,,,,,
10/25/62,3.61,3.53,56.17,89.60,4.18,5.07,17.18,61.32,,,,,,,
10/26/62,3.58,3.38,56.92,87.75,4.22,4.98,17.07,60.12,,,,,,,
10/29/62,3.67,3.65,57.13,91.19,4.35,5.17,17.36,61.76,,,,,,,
10/30/62,3.70,3.89,58.20,93.11,4.49,5.27,18.03,62.95,,,,,,,
10/31/62,3.76,3.77,57.66,91.59,4.48,5.26,17.93,62.30,,,,,,,
11/1/62,3.79,3.92,58.09,93.17,4.48,5.38,17.96,64.04,,,,,,,
11/2/62,3.86,4.06,59.15,94.56,4.55,5.53,18.81,65.51,,,,,,,
11/5/62,3.86,4.22,59.26,95.71,4.51,5.67,18.81,65.62,,,,,,,
11/7/62,3.84,4.20,59.37,95.64,4.45,5.65,18.88,64.96,,,,,,,
11/8/62,3.82,4.26,59.26,94.05,4.56,5.61,18.71,63.50,,,,,,,
11/9/62,3.84,4.24,59.26,95.64,4.59,5.49,19.03,63.93,,,,,,,
11/12/62,3.82,4.47,61.28,98.88,4.64,5.55,19.56,65.51,,,,,,,
11/13/62,3.83,4.40,61.17,97.10,4.68,5.57,19.59,64.04,,,,,,,
11/14/62,3.83,4.55,61.60,99.15,4.68,5.59,19.56,65.18,,,,,,,
11/15/62,3.84,4.42,61.60,98.62,4.58,5.63,19.59,63.50,,,,,,,
11/16/62,3.82,4.55,61.92,100.21,4.55,5.68,19.45,64.36,,,,,,,
11/19/62,3.73,4.69,61.39,98.49,4.57,5.51,19.24,63.33,,,,,,,
11/20/62,3.74,4.79,62.03,99.65,4.58,5.49,19.27,63.28,,,,,,,
11/21/62,3.77,4.79,62.77,99.88,4.62,5.55,19.52,62.08,,,,,,,
11/23/62,3.86,4.71,64.05,102.72,4.64,5.57,19.74,62.30,,,,,,,
11/26/62,3.89,4.57,63.41,102.92,4.76,5.65,20.02,62.46,,,,,,,
11/27/62,3.90,4.71,63.41,104.51,4.83,5.83,20.34,64.36,,,,,,,
11/28/62,3.92,4.73,63.62,105.24,4.98,5.95,20.30,64.80,,,,,,,
11/29/62,3.95,4.71,63.73,106.17,4.96,5.94,20.20,65.89,,,,,,,
11/30/62,4.10,4.49,63.62,105.50,4.96,5.97,20.16,65.51,,,,,,,
12/3/62,4.02,4.53,63.52,103.65,4.88,6.08,20.30,64.80,,,,,,,
12/4/62,4.10,4.61,63.94,105.97,4.91,6.20,20.91,68.34,,,,,,,
12/5/62,4.13,4.59,64.69,105.57,4.91,6.35,20.94,70.14,,,,,,,
12/6/62,4.08,4.59,64.37,105.50,4.93,6.27,20.80,69.70,,,,,,,
12/7/62,4.09,4.49,64.69,105.24,4.99,6.20,20.98,69.86,,,,,,,
12/10/62,3.96,4.42,64.37,102.99,4.93,6.16,20.91,68.18,,,,,,,
12/11/62,4.00,4.45,64.37,102.59,4.89,6.08,20.94,68.83,,,,,,,
12/12/62,4.02,4.55,65.54,104.25,4.94,6.10,20.84,69.48,,,,,,,
12/13/62,4.07,4.51,65.32,102.72,4.89,6.09,20.52,69.21,,,,,,,
12/14/62,4.20,4.40,65.54,103.12,4.96,6.02,20.66,68.83,,,,,,,
12/17/62,4.16,4.47,65.54,101.93,4.89,6.04,20.73,67.96,,,,,,,
12/18/62,4.12,4.44,64.47,101.20,4.88,6.04,20.23,67.09,,,,,,,
12/19/62,4.12,4.42,65.11,103.82,4.96,6.06,20.52,68.18,,,,,,,
12/20/62,4.10,4.63,65.11,103.82,4.95,6.12,20.45,68.72,,,,,,,
12/21/62,4.08,4.63,65.00,102.00,4.89,6.10,20.38,67.69,,,,,,,
12/24/62,4.02,4.87,65.00,104.31,4.91,6.02,20.38,68.28,,,,,,,
12/26/62,4.05,4.87,65.64,104.25,4.91,6.01,20.30,69.05,,,,,,,
12/27/62,4.07,4.81,65.96,103.52,4.93,5.99,20.16,68.83,,,,,,,
12/28/62,4.06,4.77,65.96,103.92,4.94,5.96,20.02,68.50,,,,,,,
12/31/62,4.06,4.56,65.75,103.25,4.84,5.96,20.23,68.99,,,,,,,
1/2/63,4.06,4.67,65.43,101.86,4.94,5.98,20.13,67.85,,,,,,,
1/3/63,4.06,4.91,65.86,104.97,4.91,6.05,20.38,70.46,,,,,,,
1/4/63,4.16,5.03,66.18,105.11,5.07,6.15,20.80,71.06,,,,,,,
1/7/63,4.16,4.97,65.75,104.25,5.12,6.20,20.91,69.37,,,,,,,
1/8/63,4.20,5.03,66.71,106.83,5.09,6.23,21.30,70.14,,,,,,,
1/9/63,4.15,5.01,66.82,106.89,5.09,6.18,20.80,69.70,,,,,,,
1/10/63,4.14,5.25,67.68,107.62,5.06,6.16,20.80,69.70,,,,,,,
1/11/63,4.24,5.23,67.57,107.95,5.09,6.19,20.77,69.81,,,,,,,
1/14/63,4.26,5.48,67.36,109.67,5.09,6.29,21.01,69.92,,,,,,,
1/15/63,4.27,5.46,67.36,109.87,5.07,6.54,20.91,68.83,,,,,,,
1/16/63,4.19,5.36,66.82,108.15,5.09,6.50,20.81,67.96,,,,,,,
1/17/63,4.21,5.42,67.04,109.54,5.09,6.37,20.84,68.56,,,,,,,
1/18/63,4.22,5.42,67.14,109.21,5.12,6.27,20.81,67.85,,,,,,,
1/21/63,4.24,5.36,67.25,109.61,5.17,6.31,21.02,66.38,,,,,,,
1/22/63,4.24,5.36,67.25,109.81,5.15,6.37,20.84,66.32,,,,,,,
1/23/63,4.22,5.27,67.57,109.67,5.19,6.41,20.91,64.91,,,,,,,
1/24/63,4.28,5.19,67.57,110.14,5.34,6.43,20.63,64.36,,,,,,,
1/25/63,4.29,5.19,67.68,110.80,5.24,6.52,20.91,65.89,,,,,,,
1/28/63,4.28,5.15,67.89,112.39,5.36,6.53,21.06,67.63,,,,,,,
1/29/63,4.31,5.13,67.89,111.66,5.36,6.73,21.13,66.76,,,,,,,
1/30/63,4.30,5.15,66.50,111.06,5.36,6.60,20.56,65.78,,,,,,,
1/31/63,4.30,5.11,67.04,112.19,5.34,6.60,20.91,66.32,,,,,,,
2/1/63,4.33,5.17,66.82,112.19,5.37,6.65,20.99,66.11,,,,,,,
2/4/63,4.35,5.19,66.50,111.26,5.40,6.60,20.99,64.53,,,,,,,
2/5/63,4.32,5.23,66.71,111.49,5.36,6.58,20.99,65.67,,,,,,,
2/6/63,4.40,5.07,66.93,110.76,5.42,6.56,21.13,64.47,,,,,,,
2/7/63,4.35,5.11,67.25,110.96,5.42,6.55,21.20,64.75,,,,,,,
2/8/63,4.37,5.05,67.36,111.22,5.41,6.62,20.99,65.56,,,,,,,
2/11/63,4.44,5.09,67.14,110.63,5.40,6.52,21.13,66.22,,,,,,,
2/12/63,4.39,5.05,67.04,110.83,5.36,6.41,21.20,66.65,,,,,,,
2/13/63,4.43,5.25,67.68,110.56,5.36,6.43,21.31,68.45,,,,,,,
2/14/63,4.44,5.15,67.04,110.63,5.37,6.58,21.24,67.74,,,,,,,
2/15/63,4.45,5.36,67.68,110.89,5.37,6.60,21.20,66.49,,,,,,,
2/18/63,4.48,5.48,67.46,110.66,5.39,6.57,21.31,66.87,,,,,,,
2/19/63,4.48,5.48,66.39,109.77,5.38,6.56,21.06,65.56,,,,,,,
2/20/63,4.46,5.56,64.89,108.84,5.38,6.47,20.99,65.56,,,,,,,
2/21/63,4.47,5.56,65.75,108.64,5.40,6.35,20.56,66.22,,,,,,,
2/25/63,4.45,5.64,64.47,106.99,5.39,6.20,20.41,67.03,,,,,,,
2/26/63,4.45,5.74,64.14,107.71,5.44,6.24,20.45,66.87,,,,,,,
2/27/63,4.40,5.48,63.93,107.32,5.48,6.24,20.41,66.49,,,,,,,
2/28/63,4.28,5.48,62.32,105.86,5.44,6.18,20.27,65.62,,,,,,,
3/1/63,4.37,5.31,62.75,105.20,5.31,6.18,19.91,65.73,,,,,,,
3/4/63,4.44,5.50,62.65,106.85,5.33,6.28,20.45,66.65,,,,,,,
3/5/63,4.42,5.52,62.11,106.39,5.33,6.28,20.63,66.60,,,,,,,
3/6/63,4.42,5.54,62.97,107.22,5.29,6.25,20.34,67.52,,,,,,,
3/7/63,4.44,5.58,63.39,108.24,5.28,6.25,20.27,68.40,,,,,,,
3/8/63,4.43,5.54,63.50,108.18,5.26,6.28,20.34,69.16,,,,,,,
3/11/63,4.46,5.60,64.25,108.11,5.25,6.37,20.20,69.65,,,,,,,
3/12/63,4.47,5.70,64.25,108.04,5.28,6.37,20.34,70.25,,,,,,,
3/13/63,4.45,5.70,64.36,108.24,5.36,6.40,20.52,70.80,,,,,,,
3/14/63,4.45,5.62,63.07,108.57,5.33,6.38,20.52,70.36,,,,,,,
3/15/63,4.46,5.53,63.50,109.43,5.44,6.40,20.52,70.41,,,,,,,
3/18/63,4.44,5.53,62.31,108.44,5.46,6.37,20.63,68.67,,,,,,,
3/19/63,4.44,5.43,62.63,108.57,5.38,6.31,20.63,68.94,,,,,,,
3/20/63,4.48,5.51,63.07,109.63,5.43,6.35,20.63,70.63,,,,,,,
3/21/63,4.47,5.43,62.96,108.91,5.39,6.32,20.74,69.54,,,,,,,
3/22/63,4.47,5.49,63.17,109.70,5.36,6.40,20.91,70.09,,,,,,,
3/25/63,4.46,5.49,63.17,109.50,5.31,6.39,20.99,70.74,,,,,,,
3/26/63,4.45,5.49,63.60,110.23,5.38,6.40,21.27,70.25,,,,,,,
3/27/63,4.48,5.59,63.71,111.49,5.48,6.40,21.49,70.36,,,,,,,
3/28/63,4.46,5.53,64.25,111.42,5.48,6.39,21.31,70.03,,,,,,,
3/29/63,4.48,5.51,64.36,111.49,5.46,6.41,21.13,69.98,,,,,,,
4/1/63,4.53,5.49,64.25,111.49,5.48,6.42,21.20,70.58,,,,,,,
4/2/63,4.51,5.57,63.07,110.56,5.51,6.48,20.84,70.52,,,,,,,
4/3/63,4.51,5.57,64.25,111.82,5.51,6.47,21.02,74.18,,,,,,,
4/4/63,4.53,5.66,64.47,113.57,5.51,6.43,21.34,76.09,,,,,,,
4/5/63,4.51,5.62,66.19,117.05,5.49,6.58,21.41,76.91,,,,,,,
4/8/63,4.51,5.64,66.19,119.07,5.48,6.56,21.84,77.89,,,,,,,
4/9/63,4.51,5.57,65.98,117.78,5.49,6.55,22.27,78.92,,,,,,,
4/10/63,4.51,5.45,65.98,117.15,5.43,6.54,22.06,82.47,,,,,,,
4/11/63,4.53,5.47,65.55,118.17,5.41,6.58,22.27,81.60,,,,,,,
4/15/63,4.54,5.51,66.62,118.11,5.35,6.71,22.63,80.12,,,,,,,
4/16/63,4.54,5.47,66.95,117.25,5.38,6.71,22.56,79.20,,,,,,,
4/17/63,4.52,5.39,67.38,116.65,5.30,6.69,22.38,77.89,,,,,,,
4/18/63,4.53,5.43,67.05,116.65,5.28,6.60,22.38,79.41,,,,,,,
4/19/63,4.53,5.41,67.05,119.17,5.31,6.67,22.38,80.12,,,,,,,
4/22/63,4.54,5.31,67.05,121.02,5.21,6.79,22.46,80.29,,,,,,,
4/23/63,4.55,5.37,68.99,122.08,5.35,6.87,22.56,81.38,,,,,,,
4/24/63,4.53,5.25,68.78,122.48,5.31,6.98,22.42,79.47,,,,,,,
4/25/63,4.50,5.29,68.35,123.04,5.37,6.92,22.38,78.32,,,,,,,
4/26/63,4.43,5.39,68.13,124.46,5.44,6.91,22.31,77.45,,,,,,,
4/29/63,4.43,5.47,68.02,124.07,5.54,6.91,22.46,76.96,,,,,,,
4/30/63,4.43,5.45,67.92,122.81,5.53,6.93,22.31,77.45,,,,,,,
5/1/63,4.47,5.66,69.10,123.14,5.48,6.87,22.38,77.34,,,,,,,
5/2/63,4.48,5.94,69.64,124.13,5.50,6.83,22.35,78.11,,,,,,,
5/3/63,4.51,5.90,69.32,123.27,5.44,6.74,22.24,77.56,,,,,,,
5/6/63,4.55,5.82,69.75,121.35,5.44,6.56,22.10,77.12,,,,,,,
5/7/63,4.57,5.74,69.53,121.92,5.46,6.63,22.02,78.11,,,,,,,
5/8/63,4.59,5.88,70.72,124.49,5.39,6.65,22.02,80.72,,,,,,,
5/9/63,4.57,5.88,71.15,124.62,5.48,6.66,22.28,78.98,,,,,,,
5/10/63,4.56,5.80,70.50,125.81,5.44,6.74,22.38,81.16,,,,,,,
5/13/63,4.58,5.82,70.40,124.82,5.44,6.71,22.31,83.12,,,,,,,
5/14/63,4.58,5.80,69.97,124.62,5.61,6.67,22.38,83.89,,,,,,,
5/15/63,4.59,5.80,70.61,125.02,5.76,6.72,22.35,84.81,,,,,,,
5/16/63,4.59,5.72,70.40,124.49,5.84,6.71,22.38,83.45,,,,,,,
5/17/63,4.57,5.70,70.72,123.70,5.94,6.70,22.38,83.78,,,,,,,
5/20/63,4.52,5.68,70.07,122.57,5.97,6.70,22.38,82.91,,,,,,,
5/21/63,4.54,5.70,70.50,123.70,5.94,6.73,22.38,84.43,,,,,,,
5/22/63,4.48,5.78,70.29,123.43,5.96,6.74,22.35,86.83,,,,,,,
5/23/63,4.39,5.84,70.83,123.03,5.93,6.91,22.35,86.40,,,,,,,
5/24/63,4.40,5.74,71.47,122.64,5.73,6.89,22.24,86.23,,,,,,,
5/27/63,4.42,5.70,71.37,121.31,5.61,6.79,22.31,89.89,,,,,,,
5/28/63,4.51,5.70,71.47,121.84,5.71,6.83,22.10,89.89,,,,,,,
5/29/63,4.43,5.64,71.58,124.49,5.76,6.89,22.10,91.20,,,,,,,
5/31/63,4.46,5.70,72.44,126.41,5.81,6.93,21.95,92.89,,,,,,,
6/3/63,4.43,5.62,72.01,125.35,5.79,6.97,21.99,93.43,,,,,,,
6/4/63,4.48,5.62,71.80,125.55,5.81,7.02,21.95,91.79,,,,,,,
6/5/63,4.52,5.66,70.72,124.49,5.81,6.91,21.85,90.10,,,,,,,
6/6/63,4.54,5.70,70.72,124.49,5.83,6.91,21.92,88.95,,,,,,,
6/7/63,4.54,5.86,71.15,124.03,5.84,6.85,21.81,88.35,,,,,,,
6/10/63,4.54,5.86,70.61,122.44,5.88,6.83,21.67,89.12,,,,,,,
6/11/63,4.52,5.88,70.18,123.17,5.88,6.85,21.52,89.01,,,,,,,
6/12/63,4.56,6.10,70.72,124.03,5.88,6.94,21.49,88.30,,,,,,,
6/13/63,4.61,6.10,70.18,122.77,5.93,6.95,21.31,88.24,,,,,,,
6/14/63,4.54,6.08,70.07,122.70,5.97,7.12,21.27,88.46,,,,,,,
6/17/63,4.51,6.18,68.67,121.64,5.93,7.24,21.31,88.68,,,,,,,
6/18/63,4.53,6.24,69.43,121.44,5.94,7.19,21.56,89.34,,,,,,,
6/19/63,4.54,6.28,69.97,121.05,5.96,7.22,21.63,89.12,,,,,,,
6/20/63,4.51,6.32,70.41,120.45,5.89,7.16,21.74,87.53,,,,,,,
6/21/63,4.49,6.35,70.62,120.65,5.96,7.16,21.74,87.97,,,,,,,
6/24/63,4.51,6.35,70.84,118.93,5.89,7.16,21.56,88.24,,,,,,,
6/25/63,4.50,6.37,70.52,118.33,5.87,7.16,21.63,87.81,,,,,,,
6/26/63,4.51,6.20,69.11,116.21,5.79,7.02,21.63,85.19,,,,,,,
6/27/63,4.56,5.98,67.70,115.02,5.68,6.93,21.63,85.40,,,,,,,
6/28/63,4.53,6.16,68.56,115.55,5.81,6.95,21.74,85.30,,,,,,,
7/1/63,4.67,6.08,68.24,112.97,5.73,6.91,21.92,86.50,,,,,,,
7/2/63,4.50,6.22,69.11,116.15,5.69,7.02,21.95,89.94,,,,,,,
7/3/63,4.51,6.32,69.97,117.01,5.71,7.16,22.02,91.74,,,,,,,
7/5/63,4.53,6.28,69.86,117.87,5.76,7.36,22.28,93.70,,,,,,,
7/8/63,4.54,6.28,69.65,115.48,5.79,7.23,22.17,93.92,,,,,,,
7/9/63,4.59,6.55,69.86,116.78,5.83,7.33,22.13,96.54,,,,,,,
7/10/63,4.59,6.61,69.32,115.75,5.79,7.33,22.10,97.85,,,,,,,
7/11/63,4.59,6.51,69.21,114.95,5.83,7.29,22.20,97.20,,,,,,,
7/12/63,4.59,6.47,68.78,114.29,5.76,7.33,22.13,100.37,,,,,,,
7/15/63,4.56,6.41,68.13,114.56,5.81,7.23,22.06,97.85,,,,,,,
7/16/63,4.51,6.39,68.56,115.29,5.83,7.23,22.07,99.06,,,,,,,
7/17/63,4.57,6.24,68.78,114.69,5.79,7.21,21.85,99.06,,,,,,,
7/18/63,4.55,6.22,68.56,113.76,5.76,7.11,21.71,98.84,,,,,,,
7/19/63,4.54,6.24,68.02,113.70,5.69,7.04,21.56,99.27,,,,,,,
7/22/63,4.56,6.20,67.48,113.37,5.58,7.02,21.63,99.60,,,,,,,
7/23/63,4.59,6.20,66.50,113.03,5.59,7.20,21.60,101.57,,,,,,,
7/24/63,4.54,6.30,67.15,113.50,5.61,7.25,21.42,104.74,,,,,,,
7/25/63,4.53,6.28,66.39,113.63,5.66,7.27,21.13,105.17,,,,,,,
7/26/63,4.56,6.32,66.72,114.29,5.63,7.23,20.99,107.30,,,,,,,
7/29/63,4.54,6.39,66.50,114.69,5.71,7.25,20.99,110.41,,,,,,,
7/30/63,4.59,6.45,67.59,117.34,5.81,7.29,21.17,111.62,,,,,,,
7/31/63,4.61,6.45,67.80,115.09,5.79,7.36,21.13,106.37,,,,,,,
8/1/63,4.63,6.32,68.13,115.22,5.78,7.31,20.91,105.50,,,,,,,
8/2/63,4.62,6.35,68.35,114.43,5.78,7.32,21.20,105.39,,,,,,,
8/5/63,4.65,6.37,68.89,115.95,5.79,7.55,21.20,107.90,,,,,,,
8/6/63,4.73,6.59,69.65,117.03,5.83,7.69,21.27,107.25,,,,,,,
8/7/63,4.78,6.63,69.00,115.81,5.96,7.69,21.60,104.63,,,,,,,
8/8/63,4.81,6.67,68.78,116.31,5.98,7.68,21.63,103.81,,,,,,,
8/9/63,4.85,6.94,69.43,117.50,6.23,7.76,21.89,107.52,,,,,,,
8/12/63,4.85,7.00,69.54,118.03,6.19,7.71,22.39,109.38,,,,,,,
8/13/63,4.83,7.00,70.62,120.35,6.16,7.62,22.50,108.67,,,,,,,
8/14/63,4.80,7.26,71.06,121.07,6.09,7.72,22.82,108.67,,,,,,,
8/15/63,4.83,7.26,70.95,120.28,6.11,7.72,22.86,108.12,,,,,,,
8/16/63,4.84,7.02,70.95,119.88,6.13,7.54,22.97,108.78,,,,,,,
8/19/63,4.87,7.14,70.73,119.75,6.03,7.58,23.04,110.52,,,,,,,
8/20/63,4.90,7.10,70.41,118.29,6.08,7.62,22.79,113.69,,,,,,,
8/21/63,4.93,7.04,70.73,118.89,6.04,7.58,22.90,111.94,,,,,,,
8/22/63,4.93,7.18,70.41,119.88,6.08,7.63,22.90,115.55,,,,,,,
8/23/63,4.94,7.12,70.62,118.82,6.11,7.63,22.72,116.75,,,,,,,
8/26/63,4.93,7.24,70.30,119.22,6.13,7.91,22.36,120.13,,,,,,,
8/27/63,4.93,7.18,69.21,117.10,6.24,7.99,22.61,117.84,,,,,,,
8/28/63,4.96,7.35,70.30,117.50,6.28,8.13,22.50,122.43,,,,,,,
8/29/63,4.95,7.41,70.19,117.23,6.29,8.22,22.50,126.14,,,,,,,
8/30/63,4.94,7.30,70.73,117.83,6.36,8.32,22.72,123.96,,,,,,,
9/3/63,4.93,7.26,71.17,118.56,6.38,8.19,22.86,127.56,,,,,,,
9/4/63,4.96,7.10,70.08,118.69,6.35,8.06,22.93,124.94,,,,,,,
9/5/63,4.97,7.14,70.95,119.35,6.31,8.12,23.08,125.71,,,,,,,
9/6/63,4.94,7.08,70.84,121.47,6.29,8.04,23.08,123.30,,,,,,,
9/9/63,4.93,6.83,70.52,120.94,6.31,7.88,22.75,124.28,,,,,,,
9/10/63,4.95,7.01,70.73,121.34,6.36,7.92,22.82,124.39,,,,,,,
9/11/63,4.96,7.16,71.28,121.07,6.49,7.91,22.86,124.50,,,,,,,
9/12/63,4.96,7.24,72.58,120.94,6.54,7.89,22.97,123.41,,,,,,,
9/13/63,4.97,7.42,72.58,120.68,6.48,7.94,22.79,123.46,,,,,,,
9/16/63,4.96,7.40,71.49,120.54,6.41,7.98,22.79,121.11,,,,,,,
9/17/63,4.99,7.28,71.71,120.58,6.41,7.86,22.79,121.66,,,,,,,
9/18/63,5.01,7.14,71.28,119.22,6.36,7.59,22.79,121.88,,,,,,,
9/19/63,5.08,7.14,72.48,120.35,6.41,7.71,22.93,125.16,,,,,,,
9/20/63,5.10,7.03,72.04,120.94,6.44,7.75,22.79,131.17,,,,,,,
9/23/63,5.07,7.06,71.49,120.41,6.31,7.79,22.93,134.01,,,,,,,
9/24/63,5.07,7.03,71.60,122.53,6.34,7.77,22.68,131.23,,,,,,,
9/25/63,5.01,7.01,71.17,121.34,6.31,7.67,22.68,125.71,,,,,,,
9/26/63,4.98,6.87,69.53,119.29,6.23,7.56,22.72,122.92,,,,,,,
9/27/63,4.98,6.91,69.64,118.82,6.18,7.65,22.64,123.30,,,,,,,
9/30/63,4.98,6.85,69.31,119.75,6.14,7.57,22.79,123.03,,,,,,,
10/1/63,5.07,7.03,69.86,119.15,6.24,7.66,22.90,123.74,,,,,,,
10/2/63,5.08,7.20,69.64,119.02,6.28,7.79,22.86,123.19,,,,,,,
10/3/63,5.07,7.30,69.86,121.07,6.28,7.69,22.79,129.80,,,,,,,
10/4/63,5.10,7.26,70.18,122.27,6.33,7.73,22.93,128.77,,,,,,,
10/7/63,5.04,7.16,68.76,124.39,6.28,7.71,22.86,127.40,,,,,,,
10/8/63,5.04,7.03,68.76,122.53,6.18,7.69,22.75,128.11,,,,,,,
10/9/63,5.01,7.03,68.11,122.53,6.04,7.56,22.61,125.92,,,,,,,
10/10/63,4.99,7.14,67.78,123.33,6.04,7.59,22.50,127.89,,,,,,,
10/11/63,5.02,7.16,68.55,124.25,6.21,7.68,22.75,127.24,,,,,,,
10/14/63,5.01,7.24,68.44,126.11,6.67,7.73,22.79,131.39,,,,,,,
10/15/63,5.04,7.32,68.76,126.64,7.73,7.86,23.05,132.92,,,,,,,
10/16/63,5.07,7.30,69.75,129.88,7.92,7.88,23.19,135.54,,,,,,,
10/17/63,5.09,7.36,70.62,130.41,7.43,8.01,23.38,136.20,,,,,,,
10/18/63,5.07,7.38,70.51,131.08,7.63,7.91,23.45,140.79,,,,,,,
10/21/63,5.10,7.38,70.95,130.88,7.54,8.02,23.30,145.71,,,,,,,
10/22/63,5.09,7.24,69.97,128.76,7.56,8.02,23.34,151.72,,,,,,,
10/23/63,5.04,7.28,70.51,127.96,7.01,8.17,23.23,147.79,,,,,,,
10/24/63,5.08,7.30,70.51,128.49,7.63,8.26,23.16,145.60,,,,,,,
10/25/63,5.08,7.20,70.18,130.74,7.76,8.30,22.90,147.57,,,,,,,
10/28/63,5.15,7.20,72.48,131.74,7.40,8.49,23.09,149.54,,,,,,,
10/29/63,5.15,7.20,74.00,130.15,7.36,8.37,22.98,155.22,,,,,,,
10/30/63,5.08,7.12,72.58,128.29,7.18,8.14,22.90,154.13,,,,,,,
10/31/63,5.03,7.03,73.13,130.88,7.13,8.17,22.98,159.37,,,,,,,
11/1/63,5.05,7.12,72.04,129.42,7.38,8.17,22.98,164.40,,,,,,,
11/4/63,5.04,7.01,71.60,128.26,7.13,8.12,22.83,161.89,,,,,,,
11/6/63,5.01,6.83,70.95,127.20,7.05,8.02,22.90,159.59,,,,,,,
11/7/63,5.05,7.01,69.97,127.60,7.01,7.99,22.87,162.65,,,,,,,
11/8/63,5.07,7.26,70.95,128.39,7.06,8.08,22.83,169.65,,,,,,,
11/11/63,5.09,7.28,71.38,129.06,6.93,8.02,22.94,169.87,,,,,,,
11/12/63,5.10,7.20,71.06,129.32,6.83,8.00,22.69,167.57,,,,,,,
11/13/63,5.13,7.14,70.07,129.72,6.93,8.01,22.83,171.18,,,,,,,
11/14/63,5.16,7.16,70.40,129.06,6.86,8.02,22.90,174.84,,,,,,,
11/15/63,5.16,6.87,69.75,128.53,6.76,7.99,23.01,173.58,,,,,,,
11/18/63,5.16,6.63,68.22,127.33,6.63,8.03,22.69,168.99,,,,,,,
11/19/63,5.13,6.71,68.55,125.15,6.69,8.06,22.65,160.03,,,,,,,
11/20/63,5.12,6.65,69.42,125.08,6.81,8.11,22.80,159.59,,,,,,,
11/21/63,5.05,6.46,68.22,122.96,6.70,8.12,22.69,144.29,,,,,,,
11/22/63,4.99,6.28,65.82,123.29,6.34,7.83,22.51,147.79,,,,,,,
11/26/63,5.10,6.63,69.42,124.88,6.78,7.98,23.09,151.50,,,,,,,
11/27/63,5.11,6.75,69.09,126.67,6.91,7.85,23.01,158.99,,,,,,,
11/29/63,5.13,6.95,72.04,128.59,7.15,7.97,22.98,163.75,,,,,,,
12/2/63,5.17,6.91,72.48,130.38,7.23,8.17,23.09,169.76,,,,,,,
12/3/63,5.20,6.87,71.82,129.72,7.10,8.21,23.16,167.46,,,,,,,
12/4/63,5.19,6.85,71.93,128.00,7.23,8.31,23.01,163.09,,,,,,,
12/5/63,5.19,6.75,72.58,129.19,7.25,8.38,23.19,156.97,,,,,,,
12/6/63,5.20,6.63,72.58,128.39,7.08,8.27,23.01,160.52,,,,,,,
12/9/63,5.17,6.63,72.26,128.26,6.95,8.25,22.98,161.34,,,,,,,
12/10/63,5.21,6.67,73.40,127.47,6.93,8.33,23.01,162.76,,,,,,,
12/11/63,5.24,6.67,73.73,127.20,6.90,8.25,22.94,166.37,,,,,,,
12/12/63,5.24,6.71,74.72,125.94,6.96,8.27,23.01,168.12,,,,,,,
12/13/63,5.22,6.56,75.16,125.94,6.93,8.29,23.12,166.81,,,,,,,
12/16/63,5.26,6.54,75.16,126.14,6.92,8.35,23.12,167.57,,,,,,,
12/17/63,5.31,6.29,75.05,128.13,7.13,8.20,23.12,181.91,,,,,,,
12/18/63,5.39,6.40,74.39,128.13,7.00,8.14,23.09,181.80,,,,,,,
12/19/63,5.58,6.33,73.84,128.00,6.83,8.11,23.23,176.88,,,,,,,
12/20/63,5.44,6.27,73.51,128.13,6.74,8.14,23.41,175.23,,,,,,,
12/23/63,5.48,6.35,72.74,128.00,6.78,8.11,22.90,173.15,,,,,,,
12/24/63,5.44,6.40,73.29,128.39,6.88,8.13,22.80,175.73,,,,,,,
12/26/63,5.58,6.21,73.84,129.98,6.91,8.23,22.98,184.32,,,,,,,
12/27/63,5.63,6.19,74.06,130.78,6.93,8.32,22.98,180.93,,,,,,,
12/30/63,5.60,6.23,75.38,132.24,6.83,8.37,22.76,183.66,,,,,,,
12/31/63,5.66,6.48,76.59,134.36,6.83,8.54,23.16,187.38,,,,,,,
1/2/64,5.58,6.52,76.26,137.01,6.99,8.61,22.87,184.32,,,,,,,
1/3/64,5.53,6.72,75.60,135.15,7.53,8.60,23.16,182.46,,,,,,,
1/6/64,5.49,6.58,75.16,135.55,7.53,8.62,23.16,182.24,,,,,,,
1/7/64,5.49,6.64,76.04,134.62,7.43,8.58,22.94,175.67,,,,,,,
1/8/64,5.58,6.52,76.81,135.95,7.23,8.54,22.98,172.39,,,,,,,
1/9/64,5.61,6.52,76.59,140.05,7.33,8.84,22.98,178.96,,,,,,,
1/10/64,5.62,6.52,76.37,141.25,7.60,8.77,22.98,183.61,,,,,,,
1/13/64,5.65,6.44,74.83,142.04,7.67,8.83,22.98,194.55,,,,,,,
1/14/64,5.66,6.40,75.05,141.78,7.56,8.87,23.09,205.77,,,,,,,
1/15/64,5.66,6.31,75.05,148.67,7.63,8.78,23.19,201.39,,,,,,,
1/16/64,5.59,6.31,74.61,145.75,7.50,8.87,23.34,194.01,,,,,,,
1/17/64,5.60,6.35,74.83,146.55,7.43,8.89,23.38,196.47,,,,,,,
1/20/64,5.50,6.46,74.50,146.28,7.26,8.91,23.41,188.26,,,,,,,
1/21/64,5.49,6.46,74.83,143.63,7.26,8.89,23.43,190.17,,,,,,,
1/22/64,5.55,6.50,74.72,144.96,7.30,8.80,24.31,186.07,,,,,,,
1/23/64,5.59,6.54,75.38,145.62,7.30,8.71,24.23,185.52,,,,,,,
1/24/64,5.55,6.56,75.27,144.69,7.19,8.62,24.05,181.69,,,,,,,
1/27/64,5.60,6.56,75.71,143.10,6.98,8.79,23.90,175.95,,,,,,,
1/28/64,5.64,6.50,75.38,141.51,7.05,8.76,23.90,178.41,,,,,,,
1/29/64,5.63,6.42,75.60,138.86,7.03,8.70,23.87,172.39,,,,,,,
1/30/64,5.64,6.40,76.37,140.19,7.05,8.81,23.79,175.95,,,,,,,
1/31/64,5.78,6.42,77.25,143.63,7.05,8.87,23.94,172.12,,,,,,,
2/3/64,5.79,6.54,78.02,143.37,7.13,8.97,24.12,168.28,,,,,,,
2/4/64,5.81,6.52,77.80,143.00,7.16,9.03,23.98,160.08,,,,,,,
2/5/64,5.82,6.62,77.25,142.07,7.18,9.20,23.50,154.06,,,,,,,
2/6/64,5.82,6.66,77.25,142.07,7.20,9.30,23.43,166.37,,,,,,,
2/7/64,5.81,6.81,77.36,142.34,7.16,9.27,23.54,165.27,,,,,,,
2/10/64,5.79,6.89,77.03,143.13,7.18,9.11,23.65,169.65,,,,,,,
2/11/64,5.77,6.76,77.91,143.66,7.35,8.95,23.61,169.11,,,,,,,
2/12/64,5.74,6.76,78.78,144.72,7.55,9.07,23.47,166.64,,,,,,,
2/13/64,5.77,6.72,78.45,146.84,7.51,9.11,23.47,169.11,,,,,,,
2/14/64,5.82,6.74,78.13,147.24,7.51,9.10,23.72,179.50,,,,,,,
2/17/64,5.82,6.79,77.25,146.58,7.46,8.99,23.72,169.65,,,,,,,
2/18/64,5.90,6.74,76.92,146.84,7.41,8.98,23.76,172.94,,,,,,,
2/19/64,5.90,6.76,76.81,146.84,7.77,9.07,23.83,174.58,,,,,,,
2/20/64,5.85,6.72,76.92,147.24,7.81,9.15,24.16,171.84,,,,,,,
2/24/64,5.81,6.85,75.38,147.57,7.73,9.36,24.27,167.46,,,,,,,
2/25/64,5.79,6.72,74.94,151.09,7.62,9.33,24.12,171.57,,,,,,,
2/26/64,5.77,6.72,75.38,152.54,8.00,9.20,23.98,172.94,,,,,,,
2/27/64,5.80,6.64,75.49,150.16,7.63,9.20,23.90,168.56,,,,,,,
2/28/64,5.80,6.60,75.27,150.82,7.73,9.20,23.79,173.76,,,,,,,
3/2/64,5.85,6.56,75.71,149.63,7.70,9.19,23.58,177.86,,,,,,,
3/3/64,5.87,6.50,76.26,149.50,7.56,9.32,23.72,177.53,,,,,,,
3/4/64,5.88,6.40,76.70,147.90,7.53,9.30,23.87,175.89,,,,,,,
3/5/64,5.90,6.46,76.37,149.10,7.56,9.22,24.05,184.38,,,,,,,
3/6/64,5.92,6.56,76.48,150.56,7.68,9.20,24.09,188.22,,,,,,,
3/9/64,6.16,6.58,76.92,150.56,7.70,9.30,23.90,185.48,,,,,,,
3/10/64,6.21,6.60,78.62,150.69,7.56,9.23,24.27,192.33,,,,,,,
3/11/64,6.34,6.64,79.84,152.48,7.56,9.18,24.27,191.51,,,,,,,
3/12/64,6.52,6.64,79.61,155.06,7.49,9.19,24.60,191.51,,,,,,,
3/13/64,6.33,6.66,79.28,155.99,7.49,9.13,24.56,190.41,,,,,,,
3/16/64,6.20,6.88,79.28,154.93,7.39,9.22,24.82,188.77,,,,,,,
3/17/64,6.14,7.13,79.84,154.66,7.38,9.24,25.22,191.23,,,,,,,
3/18/64,6.10,7.38,78.84,153.67,7.48,9.50,25.14,190.68,,,,,,,
3/19/64,6.03,7.36,78.29,153.01,7.46,9.40,25.07,195.61,,,,,,,
3/20/64,6.00,7.19,77.40,152.28,7.43,9.30,25.00,193.97,,,,,,,
3/23/64,6.03,7.38,76.63,153.74,7.36,9.26,24.74,197.53,,,,,,,
3/24/64,6.04,7.44,75.97,154.27,7.38,9.22,24.78,193.70,,,,,,,
3/25/64,6.05,7.54,75.41,155.46,7.33,9.30,24.74,194.52,,,,,,,
3/26/64,6.00,7.56,76.63,155.99,7.31,9.35,24.78,192.33,,,,,,,
3/30/64,6.13,7.36,76.74,156.12,7.28,9.24,24.67,185.75,,,,,,,
3/31/64,6.19,7.19,77.18,157.51,7.19,9.13,24.67,187.40,,,,,,,
4/1/64,6.24,7.44,78.40,157.78,7.11,9.09,24.67,192.33,,,,,,,
4/2/64,6.31,7.48,77.85,158.51,7.19,9.09,24.67,192.60,,,,,,,
4/3/64,6.30,7.46,78.40,158.64,7.14,9.13,24.74,187.40,,,,,,,
4/6/64,6.31,7.46,78.07,158.24,7.16,9.16,24.60,188.22,,,,,,,
4/7/64,6.20,7.32,77.18,155.92,7.06,8.98,24.67,186.57,,,,,,,
4/8/64,6.27,7.32,77.29,154.93,7.06,8.97,24.49,196.16,,,,,,,
4/9/64,6.24,7.52,76.96,155.13,7.22,8.97,24.41,197.26,,,,,,,
4/10/64,6.23,7.81,76.52,158.18,7.09,8.81,24.27,195.07,,,,,,,
4/13/64,6.29,8.01,76.08,156.45,7.19,8.82,24.45,193.97,,,,,,,
4/14/64,6.25,7.97,75.85,155.33,7.19,8.93,24.63,199.45,,,,,,,
4/15/64,6.29,7.77,75.85,154.80,7.21,9.09,24.56,204.38,,,,,,,
4/16/64,6.30,7.67,75.74,154.33,7.36,9.13,24.49,207.40,,,,,,,
4/17/64,6.28,7.69,76.19,155.19,7.22,9.01,24.27,205.48,,,,,,,
4/20/64,6.31,7.79,76.41,154.27,7.19,9.07,24.34,204.66,,,,,,,
4/21/64,6.30,7.91,76.30,156.39,7.19,8.97,24.43,204.66,,,,,,,
4/22/64,6.25,7.81,76.08,157.45,7.16,9.09,23.99,208.22,,,,,,,
4/23/64,6.29,7.81,75.85,154.80,7.17,9.16,24.18,207.94,,,,,,,
4/24/64,6.25,7.64,75.08,154.53,7.11,9.01,24.10,205.75,,,,,,,
4/27/64,6.24,7.44,73.53,154.00,7.06,8.85,24.03,204.38,,,,,,,
4/28/64,6.26,7.52,74.42,154.66,7.02,8.83,23.74,210.41,,,,,,,
4/29/64,6.26,7.34,73.75,152.81,6.55,8.89,23.88,207.40,,,,,,,
4/30/64,6.23,7.34,72.87,151.15,6.69,8.82,23.81,206.57,,,,,,,
5/1/64,6.25,7.36,73.64,153.60,6.70,8.81,23.99,218.63,,,,,,,
5/4/64,6.23,7.56,73.64,154.80,6.75,8.81,24.18,214.79,,,,,,,
5/5/64,6.21,7.62,72.98,155.00,6.82,8.97,24.25,215.89,,,,,,,
5/6/64,6.20,7.67,73.09,154.80,6.86,9.09,24.03,213.97,,,,,,,
5/7/64,6.25,7.75,73.53,154.60,6.79,8.89,23.96,214.79,,,,,,,
5/8/64,6.29,7.73,73.31,154.93,6.77,8.93,24.14,214.79,,,,,,,
5/11/64,6.36,7.71,73.09,154.80,6.86,8.77,24.07,223.01,,,,,,,
5/12/64,6.44,7.42,71.32,155.46,6.86,8.73,23.96,232.33,,,,,,,
5/13/64,6.45,7.42,72.32,155.66,6.80,8.69,23.88,233.42,,,,,,,
5/14/64,6.44,7.36,73.75,154.93,6.86,8.71,23.70,240.55,,,,,,,
5/15/64,6.41,7.38,73.86,155.72,6.75,8.68,24.03,248.22,,,,,,,
5/18/64,6.46,7.07,74.20,156.72,6.73,8.54,23.70,256.44,,,,,,,
5/19/64,6.45,7.13,72.76,158.37,6.67,8.52,24.18,245.75,,,,,,,
5/20/64,6.37,7.15,73.09,160.78,6.67,8.54,24.18,246.57,,,,,,,
5/21/64,6.40,7.17,73.20,162.02,6.75,8.48,24.21,254.79,,,,,,,
5/22/64,6.41,7.27,73.20,162.68,6.75,8.50,23.99,257.81,,,,,,,
5/25/64,6.32,7.19,72.76,160.24,6.77,8.57,23.74,262.46,,,,,,,
5/26/64,6.32,7.09,71.76,159.74,6.74,8.53,23.99,261.37,,,,,,,
5/27/64,6.30,7.03,71.76,157.92,6.91,8.37,23.81,252.05,,,,,,,
5/28/64,6.29,6.97,71.65,159.08,6.77,8.25,23.52,252.60,,,,,,,
6/1/64,6.23,6.82,71.76,156.84,6.57,8.17,23.52,237.81,,,,,,,
6/2/64,6.18,6.76,71.10,157.59,6.47,8.22,23.66,236.26,,,,,,,
6/3/64,6.20,6.78,70.88,155.76,6.47,8.22,23.66,240.14,,,,,,,
6/4/64,6.15,6.68,69.99,153.03,6.57,8.11,23.55,236.82,,,,,,,
6/5/64,6.18,6.70,70.33,153.78,6.67,8.20,23.70,242.07,,,,,,,
6/8/64,6.16,6.58,70.33,152.78,6.72,8.25,23.63,242.35,,,,,,,
6/9/64,6.19,6.58,70.22,155.76,6.75,8.27,23.96,252.03,,,,,,,
6/10/64,6.26,6.60,70.22,154.77,6.72,8.24,23.70,257.29,,,,,,,
6/11/64,6.33,6.66,71.10,155.43,6.69,8.44,23.96,255.35,,,,,,,
6/12/64,6.36,6.55,70.77,156.59,6.60,8.71,24.10,257.29,,,,,,,
6/15/64,6.44,6.63,71.10,157.75,6.69,8.71,24.03,264.21,,,,,,,
6/16/64,6.48,6.76,70.59,158.83,6.80,8.62,24.03,267.25,,,,,,,
6/17/64,6.47,6.76,71.37,159.74,6.72,8.77,24.14,262.55,,,,,,,
6/18/64,6.46,6.86,71.14,158.25,6.79,8.62,24.03,260.61,,,,,,,
6/19/64,6.41,6.78,71.14,158.91,6.82,8.77,24.10,256.74,,,,,,,
6/22/64,6.50,6.72,71.14,159.33,6.80,8.65,23.92,253.97,,,,,,,
6/23/64,6.42,6.70,71.03,158.66,6.84,8.77,23.96,245.67,,,,,,,
6/24/64,6.46,6.59,70.59,159.49,6.80,8.80,24.21,253.97,,,,,,,
6/25/64,6.41,6.55,70.59,159.41,6.80,8.80,24.58,253.42,,,,,,,
6/26/64,6.42,6.51,70.37,158.42,6.78,8.80,24.62,257.57,,,,,,,
6/29/64,6.49,6.51,70.81,158.17,6.84,8.92,24.51,255.35,,,,,,,
6/30/64,6.51,6.47,71.03,158.08,6.84,8.80,24.25,254.52,,,,,,,
7/1/64,6.54,6.72,71.92,159.41,6.84,9.01,24.51,257.29,,,,,,,
7/2/64,6.52,6.84,73.15,160.40,6.86,8.98,24.62,255.91,,,,,,,
7/6/64,6.65,6.92,73.59,161.73,6.86,9.30,24.69,247.88,,,,,,,
7/7/64,6.81,7.00,73.26,162.72,6.86,9.39,24.91,253.42,,,,,,,
7/8/64,6.75,7.00,72.48,162.06,6.80,9.45,24.87,252.03,,,,,,,
7/9/64,6.73,6.96,73.04,161.65,6.89,9.42,24.76,251.76,,,,,,,
7/10/64,6.72,6.94,72.93,159.91,6.84,9.63,24.84,243.46,,,,,,,
7/13/64,6.75,7.13,73.93,159.58,6.84,9.89,24.76,250.65,,,,,,,
7/14/64,6.72,7.17,73.93,156.43,6.86,9.74,24.69,255.35,,,,,,,
7/15/64,6.75,7.25,74.48,158.08,6.84,9.80,24.25,257.84,,,,,,,
7/16/64,6.73,7.25,74.82,158.75,6.84,9.80,24.73,253.42,,,,,,,
7/17/64,6.75,7.19,75.93,158.75,6.87,9.89,25.09,251.76,,,,,,,
7/20/64,6.67,7.17,75.71,157.09,6.87,9.83,25.06,251.48,,,,,,,
7/21/64,6.68,7.15,75.71,156.51,6.84,9.80,25.30,254.52,,,,,,,
7/22/64,6.71,7.09,76.27,156.26,6.89,9.60,25.11,253.97,,,,,,,
7/23/64,6.71,6.98,75.38,155.76,6.87,9.42,25.26,256.18,,,,,,,
7/24/64,6.73,6.96,75.49,153.69,6.87,9.57,24.93,255.08,,,,,,,
7/27/64,6.75,6.98,73.82,152.95,6.86,9.60,25.07,249.54,,,,,,,
7/28/64,6.76,7.07,73.37,152.62,6.86,9.54,24.89,249.82,,,,,,,
7/29/64,6.78,6.92,74.04,153.98,6.87,9.48,25.00,247.05,,,,,,,
7/30/64,6.83,6.80,74.37,152.95,6.87,9.63,24.82,242.63,,,,,,,
7/31/64,6.83,6.80,74.26,153.11,6.82,9.77,24.82,230.73,,,,,,,
8/3/64,6.78,6.80,74.37,152.37,6.80,9.68,24.74,237.92,,,,,,,
8/4/64,6.70,6.59,73.93,147.27,6.67,9.45,24.67,232.39,,,,,,,
8/5/64,6.68,6.59,73.82,149.51,6.64,9.51,24.37,236.82,,,,,,,
8/6/64,6.57,6.53,73.04,147.44,6.60,9.45,24.23,232.67,,,,,,,
8/7/64,6.64,6.59,73.71,148.84,6.64,9.54,24.37,239.03,,,,,,,
8/10/64,6.68,6.55,72.81,148.84,6.64,9.57,24.26,239.58,,,,,,,
8/11/64,6.70,6.45,72.26,147.68,6.65,9.51,24.37,242.90,,,,,,,
8/12/64,6.83,6.53,72.59,148.68,6.62,9.65,24.52,247.05,,,,,,,
8/13/64,6.78,6.70,73.15,150.01,6.60,9.92,25.00,243.46,,,,,,,
8/14/64,6.72,6.67,72.70,148.18,6.62,10.04,24.85,239.03,,,,,,,
8/17/64,6.76,6.59,73.04,148.35,6.57,10.45,25.00,240.69,,,,,,,
8/18/64,6.85,6.59,73.82,148.43,6.64,10.42,25.11,240.14,,,,,,,
8/19/64,6.90,6.59,74.37,147.02,6.64,10.27,24.89,232.39,,,,,,,
8/20/64,6.88,6.53,74.48,143.87,6.67,9.98,25.04,229.07,,,,,,,
8/21/64,6.88,6.49,74.48,145.53,6.72,9.92,25.00,234.88,,,,,,,
8/24/64,6.86,6.67,74.26,144.25,6.74,9.95,24.93,231.28,,,,,,,
8/25/64,6.85,6.67,74.04,142.05,6.70,9.80,24.67,220.77,,,,,,,
8/26/64,6.85,6.63,73.04,141.80,6.70,9.54,24.74,219.94,,,,,,,
8/27/64,6.85,6.65,74.15,142.55,6.74,9.60,24.74,225.47,,,,,,,
8/28/64,6.83,6.78,74.93,145.12,6.75,9.54,24.89,224.64,,,,,,,
8/31/64,6.77,6.92,74.82,146.03,6.70,9.57,24.85,221.05,,,,,,,
9/1/64,6.77,7.15,75.71,146.19,6.69,9.39,24.63,222.10,,,,,,,
9/2/64,6.71,7.35,76.38,146.52,6.74,9.51,24.63,227.08,,,,,,,
9/3/64,6.77,7.35,77.38,147.27,6.74,9.60,24.52,234.01,,,,,,,
9/4/64,6.76,7.29,77.49,147.23,6.71,9.86,24.63,235.39,,,,,,,
9/8/64,6.81,7.15,77.60,145.94,6.79,10.02,24.56,229.85,,,,,,,
9/9/64,6.80,7.25,77.49,144.29,6.82,10.47,24.45,230.96,,,,,,,
9/10/64,6.72,7.31,78.05,141.26,6.79,10.14,24.41,236.50,,,,,,,
9/11/64,6.72,7.50,78.60,140.97,7.16,10.17,24.60,235.95,,,,,,,
9/14/64,6.67,7.50,78.38,136.58,7.09,10.23,24.63,236.50,,,,,,,
9/15/64,6.65,7.42,78.54,138.07,7.08,10.20,24.60,242.59,,,,,,,
9/16/64,6.72,7.38,78.54,141.43,7.06,10.29,24.49,250.90,,,,,,,
9/17/64,6.70,7.33,79.10,143.87,6.94,10.32,24.19,262.26,,,,,,,
9/18/64,6.70,7.44,77.98,141.05,6.82,10.56,24.37,260.59,,,,,,,
9/21/64,6.65,7.54,77.98,141.39,6.82,10.38,24.49,260.87,,,,,,,
9/22/64,6.62,7.75,78.31,141.05,6.81,10.41,24.49,262.26,,,,,,,
9/23/64,6.65,7.89,78.87,142.55,6.81,10.20,24.82,266.41,,,,,,,
9/24/64,6.67,7.79,79.55,143.21,6.77,10.38,24.74,274.16,,,,,,,
9/25/64,6.72,7.79,79.66,145.45,6.82,10.20,24.82,278.32,,,,,,,
9/28/64,6.76,7.79,80.22,144.29,6.81,10.29,24.89,282.47,,,,,,,
9/29/64,6.67,7.70,80.44,145.03,6.81,10.26,24.74,275.82,,,,,,,
9/30/64,6.72,7.66,80.11,144.70,6.84,10.23,24.96,270.01,,,,,,,
10/1/64,6.70,7.58,79.99,144.12,6.84,10.32,25.04,268.07,,,,,,,
10/2/64,6.72,7.56,80.22,143.54,6.81,10.38,25.19,280.81,,,,,,,
10/5/64,6.72,7.42,80.33,142.63,6.79,10.44,25.07,288.01,,,,,,,
10/6/64,6.71,7.42,80.11,140.89,6.92,10.32,25.04,282.47,,,,,,,
10/7/64,6.60,7.58,80.11,141.05,6.91,10.50,24.93,281.36,,,,,,,
10/8/64,6.66,7.62,80.11,142.05,6.87,10.79,24.93,291.06,,,,,,,
10/9/64,6.65,7.83,78.87,142.88,6.94,10.88,25.04,284.69,,,,,,,
10/12/64,6.57,7.91,77.98,141.88,6.94,10.94,24.78,286.63,,,,,,,
10/13/64,6.52,8.06,77.75,139.56,6.97,10.79,25.00,270.56,,,,,,,
10/14/64,6.58,8.03,77.87,139.89,6.99,10.67,24.93,258.65,,,,,,,
10/15/64,6.48,7.75,76.97,141.05,6.91,10.73,24.52,245.92,,,,,,,
10/16/64,6.57,8.12,77.64,142.88,6.97,10.76,25.04,256.72,,,,,,,
10/19/64,6.53,8.26,77.98,141.88,6.96,10.85,24.96,245.92,,,,,,,
10/20/64,6.56,8.28,78.54,140.64,7.06,10.91,24.69,242.87,,,,,,,
10/21/64,6.47,8.16,78.43,140.72,7.01,10.76,24.95,243.98,,,,,,,
10/22/64,6.51,8.16,79.32,140.23,6.97,10.62,25.17,243.15,,,,,,,
10/23/64,6.51,8.14,79.43,139.69,6.96,10.91,24.87,241.49,,,,,,,
10/26/64,6.55,8.10,79.21,137.57,7.03,10.91,24.80,228.75,,,,,,,
10/27/64,6.56,8.03,78.87,138.07,7.03,10.82,24.65,233.18,,,,,,,
10/28/64,6.55,8.08,78.65,138.90,7.03,10.70,24.58,235.12,,,,,,,
10/29/64,6.48,8.08,77.98,139.40,7.03,10.67,24.58,236.50,,,,,,,
10/30/64,6.50,7.95,78.43,139.23,7.09,10.67,24.72,237.05,,,,,,,
11/2/64,6.55,8.03,78.43,138.28,7.19,11.06,24.72,245.92,,,,,,,
11/4/64,6.56,7.95,78.43,138.28,7.19,11.15,24.58,242.04,,,,,,,
11/5/64,6.57,7.79,78.99,138.86,7.19,11.45,24.32,238.16,,,,,,,
11/6/64,6.56,7.70,79.32,138.78,7.09,11.24,24.39,237.33,,,,,,,
11/9/64,6.57,7.64,79.43,138.94,7.11,11.33,24.43,234.84,,,,,,,
11/10/64,6.53,7.79,78.43,138.94,7.13,11.36,24.09,234.84,,,,,,,
11/11/64,6.57,7.75,78.54,138.94,7.09,11.42,24.17,238.16,,,,,,,
11/12/64,6.76,7.75,79.21,139.11,7.23,11.30,24.13,232.35,,,,,,,
11/13/64,6.97,7.75,78.99,141.35,7.40,11.59,23.98,236.22,,,,,,,
11/16/64,6.76,7.83,79.10,143.25,7.30,11.48,23.84,230.41,,,,,,,
11/17/64,6.88,7.95,78.87,142.92,7.33,11.68,23.87,227.08,,,,,,,
11/18/64,6.90,7.99,80.33,139.60,7.33,11.53,23.87,229.85,,,,,,,
11/19/64,6.85,8.06,80.67,139.60,7.40,11.59,23.80,236.22,,,,,,,
11/20/64,6.87,7.95,81.56,141.18,7.50,11.53,24.09,236.50,,,,,,,
11/23/64,6.73,7.91,82.46,140.27,7.53,11.33,23.98,230.96,,,,,,,
11/24/64,6.75,7.85,82.35,138.94,7.57,11.51,23.84,230.41,,,,,,,
11/25/64,6.78,7.83,83.36,138.28,7.60,11.45,23.84,227.08,,,,,,,
11/27/64,6.71,7.75,83.69,138.11,7.62,11.09,23.80,220.99,,,,,,,
11/30/64,6.71,7.41,83.02,136.79,7.51,11.15,23.39,209.36,,,,,,,
12/1/64,6.76,7.18,81.34,135.13,7.40,11.36,23.43,209.64,,,,,,,
12/2/64,6.82,7.43,81.56,135.29,7.41,11.36,23.69,215.74,,,,,,,
12/3/64,6.86,7.43,82.01,136.79,7.45,11.45,24.02,219.90,,,,,,,
12/4/64,6.88,7.58,82.57,138.28,7.38,11.36,24.09,220.18,,,,,,,
12/7/64,6.92,7.64,83.13,138.11,7.29,11.42,24.28,213.24,,,,,,,
12/8/64,6.95,7.68,83.52,135.29,7.35,11.21,24.21,214.08,,,,,,,
12/9/64,6.93,7.56,82.84,135.00,7.38,11.39,24.24,212.97,,,,,,,
12/10/64,6.91,7.41,81.60,135.62,7.38,11.21,24.13,211.02,,,,,,,
12/11/64,6.95,7.35,81.71,137.03,7.38,11.18,23.98,211.30,,,,,,,
12/14/64,6.96,7.37,80.92,136.29,7.35,10.94,24.13,208.53,,,,,,,
12/15/64,6.97,7.31,81.04,136.16,7.26,10.79,23.98,217.68,,,,,,,
12/16/64,6.97,7.35,81.04,136.29,7.16,10.79,24.13,215.74,,,,,,,
12/17/64,6.96,7.56,81.15,136.95,7.21,11.03,24.28,226.00,,,,,,,
12/18/64,7.00,7.64,81.71,137.61,7.31,10.91,24.13,229.05,,,,,,,
12/21/64,7.01,7.47,82.95,137.61,7.35,11.12,24.06,224.06,,,,,,,
12/22/64,7.00,7.51,83.18,137.28,7.58,11.03,23.91,225.17,,,,,,,
12/23/64,7.00,7.72,82.73,136.29,7.68,11.27,24.24,220.73,,,,,,,
12/24/64,6.98,7.60,82.05,137.12,7.60,11.84,23.61,221.84,,,,,,,
12/28/64,6.93,7.56,81.60,136.87,7.61,11.69,23.47,221.84,,,,,,,
12/29/64,6.93,7.51,81.26,136.12,7.50,11.75,23.58,220.45,,,,,,,
12/30/64,7.01,7.51,81.60,136.37,7.46,11.84,24.06,221.56,,,,,,,
12/31/64,7.05,7.51,84.08,135.79,7.57,11.90,24.13,218.79,,,,,,,
1/4/65,7.00,7.64,82.16,134.34,7.53,11.63,24.06,216.85,,,,,,,
1/5/65,7.01,7.85,83.18,134.01,7.62,11.78,24.06,216.85,,,,,,,
1/6/65,6.96,8.01,83.63,135.54,7.75,11.81,23.84,210.47,,,,,,,
1/7/65,6.98,8.15,85.66,138.53,7.75,11.99,23.98,214.08,,,,,,,
1/8/65,6.98,7.97,84.98,140.93,7.87,12.29,24.02,219.90,,,,,,,
1/11/65,6.93,7.93,85.43,140.02,7.94,12.53,24.13,225.72,,,,,,,
1/12/65,6.98,7.95,86.22,140.35,8.07,12.89,24.24,226.28,,,,,,,
1/13/65,6.98,8.01,87.69,140.60,8.06,12.95,24.13,227.11,,,,,,,
1/14/65,6.98,8.01,88.47,141.93,7.92,12.59,24.28,224.06,,,,,,,
1/15/65,7.15,7.89,88.02,144.16,7.89,12.65,24.02,226.28,,,,,,,
1/18/65,7.16,7.93,87.35,145.99,7.91,12.56,24.21,234.04,,,,,,,
1/19/65,7.23,7.91,87.91,147.23,7.99,12.56,24.23,236.81,,,,,,,
1/20/65,7.21,7.89,87.46,147.15,7.94,12.35,24.27,234.60,,,,,,,
1/21/65,7.23,7.76,88.25,146.90,7.90,12.26,24.08,233.21,,,,,,,
1/22/65,7.33,7.76,88.14,148.14,7.96,12.41,23.86,237.09,,,,,,,
1/25/65,7.46,7.82,88.47,147.73,7.89,12.17,23.93,239.59,,,,,,,
1/26/65,7.48,7.85,87.80,146.98,7.99,12.26,23.86,240.14,,,,,,,
1/27/65,7.56,7.93,88.14,148.72,8.06,12.20,23.34,244.86,,,,,,,
1/28/65,7.62,7.93,88.81,148.89,8.19,12.23,23.15,248.18,,,,,,,
1/29/65,7.71,8.01,89.60,148.72,8.19,12.41,23.15,246.24,,,,,,,
2/1/65,7.64,8.26,89.38,147.73,8.29,12.59,23.04,245.13,,,,,,,
2/2/65,7.60,8.26,89.26,147.45,8.14,12.56,23.19,245.13,,,,,,,
2/3/65,7.55,8.49,89.94,146.70,8.11,12.44,23.38,248.18,,,,,,,
2/4/65,7.53,8.46,90.05,148.86,8.06,12.47,23.49,251.79,,,,,,,
2/5/65,7.45,8.36,88.93,147.78,8.24,12.44,23.41,248.18,,,,,,,
2/8/65,7.36,8.36,89.04,146.29,8.12,12.35,23.12,248.74,,,,,,,
2/9/65,7.46,8.75,89.15,148.11,8.12,12.26,23.04,254.56,,,,,,,
2/10/65,7.42,8.46,88.02,145.79,8.17,12.38,22.89,254.01,,,,,,,
2/11/65,7.38,8.42,86.56,145.95,8.11,12.29,22.56,250.68,,,,,,,
2/12/65,7.40,8.55,86.78,146.24,8.14,12.23,22.56,256.50,,,,,,,
2/15/65,7.42,8.59,86.67,143.63,8.16,12.17,22.37,259.55,,,,,,,
2/16/65,7.43,8.59,85.66,142.64,8.23,12.26,22.37,259.00,,,,,,,
2/17/65,7.43,8.59,86.78,143.47,8.17,12.20,22.41,264.54,,,,,,,
2/18/65,7.45,8.59,87.80,147.11,8.17,12.65,22.37,274.25,,,,,,,
2/19/65,7.46,8.67,87.23,148.44,8.38,12.59,22.41,272.03,,,,,,,
2/23/65,7.51,8.59,87.12,148.61,8.50,12.62,22.37,272.86,,,,,,,
2/24/65,7.60,8.88,88.25,149.11,8.64,12.56,22.52,283.68,,,,,,,
2/25/65,7.76,8.96,89.83,150.76,8.60,12.41,22.41,277.02,,,,,,,
2/26/65,7.89,9.08,90.05,151.18,8.45,12.38,22.45,276.74,,,,,,,
3/1/65,7.89,9.37,88.81,151.01,8.45,12.47,22.30,270.09,,,,,,,
3/2/65,7.91,9.41,90.28,151.26,8.53,12.47,22.22,272.42,,,,,,,
3/3/65,7.76,9.41,89.83,150.43,8.60,12.17,22.18,277.42,,,,,,,
3/4/65,7.76,9.35,89.71,148.86,8.55,12.17,22.04,275.48,,,,,,,
3/5/65,7.66,9.21,89.94,149.93,8.52,12.17,22.18,275.75,,,,,,,
3/8/65,7.65,9.17,89.49,150.68,8.48,12.41,22.11,277.70,,,,,,,
3/9/65,7.68,9.13,89.87,152.67,8.50,12.71,22.15,275.48,,,,,,,
3/10/65,7.65,9.17,89.87,151.59,8.45,12.80,22.33,274.64,,,,,,,
3/11/65,7.54,9.21,91.01,152.42,8.57,13.13,22.18,288.81,,,,,,,
3/12/65,7.60,9.31,92.93,154.08,8.60,13.10,22.33,285.75,,,,,,,
3/15/65,7.63,9.43,92.71,154.99,8.67,12.86,22.18,292.14,,,,,,,
3/16/65,7.60,9.45,92.82,153.91,8.59,12.65,22.04,288.53,,,,,,,
3/17/65,7.56,9.47,93.05,153.58,8.58,12.41,21.89,285.75,,,,,,,
3/18/65,7.55,9.47,93.16,154.08,8.57,12.71,21.74,289.36,,,,,,,
3/19/65,7.46,9.43,93.16,153.58,8.50,13.01,22.04,285.47,,,,,,,
3/22/65,7.45,9.41,92.71,153.75,8.50,12.89,22.00,276.03,,,,,,,
3/23/65,7.49,9.37,93.27,153.00,8.46,12.92,22.18,281.59,,,,,,,
3/24/65,7.50,9.27,94.18,152.26,8.45,12.92,22.11,278.81,,,,,,,
3/25/65,7.51,9.25,93.39,151.26,8.36,12.77,22.07,277.14,,,,,,,
3/26/65,7.49,9.16,90.67,148.94,8.36,12.59,22.00,262.43,,,,,,,
3/29/65,7.43,9.10,89.42,150.85,8.36,12.68,21.89,263.54,,,,,,,
3/30/65,7.40,8.98,89.99,150.85,8.36,12.71,21.85,271.31,,,,,,,
3/31/65,7.39,8.89,90.21,150.68,8.43,12.50,21.96,268.26,,,,,,,
4/1/65,7.35,8.89,90.67,151.18,8.47,12.50,21.81,274.37,,,,,,,
4/2/65,7.35,8.91,90.55,151.76,8.50,12.59,21.85,277.98,,,,,,,
4/5/65,7.35,9.00,90.89,152.42,8.53,12.74,21.96,273.81,,,,,,,
4/6/65,7.40,8.85,91.57,151.43,8.57,12.65,21.78,278.81,,,,,,,
4/7/65,7.46,8.69,91.57,151.26,8.57,12.65,21.66,283.25,,,,,,,
4/8/65,7.63,8.77,92.82,151.92,8.53,13.04,21.59,285.47,,,,,,,
4/9/65,7.90,8.77,93.05,155.91,8.64,13.01,21.66,285.20,,,,,,,
4/12/65,7.88,8.98,92.59,155.74,8.91,13.04,21.66,289.36,,,,,,,
4/13/65,7.87,9.10,92.93,156.57,8.84,13.13,21.55,288.53,,,,,,,
4/14/65,7.90,9.16,93.16,156.73,9.01,13.25,21.51,286.58,,,,,,,
4/15/65,7.90,9.16,93.39,156.57,9.15,13.07,21.55,285.47,,,,,,,
4/19/65,7.92,9.10,93.27,158.89,9.11,13.13,21.48,293.25,,,,,,,
4/20/65,7.89,9.14,92.71,158.72,8.99,13.19,21.32,296.58,,,,,,,
4/21/65,8.00,9.27,93.05,158.06,8.99,13.31,21.35,291.58,,,,,,,
4/22/65,8.00,9.22,93.39,159.06,9.01,13.79,21.28,301.86,,,,,,,
4/23/65,7.95,9.16,93.27,159.31,9.01,13.97,21.17,302.97,,,,,,,
4/26/65,7.89,9.22,93.16,158.89,8.87,14.09,21.09,305.47,,,,,,,
4/27/65,7.94,9.25,93.27,158.89,8.87,14.31,21.47,304.08,,,,,,,
4/28/65,7.94,9.16,92.25,158.89,8.81,14.25,21.88,302.97,,,,,,,
4/29/65,7.95,9.20,94.07,159.22,8.74,13.91,21.95,299.64,,,,,,,
4/30/65,7.94,9.10,94.52,160.88,8.77,13.67,22.63,301.86,,,,,,,
5/3/65,8.08,9.12,95.31,160.38,8.72,13.85,22.44,301.03,,,,,,,
5/4/65,8.16,9.14,95.88,160.76,8.87,13.94,22.37,303.80,,,,,,,
5/5/65,8.28,9.10,96.11,160.93,8.99,13.73,22.29,303.80,,,,,,,
5/6/65,8.33,9.31,96.45,162.59,9.04,13.82,22.18,303.80,,,,,,,
5/7/65,8.36,9.35,95.43,160.93,9.03,13.91,22.25,303.52,,,,,,,
5/10/65,8.48,9.41,95.88,158.94,8.98,13.85,22.18,306.02,,,,,,,
5/11/65,8.43,9.33,95.99,159.27,8.98,13.82,22.14,309.63,,,,,,,
5/12/65,8.46,9.35,96.11,160.89,8.98,13.76,22.10,308.80,,,,,,,
5/13/65,8.46,9.37,96.33,160.60,9.08,13.76,22.22,306.58,,,,,,,
5/14/65,8.51,9.47,96.11,159.77,8.98,13.88,22.29,302.41,,,,,,,
5/17/65,8.56,9.60,94.52,157.45,9.04,13.76,22.22,298.80,,,,,,,
5/18/65,8.55,9.68,94.86,157.94,9.13,13.52,22.25,306.02,,,,,,,
5/19/65,8.56,9.68,94.75,158.61,9.27,13.25,22.40,313.80,,,,,,,
5/20/65,8.41,9.60,93.39,156.95,9.29,13.25,22.48,311.30,,,,,,,
5/21/65,8.26,9.49,93.39,155.62,9.20,13.37,22.55,312.13,,,,,,,
5/24/65,8.13,9.35,91.69,152.64,9.13,13.19,22.44,310.74,,,,,,,
5/25/65,8.26,9.43,92.25,156.29,9.22,13.16,22.44,322.13,,,,,,,
5/26/65,8.18,9.35,92.48,154.96,9.17,13.16,22.33,318.80,,,,,,,
5/27/65,8.03,9.22,92.71,154.79,9.00,13.22,22.14,313.80,,,,,,,
5/28/65,7.93,9.35,93.73,158.61,9.12,13.19,22.14,325.74,,,,,,,
6/1/65,7.94,9.31,93.16,155.46,9.18,13.19,22.10,329.08,,,,,,,
6/2/65,7.88,9.06,91.91,157.61,9.00,13.01,21.88,323.79,,,,,,,
6/3/65,7.93,9.06,91.23,156.29,9.00,13.07,21.50,324.07,,,,,,,
6/4/65,8.00,9.02,91.12,157.45,8.89,12.89,21.69,337.97,,,,,,,
6/7/65,7.92,9.02,91.69,157.28,8.76,12.68,22.03,334.36,,,,,,,
6/8/65,7.85,8.69,89.99,155.46,8.52,12.65,21.80,327.41,,,,,,,
6/9/65,7.74,8.73,88.29,152.14,8.47,12.71,21.73,321.29,,,,,,,
6/10/65,7.76,8.60,87.04,150.31,8.40,12.56,21.62,319.90,,,,,,,
6/11/65,7.82,8.62,87.61,150.89,8.45,13.01,21.65,317.96,,,,,,,
6/14/65,7.90,8.33,86.70,149.98,8.33,12.74,21.58,304.89,,,,,,,
6/15/65,7.90,8.58,87.77,152.05,8.21,13.31,21.73,317.96,,,,,,,
6/16/65,8.00,8.58,88.68,151.64,8.28,13.62,21.58,312.96,,,,,,,
6/17/65,8.19,8.52,89.37,153.55,8.32,13.59,21.58,313.51,,,,,,,
6/18/65,8.10,8.45,88.46,153.46,8.52,13.65,21.62,313.51,,,,,,,
6/21/65,8.00,8.35,89.25,152.80,8.62,13.74,21.58,317.96,,,,,,,
6/22/65,8.00,8.29,89.03,152.14,8.69,13.68,21.47,325.18,,,,,,,
6/23/65,7.92,8.10,89.03,151.81,8.64,13.47,21.39,319.90,,,,,,,
6/24/65,7.69,7.92,86.97,151.14,8.55,13.19,21.35,307.95,,,,,,,
6/25/65,7.52,7.87,85.61,148.24,8.45,13.22,21.32,304.62,,,,,,,
6/28/65,7.52,7.71,83.44,146.83,8.28,13.25,21.35,307.67,,,,,,,
6/29/65,7.62,7.58,85.49,149.32,8.37,13.04,21.28,313.51,,,,,,,
6/30/65,7.78,7.92,87.43,151.97,8.47,13.16,21.65,314.07,,,,,,,
7/1/65,7.73,8.00,88.23,152.97,8.47,13.56,21.73,321.02,,,,,,,
7/2/65,7.76,8.08,89.60,154.13,8.52,13.53,21.69,324.07,,,,,,,
7/6/65,7.72,8.16,89.94,152.88,8.45,13.50,21.88,320.18,,,,,,,
7/7/65,7.76,8.25,89.94,151.97,8.49,13.28,21.88,320.46,,,,,,,
7/8/65,7.83,8.41,91.19,154.96,8.52,13.89,22.18,333.52,,,,,,,
7/9/65,7.83,8.50,92.10,155.87,8.64,13.92,22.37,338.25,,,,,,,
7/12/65,7.77,8.39,90.74,154.96,8.69,14.34,22.33,333.52,,,,,,,
7/13/65,7.73,8.50,90.28,154.63,8.66,14.40,22.22,336.86,,,,,,,
7/14/65,7.74,8.45,91.65,156.04,8.72,14.16,22.44,346.31,,,,,,,
7/15/65,7.80,8.41,91.19,156.53,8.83,14.13,22.22,341.30,,,,,,,
7/16/65,7.67,8.41,91.08,157.45,8.86,14.01,21.92,339.08,,,,,,,
7/19/65,7.62,8.45,89.37,157.45,8.88,13.80,21.99,338.25,,,,,,,
7/20/65,7.56,8.41,87.89,154.67,8.74,13.56,21.90,329.08,,,,,,,
7/21/65,7.49,8.33,88.11,153.63,8.85,13.41,21.53,322.41,,,,,,,
7/22/65,7.52,8.29,89.14,152.97,8.88,13.38,22.09,326.02,,,,,,,
7/23/65,7.54,8.29,89.82,154.63,8.95,13.31,22.02,329.08,,,,,,,
7/26/65,7.64,8.31,89.25,154.54,9.06,13.44,21.87,335.47,,,,,,,
7/27/65,7.76,8.25,89.03,153.96,9.10,13.44,21.94,329.35,,,,,,,
7/28/65,7.72,8.25,90.74,156.45,9.13,13.41,21.94,336.58,,,,,,,
7/29/65,7.80,8.29,91.53,157.78,9.20,13.56,22.17,344.64,,,,,,,
7/30/65,7.80,8.50,91.76,158.94,9.43,13.65,22.21,343.81,,,,,,,
8/2/65,7.85,8.37,91.76,158.03,9.63,13.65,22.24,342.42,,,,,,,
8/3/65,7.87,8.58,93.47,159.28,9.75,13.77,22.24,351.31,,,,,,,
8/4/65,7.85,8.50,93.47,160.90,9.88,13.68,22.09,357.15,,,,,,,
8/5/65,7.76,8.50,93.02,159.82,10.22,13.56,22.09,356.87,,,,,,,
8/6/65,7.69,8.45,94.38,160.48,10.21,13.56,22.17,364.10,,,,,,,
8/9/65,7.67,8.45,92.90,160.65,10.00,13.53,21.94,363.82,,,,,,,
8/10/65,7.64,8.54,93.24,160.15,9.92,13.47,21.72,366.32,,,,,,,
8/11/65,7.73,8.45,94.61,160.65,10.00,13.44,21.60,370.49,,,,,,,
8/12/65,7.72,8.50,95.64,162.48,10.09,13.44,21.68,368.54,,,,,,,
8/13/65,7.85,8.54,95.18,163.47,10.09,13.28,21.94,370.21,,,,,,,
8/16/65,7.95,8.60,93.70,163.39,10.07,13.44,21.72,366.87,,,,,,,
8/17/65,8.01,8.60,94.16,162.89,10.09,13.59,21.64,373.55,,,,,,,
8/18/65,8.09,8.56,93.93,163.55,10.04,13.77,21.49,373.55,,,,,,,
8/19/65,8.05,8.54,93.24,162.64,10.11,13.83,21.41,364.10,,,,,,,
8/20/65,7.90,8.56,92.90,163.30,10.11,13.86,21.45,360.20,,,,,,,
8/23/65,7.87,8.50,92.33,164.30,10.19,13.92,21.41,363.82,,,,,,,
8/24/65,7.80,8.45,92.79,166.54,10.26,14.22,21.38,368.26,,,,,,,
8/25/65,7.77,8.25,94.04,165.63,10.28,14.19,21.26,375.49,,,,,,,
8/26/65,7.77,8.29,95.75,165.71,10.28,14.34,21.26,374.38,,,,,,,
8/27/65,7.97,8.16,95.07,166.13,10.31,14.40,21.56,375.77,,,,,,,
8/30/65,7.97,8.12,96.66,166.04,10.24,14.53,21.64,378.83,,,,,,,
8/31/65,7.95,8.12,95.41,165.63,10.24,14.86,21.53,378.94,,,,,,,
9/1/65,7.77,8.06,94.73,165.96,10.26,15.16,21.45,377.27,,,,,,,
9/2/65,7.69,8.10,96.21,166.54,10.24,15.58,21.45,378.94,,,,,,,
9/3/65,7.82,8.12,98.26,167.29,10.24,15.71,21.45,378.94,,,,,,,
9/7/65,7.88,8.06,98.03,167.04,10.26,16.16,21.64,386.73,,,,,,,
9/8/65,7.85,8.08,99.06,166.62,10.24,15.80,21.60,391.46,,,,,,,
9/9/65,7.81,8.02,98.60,167.37,10.24,15.80,21.68,398.41,,,,,,,
9/10/65,7.86,7.97,99.86,167.21,10.24,15.55,21.45,397.30,,,,,,,
9/13/65,7.94,8.14,101.45,169.61,10.24,15.46,21.41,408.99,,,,,,,
9/14/65,7.86,8.18,100.99,169.11,10.21,15.40,21.60,403.98,,,,,,,
9/15/65,7.86,8.31,101.22,169.03,10.24,15.46,21.79,406.48,,,,,,,
9/16/65,7.97,8.18,102.48,169.94,10.26,15.37,21.83,410.10,,,,,,,
9/17/65,8.00,8.26,102.13,170.86,10.24,15.43,21.83,409.82,,,,,,,
9/20/65,8.03,8.35,103.27,169.94,10.33,15.49,21.64,407.87,,,,,,,
9/21/65,8.02,8.22,103.41,170.77,10.42,15.43,21.49,403.42,,,,,,,
9/22/65,8.04,8.31,104.44,171.44,10.48,15.58,21.56,397.58,,,,,,,
9/23/65,8.02,8.22,102.84,171.11,10.72,15.16,21.19,381.44,,,,,,,
9/24/65,8.02,8.18,105.59,169.94,10.94,15.25,21.34,383.39,,,,,,,
9/27/65,8.09,8.14,109.95,171.11,11.54,15.61,21.23,389.51,,,,,,,
9/28/65,8.07,8.14,107.77,170.28,11.56,15.37,21.49,379.49,,,,,,,
9/29/65,7.97,8.06,108.11,169.78,11.20,14.92,21.49,369.48,,,,,,,
9/30/65,7.99,8.31,107.31,170.11,11.20,14.89,21.64,375.60,,,,,,,
10/1/65,7.84,8.31,107.20,168.28,11.12,14.79,21.38,378.10,,,,,,,
10/4/65,7.90,8.31,106.16,169.03,11.12,14.73,21.41,391.18,,,,,,,
10/5/65,7.99,8.18,108.00,169.78,11.22,15.07,21.53,394.24,,,,,,,
10/6/65,7.89,8.10,108.92,170.44,11.22,14.95,21.60,391.18,,,,,,,
10/7/65,7.89,8.18,108.23,169.61,11.13,15.13,21.34,391.74,,,,,,,
10/8/65,8.07,8.26,107.65,170.94,11.03,15.10,21.64,395.63,,,,,,,
10/11/65,7.94,8.31,108.34,172.27,11.10,15.07,21.60,412.88,,,,,,,
10/12/65,7.90,8.20,108.11,170.86,11.00,15.25,21.68,415.66,,,,,,,
10/13/65,7.84,8.26,107.77,171.27,10.84,15.19,21.53,417.33,,,,,,,
10/14/65,7.89,8.22,105.59,170.94,10.72,15.07,21.19,420.39,,,,,,,
10/15/65,7.99,8.51,105.82,171.85,10.64,15.19,21.19,414.83,,,,,,,
10/18/65,7.94,8.56,106.05,172.76,10.69,15.25,21.49,419.56,,,,,,,
10/19/65,7.89,8.51,106.39,173.18,10.65,15.28,21.48,416.22,,,,,,,
10/20/65,7.86,8.47,107.54,175.09,10.69,15.43,21.29,410.65,,,,,,,
10/21/65,7.94,8.56,107.20,175.09,10.72,15.55,21.25,403.14,,,,,,,
10/22/65,7.88,8.56,108.00,175.59,10.65,15.64,21.21,392.85,,,,,,,
10/25/65,7.81,8.89,107.20,175.09,10.50,15.55,21.10,395.91,,,,,,,
10/26/65,7.89,9.07,108.00,173.93,10.45,15.52,21.17,398.13,,,,,,,
10/27/65,7.88,8.80,108.00,176.08,10.28,15.98,21.21,399.80,,,,,,,
10/28/65,7.86,8.76,108.46,176.42,10.07,16.28,21.40,393.96,,,,,,,
10/29/65,7.86,8.78,108.46,176.91,10.28,16.92,21.33,388.95,,,,,,,
11/1/65,7.84,8.78,107.54,176.96,10.26,16.89,21.36,387.84,,,,,,,
11/3/65,7.88,8.76,107.65,177.59,10.24,16.92,21.29,387.84,,,,,,,
11/4/65,7.94,8.72,107.54,178.46,10.26,17.22,21.36,395.07,,,,,,,
11/5/65,8.04,8.68,106.97,178.13,10.23,17.32,21.48,393.96,,,,,,,
11/8/65,8.04,8.64,106.16,178.79,10.07,16.95,21.33,388.40,,,,,,,
11/9/65,8.04,8.68,104.56,176.80,10.06,16.89,21.40,393.68,,,,,,,
11/10/65,8.12,9.01,106.05,177.05,10.07,17.10,21.33,391.18,,,,,,,
11/11/65,8.14,9.39,106.85,177.46,10.14,16.83,21.25,390.34,,,,,,,
11/12/65,8.19,9.45,107.31,178.62,10.21,17.04,21.21,391.74,,,,,,,
11/15/65,8.32,9.47,105.13,178.79,10.19,16.86,21.36,411.77,,,,,,,
11/16/65,8.26,9.14,105.82,180.20,10.21,16.56,21.25,420.67,,,,,,,
11/17/65,8.25,9.07,106.51,181.28,10.19,16.28,21.21,412.32,,,,,,,
11/18/65,8.09,9.26,105.13,180.12,10.30,16.28,21.52,424.01,,,,,,,
11/19/65,8.25,9.16,105.13,180.12,10.45,16.68,21.36,418.17,,,,,,,
11/22/65,8.13,9.18,104.10,179.45,10.95,16.74,21.33,413.99,,,,,,,
11/23/65,8.25,9.14,104.33,177.79,11.19,16.74,21.40,420.67,,,,,,,
11/24/65,8.22,9.07,103.41,177.79,11.03,16.59,21.52,424.01,,,,,,,
11/26/65,8.33,8.86,104.56,177.79,11.17,16.71,21.48,432.91,,,,,,,
11/29/65,8.26,8.70,104.90,175.30,11.29,16.77,21.63,435.42,,,,,,,
11/30/65,8.31,8.59,104.33,174.31,11.29,16.65,21.71,436.36,,,,,,,
12/1/65,8.25,8.63,104.33,171.32,11.31,16.28,21.74,441.10,,,,,,,
12/2/65,8.19,8.72,105.25,166.51,11.33,16.65,21.78,439.98,,,,,,,
12/3/65,8.24,8.86,105.36,168.17,11.46,16.40,21.78,443.88,,,,,,,
12/6/65,8.24,8.95,104.44,166.67,11.31,16.28,21.63,433.58,,,,,,,
12/7/65,8.20,9.03,105.85,168.83,11.31,16.52,21.63,445.83,,,,,,,
12/8/65,8.21,9.15,105.16,169.83,11.29,16.89,21.36,439.98,,,,,,,
12/9/65,8.29,9.40,104.70,171.24,11.27,17.26,21.06,446.11,,,,,,,
12/10/65,8.39,9.55,104.24,171.98,11.24,17.53,21.33,447.78,,,,,,,
12/13/65,8.42,9.69,104.70,171.49,11.27,17.56,21.21,464.21,,,,,,,
12/14/65,8.49,9.94,105.27,168.17,11.48,18.18,20.98,472.84,,,,,,,
12/15/65,8.49,9.74,105.27,164.35,11.91,17.90,20.87,474.79,,,,,,,
12/16/65,8.58,9.67,105.74,165.68,11.94,18.08,20.80,473.12,,,,,,,
12/17/65,8.67,9.55,104.47,165.51,11.92,18.05,20.83,470.62,,,,,,,
12/20/65,8.70,9.55,104.47,166.59,11.80,18.11,20.80,464.49,,,,,,,
12/21/65,8.80,9.65,104.35,168.25,11.72,18.24,20.80,460.31,,,,,,,
12/22/65,8.90,9.76,105.39,167.92,11.63,18.11,21.06,456.97,,,,,,,
12/23/65,8.99,9.65,106.77,165.68,11.55,17.50,21.10,456.69,,,,,,,
12/27/65,9.29,9.65,106.66,166.01,11.63,17.29,20.87,439.98,,,,,,,
12/28/65,9.06,9.61,107.00,166.75,11.56,17.50,20.95,456.41,,,,,,,
12/29/65,9.03,9.65,107.81,165.34,11.55,17.29,20.95,456.13,,,,,,,
12/30/65,8.88,9.94,109.77,166.01,11.59,17.20,20.95,450.29,,,,,,,
12/31/65,8.80,9.86,108.85,165.68,11.79,17.26,21.06,450.01,,,,,,,
1/3/66,8.88,9.94,107.81,163.85,11.98,17.56,20.95,441.65,,,,,,,
1/4/66,8.83,9.94,107.81,163.35,11.89,17.75,20.83,441.10,,,,,,,
1/5/66,8.83,9.94,108.62,164.43,12.04,17.81,20.95,441.10,,,,,,,
1/6/66,8.80,10.03,110.00,165.34,11.91,17.78,20.91,442.21,,,,,,,
1/7/66,8.85,9.94,110.35,165.26,11.89,17.56,20.87,442.77,,,,,,,
1/10/66,8.78,9.96,110.12,164.76,11.91,17.63,20.76,444.44,,,,,,,
1/11/66,8.83,9.96,110.00,165.26,11.92,17.96,20.80,447.22,,,,,,,
1/12/66,8.75,9.86,109.54,164.51,11.94,18.36,20.83,453.35,,,,,,,
1/13/66,8.72,9.78,107.47,165.51,11.98,18.24,20.87,461.15,,,,,,,
1/14/66,8.70,9.86,108.04,164.68,12.01,18.15,20.80,470.06,,,,,,,
1/17/66,8.70,9.99,107.35,163.52,12.35,17.96,20.87,487.32,,,,,,,
1/18/66,8.89,9.94,107.47,160.53,12.54,17.96,21.10,482.03,,,,,,,
1/19/66,8.85,9.65,107.12,158.87,12.61,17.75,20.91,477.86,,,,,,,
1/20/66,8.93,9.69,107.23,160.53,12.54,17.59,20.76,478.41,,,,,,,
1/21/66,9.08,9.88,108.39,163.02,12.45,17.63,20.49,485.37,,,,,,,
1/24/66,8.90,10.03,107.58,164.01,12.52,17.69,20.83,481.20,,,,,,,
1/25/66,8.98,10.07,108.39,168.83,12.66,17.69,20.99,482.31,,,,,,,
1/26/66,8.84,10.07,108.04,168.00,12.66,17.50,21.10,483.98,,,,,,,
1/27/66,8.84,9.99,107.00,166.84,12.80,17.32,21.33,488.44,,,,,,,
1/28/66,8.94,9.86,105.62,165.01,12.80,17.26,21.37,490.11,,,,,,,
1/31/66,8.78,10.03,105.85,164.68,12.80,17.29,21.25,483.98,,,,,,,
2/1/66,8.98,9.78,103.08,163.35,12.76,17.23,21.25,476.74,,,,,,,
2/2/66,8.93,9.82,104.93,162.69,12.78,17.07,21.37,476.46,,,,,,,
2/3/66,8.80,9.82,104.93,164.76,12.80,16.86,20.95,484.54,,,,,,,
2/4/66,8.88,9.84,105.04,165.18,12.97,16.92,21.25,498.74,,,,,,,
2/7/66,8.88,9.69,104.58,166.75,13.12,16.80,21.10,507.37,,,,,,,
2/8/66,8.72,9.69,103.78,168.76,13.26,16.86,21.02,522.41,,,,,,,
2/9/66,8.76,9.92,102.97,170.12,13.63,17.11,20.95,536.61,,,,,,,
2/10/66,8.67,9.96,102.97,171.70,13.69,17.87,20.95,536.89,,,,,,,
2/11/66,8.72,9.99,102.16,174.28,13.48,18.33,20.79,532.99,,,,,,,
2/14/66,8.72,9.99,102.62,172.53,13.21,18.64,20.41,534.11,,,,,,,
2/15/66,8.66,9.96,103.31,170.46,13.14,18.85,20.41,538.56,,,,,,,
2/16/66,8.65,9.80,104.93,172.12,13.31,18.70,20.41,536.06,,,,,,,
2/17/66,8.55,9.65,104.81,170.75,13.34,18.48,20.30,526.31,,,,,,,
2/18/66,8.44,9.57,104.24,170.21,13.41,18.45,20.03,520.18,,,,,,,
2/21/66,8.42,9.59,101.93,169.38,13.42,18.36,20.18,514.61,,,,,,,
2/23/66,8.42,9.49,102.62,168.38,13.33,18.30,20.07,505.70,,,,,,,
2/24/66,8.34,9.24,101.47,168.22,13.14,18.24,19.88,505.70,,,,,,,
2/25/66,8.19,9.30,101.70,170.04,13.08,18.11,19.88,515.17,,,,,,,
2/28/66,8.14,9.15,100.55,171.04,13.01,17.93,19.72,524.36,,,,,,,
3/1/66,7.93,8.99,99.74,167.72,12.42,17.56,19.11,508.31,,,,,,,
3/2/66,7.82,8.90,99.05,165.89,12.39,17.69,19.27,495.49,,,,,,,
3/3/66,7.92,8.84,99.97,167.14,12.46,17.56,19.15,506.64,,,,,,,
3/4/66,7.88,8.99,99.97,167.55,12.39,17.63,19.27,499.39,,,,,,,
3/7/66,7.87,8.82,98.24,165.23,12.11,17.50,19.00,486.57,,,,,,,
3/8/66,8.06,8.82,100.58,165.06,11.94,17.39,18.65,492.14,,,,,,,
3/9/66,8.08,8.92,100.82,168.22,12.01,17.52,19.27,502.46,,,,,,,
3/10/66,7.96,8.86,101.16,167.22,12.08,17.70,19.34,506.36,,,,,,,
3/11/66,7.97,8.80,101.74,166.06,12.05,17.39,19.27,508.59,,,,,,,
3/14/66,7.89,8.80,99.54,165.97,11.94,17.45,19.34,500.50,,,,,,,
3/15/66,7.95,8.75,100.12,165.56,11.87,17.33,19.34,496.32,,,,,,,
3/16/66,8.01,8.80,101.05,166.89,11.87,17.39,19.11,508.31,,,,,,,
3/17/66,8.08,8.75,101.98,166.06,11.94,17.79,19.27,515.00,,,,,,,
3/18/66,8.17,9.17,101.86,165.72,12.01,18.38,20.03,518.90,,,,,,,
3/21/66,8.19,9.21,102.21,169.05,12.08,18.41,19.99,531.72,,,,,,,
3/22/66,8.26,9.30,102.21,170.04,12.06,18.19,20.03,538.68,,,,,,,
3/23/66,8.37,9.21,101.63,170.04,11.87,18.28,20.18,540.08,,,,,,,
3/24/66,8.33,9.30,101.74,171.70,12.01,18.01,20.18,566.27,,,,,,,
3/25/66,8.31,9.05,101.86,174.36,12.15,18.25,20.14,566.83,,,,,,,
3/28/66,8.26,8.75,102.67,172.95,12.49,18.34,20.30,559.03,,,,,,,
3/29/66,8.33,8.80,102.44,172.37,12.60,18.38,20.41,555.68,,,,,,,
3/30/66,8.47,8.80,101.63,169.71,12.56,18.62,20.11,547.32,,,,,,,
3/31/66,8.65,8.84,101.63,171.37,12.73,18.99,20.18,548.16,,,,,,,
4/1/66,8.65,8.75,101.86,173.03,12.84,19.02,20.18,550.11,,,,,,,
4/4/66,8.60,8.86,101.05,174.03,12.90,18.87,20.11,547.32,,,,,,,
4/5/66,8.60,9.09,101.05,175.69,12.77,18.50,20.22,538.41,,,,,,,
4/6/66,8.67,9.13,100.58,176.35,12.66,18.38,20.11,556.24,,,,,,,
4/7/66,8.47,9.17,101.28,179.34,12.77,18.78,20.22,557.08,,,,,,,
4/11/66,8.34,9.21,100.70,182.70,12.84,19.17,20.22,581.32,,,,,,,
4/12/66,8.31,9.00,100.70,179.01,12.84,19.36,19.80,573.80,,,,,,,
4/13/66,8.35,9.00,101.40,180.17,12.87,19.33,19.76,572.40,,,,,,,
4/14/66,8.34,9.09,102.44,186.07,12.94,19.36,19.65,577.42,,,,,,,
4/15/66,8.55,9.67,102.79,183.66,12.97,19.33,19.65,577.70,,,,,,,
4/18/66,8.47,9.67,102.32,181.67,12.96,18.93,19.61,571.29,,,,,,,
4/19/66,8.35,9.55,103.60,181.00,12.84,18.87,19.34,576.86,,,,,,,
4/20/66,8.29,9.46,106.38,182.00,12.87,18.65,19.42,575.47,,,,,,,
4/21/66,8.31,9.25,109.52,184.32,12.92,18.62,19.03,579.93,,,,,,,
4/22/66,8.34,9.42,109.05,184.32,12.87,18.50,19.22,575.19,,,,,,,
4/25/66,8.42,9.25,108.24,179.67,12.77,18.53,18.80,572.96,,,,,,,
4/26/66,8.22,9.34,108.47,184.32,12.78,18.56,18.80,564.60,,,,,,,
4/27/66,8.24,9.46,109.40,186.32,12.85,18.53,18.95,559.03,,,,,,,
4/28/66,8.19,9.44,108.01,184.32,12.82,18.56,18.92,555.68,,,,,,,
4/29/66,8.03,9.53,106.62,185.15,12.87,18.50,19.03,562.93,,,,,,,
5/2/66,8.03,9.50,104.76,185.98,13.14,18.34,19.11,564.04,,,,,,,
5/3/66,8.06,9.30,104.88,185.07,13.03,18.50,19.34,552.90,,,,,,,
5/4/66,8.01,9.25,103.48,182.16,12.90,18.16,19.03,556.24,,,,,,,
5/5/66,7.90,9.00,103.72,178.68,12.87,17.76,18.95,537.29,,,,,,,
5/6/66,8.06,9.00,102.79,176.19,12.70,17.45,19.26,527.26,,,,,,,
5/9/66,7.97,8.75,100.24,172.78,12.60,17.24,19.30,512.49,,,,,,,
5/10/66,8.08,8.80,101.16,174.19,12.53,17.95,19.46,530.04,,,,,,,
5/11/66,8.08,8.75,101.16,176.44,12.36,17.82,19.42,528.37,,,,,,,
5/12/66,8.01,8.67,99.19,174.03,12.22,18.07,19.11,522.24,,,,,,,
5/13/66,7.95,8.75,96.99,172.37,12.01,17.58,18.92,507.75,,,,,,,
5/16/66,7.98,8.67,96.76,172.70,11.69,17.52,18.65,494.93,,,,,,,
5/17/66,7.90,8.38,95.13,171.54,11.42,17.45,18.80,468.18,,,,,,,
5/18/66,8.02,8.55,97.34,175.85,11.66,17.82,19.26,503.85,,,,,,,
5/19/66,7.90,8.55,97.45,180.40,11.73,18.01,19.26,503.85,,,,,,,
5/20/66,7.93,8.48,97.92,179.71,11.56,17.52,19.11,519.46,,,,,,,
5/23/66,7.98,8.52,96.29,183.33,11.45,18.13,19.53,538.96,,,,,,,
5/24/66,8.03,8.63,99.42,185.87,11.59,18.07,19.73,553.17,,,,,,,
5/25/66,8.01,8.67,99.31,184.88,11.85,18.44,19.80,559.03,,,,,,,
5/26/66,8.08,8.55,99.77,185.13,11.85,18.47,19.53,555.13,,,,,,,
5/27/66,8.12,8.63,98.38,184.88,11.73,18.34,19.73,566.27,,,,,,,
5/31/66,8.16,8.55,96.64,180.77,11.80,18.16,19.73,540.05,,,,,,,
6/1/66,8.10,8.59,97.80,176.90,11.86,17.95,19.80,548.42,,,,,,,
6/2/66,8.04,8.55,97.80,172.92,11.96,18.13,19.84,556.23,,,,,,,
6/3/66,8.10,8.55,97.45,171.17,12.04,18.28,19.99,555.67,,,,,,,
6/6/66,8.07,8.63,97.68,167.93,12.02,18.25,20.03,543.40,,,,,,,
6/7/66,8.01,8.59,98.52,166.44,12.00,18.27,20.07,535.59,,,,,,,
6/8/66,7.98,8.92,98.87,168.93,12.04,18.36,20.15,541.17,,,,,,,
6/9/66,8.07,9.00,99.22,173.91,12.09,18.33,20.23,557.90,,,,,,,
6/10/66,8.04,8.85,101.33,173.91,12.31,18.33,20.19,579.10,,,,,,,
6/13/66,8.13,8.81,102.49,171.92,12.31,18.45,20.30,576.87,,,,,,,
6/14/66,8.11,8.87,103.66,172.42,12.41,18.39,20.34,585.24,,,,,,,
6/15/66,7.87,8.96,104.36,170.67,12.59,18.51,20.19,583.29,,,,,,,
6/16/66,7.86,8.94,103.78,172.48,12.81,18.88,20.03,576.32,,,,,,,
6/17/66,7.82,9.10,103.89,177.90,12.88,19.34,20.07,573.80,,,,,,,
6/20/66,7.90,9.13,104.83,180.64,13.07,19.31,20.07,577.43,,,,,,,
6/21/66,7.93,9.10,104.94,180.89,13.41,19.28,20.23,581.89,,,,,,,
6/22/66,7.85,9.06,105.53,180.39,13.34,19.28,20.11,592.49,,,,,,,
6/23/66,7.90,9.15,105.06,177.40,13.33,19.01,20.11,579.10,,,,,,,
6/24/66,7.82,9.02,106.35,176.90,13.34,19.01,20.11,573.53,,,,,,,
6/27/66,7.74,8.98,106.93,174.54,12.97,19.13,19.88,559.02,,,,,,,
6/28/66,7.63,8.90,102.26,175.16,12.86,19.31,19.57,545.35,,,,,,,
6/29/66,7.65,8.85,100.63,173.48,12.79,19.07,19.57,543.40,,,,,,,
6/30/66,7.76,8.90,99.11,174.66,12.90,19.10,19.80,548.42,,,,,,,
7/1/66,7.85,8.85,99.22,176.65,12.90,18.70,19.99,559.02,,,,,,,
7/5/66,7.82,8.81,99.22,176.40,12.90,18.64,20.03,554.56,11.60,,,,,,
7/6/66,7.85,8.85,102.03,178.34,13.14,18.76,19.92,574.64,12.22,,,,,,
7/7/66,7.80,8.94,101.21,179.89,13.00,18.67,19.69,577.71,11.78,,,,,,
7/8/66,7.90,8.94,101.56,178.02,12.84,18.60,19.76,576.87,11.91,,,,,,
7/11/66,8.07,8.94,102.38,177.40,12.78,18.39,19.80,571.29,11.86,,,,,,
7/12/66,8.16,8.90,98.64,177.65,12.66,18.60,19.76,563.48,11.69,,,,,,
7/13/66,8.07,8.79,98.76,174.91,12.60,18.70,19.57,566.83,11.64,,,,,,
7/14/66,8.07,8.94,98.76,176.59,12.66,18.94,19.84,578.55,11.51,,,,,,
7/15/66,8.06,8.90,99.46,178.40,12.59,19.10,20.15,580.78,11.33,,,,,,
7/18/66,8.16,8.94,99.69,178.40,12.31,19.25,20.23,590.82,11.33,,,,,,
7/19/66,8.17,8.79,99.46,175.66,12.24,18.94,20.34,567.67,11.16,,,,,,
7/20/66,8.15,8.77,97.36,174.16,12.24,18.76,20.42,536.15,11.07,,,,,,
7/21/66,8.13,8.67,97.01,176.84,12.17,18.57,20.38,527.22,10.76,,,,,,
7/22/66,8.08,8.67,94.67,176.65,11.93,18.67,20.30,528.61,10.76,,,,,,
7/25/66,8.00,8.52,91.52,173.17,11.80,18.36,20.07,506.86,10.23,,,,,,
7/26/66,8.04,8.58,92.45,172.92,11.97,18.51,20.19,513.83,10.09,,,,,,
7/27/66,8.03,8.75,92.92,173.54,11.92,18.45,20.30,512.16,10.23,,,,,,
7/28/66,8.02,8.98,91.75,171.42,11.90,18.51,20.54,509.92,10.36,,,,,,
7/29/66,7.99,8.75,89.19,169.80,11.93,18.42,20.77,507.97,10.45,,,,,,
8/1/66,7.98,8.60,86.38,165.50,11.86,18.14,20.65,502.11,10.14,,,,,,
8/2/66,8.07,8.56,86.73,165.69,11.97,18.20,20.54,509.37,10.18,,,,,,
8/3/66,8.06,8.56,87.90,168.43,11.83,18.39,20.42,517.73,10.01,,,,,,
8/4/66,8.08,8.52,88.25,171.42,11.97,18.45,20.50,519.97,10.14,,,,,,
8/5/66,8.08,8.46,88.49,170.86,11.90,18.39,20.38,519.97,10.54,,,,,,
8/8/66,8.06,8.44,89.65,170.92,11.80,18.45,20.38,514.39,10.40,,,,,,
8/9/66,8.09,8.39,90.00,169.61,11.83,18.17,20.42,497.93,10.45,,,,,,
8/10/66,8.21,8.35,88.25,168.49,11.80,18.36,20.34,496.53,10.45,,,,,,
8/11/66,8.28,8.31,88.25,169.61,11.73,18.36,20.15,501.56,10.36,,,,,,
8/12/66,8.29,8.16,88.49,174.22,11.86,18.27,20.30,513.83,10.23,,,,,,
8/15/66,8.18,8.27,87.55,173.47,11.80,18.14,20.38,506.58,10.36,,,,,,
8/16/66,8.09,8.10,84.28,171.23,11.77,18.05,20.58,496.53,10.09,,,,,,
8/17/66,7.98,8.10,84.05,170.48,11.66,17.74,21.35,480.91,9.65,,,,,,
8/18/66,7.91,8.00,83.35,167.24,11.65,17.68,21.08,447.44,9.43,,,,,,
8/19/66,7.90,7.77,82.18,167.24,11.58,17.56,21.12,431.26,8.94,,,,,,
8/22/66,7.87,7.64,79.61,164.00,11.27,17.25,21.35,417.31,8.63,,,,,,
8/23/66,7.81,7.52,80.78,164.12,11.30,17.46,21.35,430.70,8.77,,,,,,
8/24/66,7.82,7.68,83.12,163.50,11.23,17.83,21.82,445.77,8.72,,,,,,
8/25/66,7.80,7.54,82.06,161.63,11.25,17.52,21.82,410.90,8.77,,,,,,
8/26/66,7.63,7.27,80.90,157.08,10.89,17.31,21.62,400.58,8.54,,,,,,
8/29/66,7.54,6.97,79.38,153.03,10.44,16.88,21.31,391.65,7.61,,,,,,
8/30/66,7.51,6.85,80.20,158.89,10.41,16.78,21.51,407.85,7.92,,,,,,
8/31/66,7.77,7.23,79.38,159.76,10.60,17.03,21.51,396.68,8.32,,,,,,
9/1/66,7.69,7.23,80.08,159.76,10.53,16.88,21.43,395.56,8.41,,,,,,
9/2/66,7.77,7.23,78.68,159.51,10.53,17.00,21.55,381.03,8.32,,,,,,
9/6/66,7.69,7.25,78.21,158.14,10.48,16.80,21.51,357.57,8.23,,,,,,
9/7/66,7.51,7.23,76.58,157.02,10.34,16.58,21.62,363.71,7.97,,,,,,
9/8/66,7.56,7.18,76.11,154.15,10.27,16.27,21.58,381.59,7.53,,,,,,
9/9/66,7.61,7.28,75.64,157.02,10.20,16.21,21.58,401.15,7.88,,,,,,
9/12/66,8.03,7.37,78.21,159.76,10.32,16.14,21.62,417.63,8.23,,,,,,
9/13/66,7.98,7.68,78.94,159.01,10.27,16.55,21.70,397.79,8.41,,,,,,
9/14/66,7.98,7.87,82.59,161.26,10.46,17.54,22.09,417.91,8.50,,,,,,
9/15/66,8.03,7.81,83.77,166.99,10.53,17.57,22.40,415.11,8.19,,,,,,
9/16/66,7.90,8.12,83.53,164.25,10.53,18.10,22.52,407.85,8.15,,,,,,
9/19/66,7.96,8.04,84.71,164.00,10.51,17.85,22.75,403.38,8.15,,,,,,
9/20/66,7.93,8.00,84.00,160.51,10.39,17.66,22.63,407.29,8.15,,,,,,
9/21/66,7.87,7.70,82.12,157.15,10.30,17.17,21.97,391.09,7.61,,,,,,
9/22/66,7.82,7.74,82.71,159.08,10.29,17.42,22.13,390.25,7.70,,,,,,
9/23/66,7.78,7.83,83.06,159.01,10.27,17.35,22.13,396.12,7.88,,,,,,
9/26/66,7.79,7.79,81.06,162.75,10.20,17.17,22.36,408.41,8.01,,,,,,
9/27/66,7.76,7.70,82.59,163.25,10.34,17.85,22.52,407.01,7.48,,,,,,
9/28/66,7.69,7.66,79.65,159.01,10.20,17.73,22.52,397.24,7.66,,,,,,
9/29/66,7.68,7.39,79.41,157.15,10.10,17.29,22.44,383.83,7.48,,,,,,
9/30/66,7.77,7.53,80.00,158.27,10.03,17.76,22.32,390.81,7.44,,,,,,
10/3/66,7.76,7.39,78.59,154.96,9.77,17.29,22.36,369.02,7.13,,,,,,
10/4/66,7.91,7.28,80.24,154.28,9.72,17.38,22.32,367.62,6.82,,,,,,
10/5/66,7.79,7.28,79.77,154.53,9.64,17.26,22.13,336.34,6.82,,,,,,
10/6/66,7.64,7.16,79.41,152.16,9.73,17.17,22.28,319.58,6.64,,,,,,
10/7/66,7.61,6.87,80.35,145.87,9.72,16.70,22.28,295.83,6.82,,,,,,
10/10/66,7.72,6.99,82.12,154.15,9.92,16.98,22.36,321.53,6.91,,,,,,
10/11/66,7.57,7.03,82.47,152.04,9.99,16.92,22.83,310.36,7.35,,,,,,
10/12/66,7.79,7.37,84.12,156.02,9.99,17.54,23.25,332.99,7.79,,,,,,
10/13/66,7.87,7.53,83.41,158.02,10.10,17.57,23.25,347.51,7.53,,,,,,
10/14/66,7.93,7.45,81.88,157.52,10.20,17.38,23.14,354.22,7.53,,,,,,
10/17/66,7.98,7.58,83.41,157.77,10.20,17.57,23.25,362.60,7.61,,,,,,
10/18/66,8.39,7.79,86.94,162.01,10.32,17.48,23.57,382.15,7.79,,,,,,
10/19/66,8.34,7.87,87.53,158.27,10.56,17.35,23.53,373.49,7.79,,,,,,
10/20/66,8.34,7.70,86.94,158.77,10.56,17.17,23.18,357.57,7.79,,,,,,
10/21/66,8.45,7.66,87.53,160.51,10.56,17.17,23.57,357.57,7.70,,,,,,
10/24/66,8.66,7.91,88.71,160.51,10.48,17.73,23.45,348.07,7.70,,,,,,
10/25/66,8.64,8.08,88.00,164.25,10.41,17.79,23.37,359.24,7.53,,,,,,
10/26/66,8.62,8.50,89.53,164.25,10.41,17.91,23.37,363.15,7.44,,,,,,
10/27/66,8.55,8.79,90.24,165.99,10.82,17.88,23.61,358.41,7.22,,,,,,
10/28/66,8.56,9.21,89.41,166.93,11.03,18.31,23.49,356.45,7.04,,,,,,
10/31/66,8.59,9.04,89.77,165.49,11.13,18.22,23.45,362.04,7.08,,,,,,
11/1/66,8.68,8.92,90.82,169.48,11.23,18.44,23.61,380.47,7.08,,,,,,
11/2/66,8.76,9.21,91.41,171.73,11.42,18.44,23.76,372.09,6.99,,,,,,
11/3/66,8.71,9.21,91.18,171.53,11.54,18.75,23.53,378.80,6.77,,,,,,
11/4/66,8.76,9.15,91.29,172.78,11.73,18.84,23.29,397.24,6.99,,,,,,
11/7/66,8.66,8.94,90.12,174.02,11.72,19.34,23.41,392.21,7.04,,,,,,
11/9/66,8.67,9.38,90.35,174.27,11.72,19.58,23.57,404.22,6.99,,,,,,
11/10/66,8.89,9.65,90.82,175.77,11.79,19.58,23.45,408.69,7.08,,,,,,
11/11/66,8.81,10.32,92.47,175.52,11.77,19.71,23.25,405.62,7.13,,,,,,
11/14/66,8.81,10.80,91.53,174.27,11.77,19.27,22.86,400.59,7.17,,,,,,
11/15/66,8.79,11.39,91.88,175.77,11.72,19.83,22.71,413.16,7.61,,,,,,
11/16/66,8.92,11.01,91.29,178.76,11.72,19.31,22.86,426.85,8.23,,,,,,
11/17/66,8.89,10.72,91.65,178.01,11.60,19.27,22.75,418.19,8.23,,,,,,
11/18/66,9.02,10.72,91.77,177.02,11.66,19.27,22.90,412.32,8.01,,,,,,
11/21/66,8.73,10.63,90.94,173.53,11.51,19.03,22.98,405.06,8.01,,,,,,
11/22/66,8.76,10.76,91.77,173.53,11.51,19.03,22.94,412.32,7.75,,,,,,
11/23/66,8.97,10.97,91.29,177.52,11.45,19.15,22.94,426.57,7.48,,,,,,
11/25/66,8.97,10.98,91.53,182.63,11.33,19.24,22.90,445.84,7.39,,,,,,
11/28/66,9.00,10.73,93.53,184.75,11.50,19.12,23.06,443.05,7.26,,,,,,
11/29/66,9.02,10.73,92.24,185.99,11.60,19.24,23.06,441.93,7.13,,,,,,
11/30/66,9.02,10.86,92.24,187.49,11.67,19.72,22.98,458.71,7.22,,,,,,
12/1/66,8.91,10.98,92.35,184.56,11.81,19.41,23.02,450.04,7.84,,,,,,
12/2/66,8.91,11.13,92.59,183.00,11.78,19.35,23.14,445.29,7.79,,,,,,
12/5/66,8.91,11.49,94.00,185.62,11.78,19.66,23.06,448.08,7.79,,,,,,
12/6/66,9.00,11.78,93.55,187.36,11.81,19.85,23.41,463.19,7.88,,,,,,
12/7/66,9.04,11.74,92.84,190.23,11.88,19.97,23.18,479.69,8.19,,,,,,
12/8/66,9.12,11.68,93.31,190.98,11.98,20.16,23.02,476.33,8.50,,,,,,
12/9/66,9.20,11.57,92.37,187.74,12.09,19.91,23.14,480.53,8.41,,,,,,
12/12/66,9.44,11.86,92.84,189.98,12.12,20.04,22.94,496.75,9.39,,,,,,
12/13/66,9.40,11.49,91.89,190.60,12.22,19.79,22.90,492.28,9.52,,,,,,
12/14/66,9.38,11.40,91.77,190.23,12.36,19.60,23.02,492.84,9.78,,,,,,
12/15/66,9.36,11.57,89.52,185.99,12.38,19.29,23.18,474.66,9.96,,,,,,
12/16/66,9.33,13.14,88.58,185.12,12.26,19.29,23.10,473.26,10.27,,,,,,
12/19/66,9.44,13.00,85.14,184.50,12.41,19.16,23.37,466.54,10.63,,,,,,
12/20/66,9.44,12.60,84.08,185.99,12.41,19.04,23.25,458.15,10.67,,,,,,
12/21/66,9.57,13.00,83.72,185.49,12.38,19.01,23.41,459.83,10.01,,,,,,
12/22/66,9.62,13.71,83.25,184.25,12.36,19.10,23.29,459.83,10.36,,,,,,
12/23/66,9.54,14.02,81.83,183.25,12.40,19.19,22.67,457.31,10.14,,,,,,
12/27/66,9.46,13.65,81.12,182.38,12.36,19.10,22.86,454.24,9.56,,,,,,
12/28/66,9.54,13.08,81.71,183.00,12.19,19.22,22.75,449.48,9.52,,,,,,
12/29/66,9.44,13.16,83.72,184.00,12.09,19.16,22.71,438.57,9.87,,,,,,
12/30/66,9.40,13.29,83.84,185.24,11.81,19.16,22.82,441.93,10.01,,,,,,
1/3/67,9.38,12.89,84.31,184.00,11.67,18.79,22.28,445.29,10.45,,,,,,
1/4/67,9.20,12.79,84.55,182.00,11.46,18.73,21.85,462.07,10.45,,,,,,
1/5/67,9.33,13.54,84.43,183.75,11.50,18.73,22.12,473.82,10.27,,,,,,
1/6/67,9.36,13.46,83.37,188.49,11.57,19.13,22.20,481.09,10.45,,,,,,
1/9/67,9.44,13.50,81.71,192.47,11.84,19.10,22.28,492.28,10.45,,,,,,
1/10/67,9.54,13.33,81.24,193.97,11.78,18.79,22.59,488.36,10.63,,,,,,
1/11/67,9.96,13.08,81.71,196.46,11.74,18.69,22.63,507.94,10.76,,,,,,
1/12/67,9.95,13.58,82.06,195.47,11.74,18.69,23.10,504.30,11.51,,,,,,
1/13/67,9.91,13.27,82.42,197.71,11.74,18.94,23.41,505.14,11.73,,,,,,
1/16/67,9.78,14.00,82.77,191.73,11.95,19.04,23.49,500.67,11.78,,,,,,
1/17/67,9.79,14.09,84.08,193.47,12.02,19.19,23.94,508.78,12.22,,,,,,
1/18/67,9.80,14.25,84.08,194.97,12.12,19.44,24.25,513.53,11.78,,,,,,
1/19/67,9.86,14.93,83.96,194.34,12.10,19.22,23.86,507.94,11.86,,,,,,
1/20/67,9.91,15.43,84.08,194.47,12.09,18.91,24.33,504.02,11.91,,,,,,
1/23/67,9.90,15.30,84.08,198.21,12.12,18.88,24.57,502.91,11.95,,,,,,
1/24/67,9.83,15.26,82.89,199.21,12.81,19.35,24.29,504.58,12.00,,,,,,
1/25/67,9.91,14.84,83.96,197.46,12.88,19.22,24.45,496.75,11.73,,,,,,
1/26/67,9.86,14.88,84.08,197.96,12.88,18.98,24.25,498.99,11.73,,,,,,
1/27/67,9.87,14.80,84.08,200.20,12.98,19.19,24.09,501.79,12.13,,,,,,
1/30/67,9.95,14.78,83.49,201.70,13.02,19.01,24.33,525.84,12.40,,,,,,
1/31/67,9.96,14.76,83.25,199.21,13.02,19.04,24.65,517.17,12.13,,,,,,
2/1/67,9.90,14.55,83.37,195.96,12.98,18.98,24.76,525.28,12.00,,,,,,
2/2/67,9.94,14.30,84.55,197.71,13.04,19.07,24.92,530.32,11.95,,,,,,
2/3/67,9.78,14.34,85.02,198.96,13.23,18.94,25.00,547.66,13.02,,,,,,
2/6/67,9.73,14.25,85.14,198.51,13.19,18.91,24.96,542.06,13.06,,,,,,
2/7/67,9.78,14.09,84.67,198.51,13.36,18.73,24.88,538.15,13.24,,,,,,
2/8/67,9.96,13.96,84.43,204.25,13.19,18.79,24.92,551.01,13.41,,,,,,
2/9/67,9.96,13.67,82.42,206.49,13.16,18.66,25.12,546.54,13.02,,,,,,
2/10/67,9.95,13.33,83.72,206.49,13.31,18.73,25.04,542.62,13.33,,,,,,
2/13/67,10.01,12.95,82.42,209.42,13.36,18.79,25.08,539.83,13.41,,,,,,
2/14/67,9.96,13.33,82.54,213.23,13.42,18.85,25.51,544.86,13.46,,,,,,
2/15/67,10.01,13.33,82.54,215.97,13.31,19.10,25.59,553.81,13.06,,,,,,
2/16/67,10.00,13.58,81.00,212.60,13.33,19.07,25.71,544.86,13.19,,,,,,
2/17/67,10.22,13.46,80.41,211.79,13.33,19.01,25.83,543.18,13.24,,,,,,
2/20/67,10.15,13.37,78.75,211.23,13.16,19.01,25.75,541.50,13.10,,,,,,
2/21/67,10.35,13.46,78.51,211.48,13.08,19.35,25.12,538.15,13.19,,,,,,
2/23/67,10.56,13.46,81.00,210.73,13.23,19.72,25.12,543.18,13.19,,,,,,
2/24/67,10.59,13.44,81.47,211.98,13.30,19.97,25.16,550.45,13.77,,,,,,
2/27/67,10.53,13.42,81.35,207.49,13.41,19.66,24.69,552.41,13.59,,,,,,
2/28/67,10.54,13.94,81.71,214.47,13.37,19.66,24.41,557.73,13.46,,,,,,
3/1/67,10.72,14.09,81.95,219.46,13.47,19.60,24.37,570.33,13.72,,,,,,
3/2/67,10.70,14.04,83.13,220.08,13.75,19.44,24.69,576.77,13.90,,,,,,
3/3/67,10.38,14.13,83.37,219.46,13.96,19.51,24.92,595.53,14.52,,,,,,
3/6/67,10.43,14.59,82.66,219.46,14.17,19.79,25.16,597.21,14.34,,,,,,
3/7/67,10.24,14.76,83.28,218.96,14.06,20.06,25.00,597.21,14.65,,,,,,
3/8/67,10.17,14.67,84.71,217.84,14.13,20.06,25.83,603.09,15.76,,,,,,
3/9/67,10.11,14.67,86.26,217.72,14.12,20.06,25.75,603.09,15.58,,,,,,
3/10/67,10.13,14.86,86.38,219.59,14.06,20.41,25.67,597.49,15.50,,,,,,
3/13/67,10.12,14.44,86.26,219.96,14.06,20.31,25.79,587.41,14.70,,,,,,
3/14/67,9.96,14.31,86.98,216.97,14.06,20.00,25.67,582.93,14.65,,,,,,
3/15/67,10.07,14.35,88.17,220.46,14.12,19.69,25.67,594.13,14.79,,,,,,
3/16/67,10.33,13.98,89.84,224.45,14.13,19.81,25.79,595.81,15.67,,,,,,
3/17/67,10.33,13.89,88.76,224.57,14.20,19.87,25.71,605.61,15.58,,,,,,
3/20/67,10.37,14.06,87.93,221.46,14.27,20.22,25.67,614.85,15.05,,,,,,
3/21/67,10.41,14.19,85.19,221.83,14.51,20.25,25.91,617.09,14.74,,,,,,
3/22/67,10.54,14.10,84.95,221.71,14.90,20.09,25.83,630.53,14.70,,,,,,
3/23/67,10.41,14.35,83.99,227.19,15.21,20.06,25.95,637.81,14.70,,,,,,
3/27/67,10.41,14.50,82.92,229.94,15.19,20.25,25.98,642.29,15.05,,,,,,
3/28/67,10.31,14.82,82.80,228.44,15.10,20.31,26.38,646.21,15.14,,,,,,
3/29/67,10.36,14.94,81.73,227.94,15.22,20.56,26.38,637.25,15.14,,,,,,
3/30/67,10.75,14.82,81.49,228.07,15.17,20.94,26.38,638.37,15.05,,,,,,
3/31/67,10.89,14.77,81.01,224.95,15.38,20.44,26.50,627.45,15.23,,,,,,
4/3/67,10.91,14.27,80.41,219.46,15.24,20.09,26.65,599.17,14.52,,,,,,
4/4/67,11.10,14.48,81.01,219.96,15.21,20.13,26.46,586.85,15.14,,,,,,
4/5/67,11.39,14.48,81.96,221.71,15.24,20.19,26.61,604.77,15.58,,,,,,
4/6/67,11.44,14.52,82.32,226.19,15.24,19.87,26.58,609.25,16.03,,,,,,
4/7/67,11.44,14.35,81.96,222.77,15.31,19.87,26.26,591.33,15.67,,,,,,
4/10/67,11.24,14.19,80.65,219.84,15.09,19.47,25.83,579.01,15.41,,,,,,
4/11/67,11.28,14.52,81.61,224.45,15.07,19.56,25.59,590.21,15.67,,,,,,
4/12/67,11.28,14.31,81.13,222.70,15.09,19.72,25.59,588.81,15.89,,,,,,
4/13/67,11.18,14.35,83.28,227.44,14.76,20.03,25.55,610.37,15.76,,,,,,
4/14/67,11.60,14.48,86.14,228.69,14.83,19.81,26.18,640.05,16.29,,,,,,
4/17/67,11.83,15.19,87.81,228.56,14.96,20.09,26.42,631.65,17.31,,,,,,
4/18/67,11.81,15.59,88.05,229.56,15.07,20.03,26.35,654.05,17.31,,,,,,
4/19/67,11.70,15.36,87.21,232.93,15.66,20.00,26.39,650.41,17.44,,,,,,
4/20/67,11.78,15.45,88.76,233.80,16.11,20.03,26.31,650.69,18.06,,,,,,
4/21/67,11.70,15.87,90.55,233.43,16.80,20.06,26.39,641.17,17.89,,,,,,
4/24/67,12.12,15.70,90.55,236.05,16.83,20.47,26.39,642.85,17.58,,,,,,
4/25/67,12.02,15.45,89.48,240.04,17.03,20.94,26.79,649.57,17.97,,,,,,
4/26/67,11.86,15.66,89.60,239.16,17.04,20.78,27.27,641.17,17.53,,,,,,
4/27/67,11.91,15.78,90.08,247.64,16.82,20.91,27.27,646.21,17.62,,,,,,
4/28/67,11.94,16.43,90.55,247.64,16.21,21.25,26.91,641.73,17.49,,,,,,
5/1/67,12.44,16.83,90.20,240.59,16.42,21.07,27.03,638.37,17.66,,,,,,
5/2/67,12.23,16.71,88.76,240.84,16.32,21.07,27.35,637.81,18.24,,,,,,
5/3/67,12.52,16.73,88.76,240.71,16.00,21.03,27.46,637.25,18.68,,,,,,
5/4/67,12.60,16.79,88.05,240.46,15.83,20.81,27.66,664.69,19.30,,,,,,
5/5/67,12.51,16.75,88.29,239.71,15.52,20.72,27.82,661.33,19.08,,,,,,
5/8/67,12.52,16.16,87.69,237.10,15.87,20.56,27.66,656.29,19.26,,,,,,
5/9/67,12.34,15.95,86.98,229.99,16.18,20.47,27.50,654.33,18.86,,,,,,
5/10/67,12.18,15.66,86.98,232.48,16.49,19.91,27.58,651.53,18.59,,,,,,
5/11/67,12.15,15.82,88.65,233.10,16.59,19.87,27.74,660.21,18.33,,,,,,
5/12/67,12.23,15.95,86.98,233.23,16.52,19.59,27.74,671.41,17.84,,,,,,
5/15/67,12.18,15.80,85.54,231.48,16.52,19.66,27.58,668.61,17.53,,,,,,
5/16/67,12.07,16.08,85.90,236.47,16.70,19.84,27.82,671.97,17.93,,,,,,
5/17/67,11.94,16.16,85.07,236.97,16.65,19.72,27.82,670.85,18.15,,,,,,
5/18/67,11.78,16.41,85.42,237.47,16.65,19.56,27.90,671.97,18.37,,,,,,
5/19/67,11.73,16.50,85.42,235.47,16.93,19.50,27.82,666.65,18.51,,,,,,
5/22/67,11.81,17.25,85.07,235.47,16.93,19.22,27.86,660.77,18.42,,,,,,
5/23/67,11.86,16.83,84.95,231.98,16.72,19.06,27.74,646.21,18.15,,,,,,
5/24/67,11.91,16.37,83.04,231.98,16.65,18.68,27.74,624.93,17.22,,,,,,
5/25/67,11.97,16.37,83.52,235.97,16.44,19.25,27.82,633.33,18.02,,,,,,
5/26/67,12.06,16.33,84.23,234.48,16.30,19.31,27.78,631.65,18.33,,,,,,
5/29/67,12.15,16.12,82.92,234.48,16.08,19.22,27.66,626.04,18.02,,,,,,
5/31/67,11.89,15.78,82.08,232.61,15.71,19.31,27.19,609.23,17.31,,,,,,
6/1/67,12.12,16.08,81.84,237.47,15.61,19.18,27.58,622.12,17.80,,,,,,
6/2/67,12.15,16.12,81.13,233.98,15.75,19.31,27.46,621.00,17.53,,,,,,
6/5/67,12.22,15.40,80.29,232.23,15.58,19.31,26.79,612.59,16.91,,,,,,
6/6/67,12.55,15.70,82.00,238.22,15.61,19.84,26.95,635.57,17.66,,,,,,
6/7/67,12.52,15.95,82.00,239.59,15.78,20.22,27.03,664.44,18.06,,,,,,
6/8/67,12.65,16.41,82.48,240.96,15.92,20.25,27.23,673.12,18.46,,,,,,
6/9/67,12.60,16.43,82.36,242.46,15.89,20.31,27.98,678.73,18.77,,,,,,
6/12/67,12.58,16.89,84.05,243.21,15.92,20.94,28.10,687.14,18.77,,,,,,
6/13/67,12.73,16.60,87.29,245.20,15.89,20.97,28.45,688.82,18.59,,,,,,
6/14/67,12.65,16.76,85.37,249.07,15.89,20.78,28.26,685.45,20.41,,,,,,
6/15/67,12.58,17.06,84.65,248.94,16.17,20.53,28.30,686.58,19.97,,,,,,
6/16/67,12.76,16.72,85.61,249.19,16.17,20.56,28.30,685.17,19.97,,,,,,
6/19/67,12.65,17.35,85.01,248.45,16.34,20.91,28.22,694.98,20.05,,,,,,
6/20/67,12.71,17.44,83.93,248.45,16.42,21.29,28.42,700.59,20.59,,,,,,
6/21/67,12.71,17.48,82.12,247.70,16.60,21.29,28.53,683.49,20.63,,,,,,
6/22/67,12.97,17.56,83.32,247.95,16.68,21.04,28.34,675.37,20.28,,,,,,
6/23/67,13.08,17.58,86.09,250.44,16.65,21.10,28.18,677.61,20.50,,,,,,
6/26/67,13.13,17.39,83.20,254.43,16.55,21.10,28.18,678.17,19.88,,,,,,
6/27/67,12.87,17.39,85.61,251.19,16.24,21.13,28.18,660.23,19.79,,,,,,
6/28/67,13.21,17.31,84.41,248.94,16.34,20.88,28.06,636.13,19.66,,,,,,
6/29/67,13.08,17.08,83.32,249.19,16.26,20.44,27.86,613.15,19.21,,,,,,
6/30/67,13.05,16.72,83.56,248.20,16.13,20.66,27.42,612.59,19.39,,,,,,
7/3/67,13.08,16.51,83.44,248.94,16.18,20.72,27.62,626.60,19.79,,,,,,
7/5/67,13.21,16.39,83.56,250.32,16.03,20.47,28.22,649.58,20.14,,,,,,
7/6/67,13.24,16.22,83.56,250.07,15.45,20.88,28.30,641.74,20.01,,,,,,
7/7/67,13.18,16.05,82.96,250.19,15.48,20.88,28.53,651.27,20.05,,,,,,
7/10/67,13.12,16.05,82.48,251.19,15.61,21.10,28.65,661.35,20.36,,,,,,
7/11/67,13.10,15.92,84.41,252.44,15.71,21.29,28.69,656.03,20.72,,,,,,
7/12/67,13.10,15.59,85.85,250.94,15.61,21.35,28.73,640.06,20.10,,,,,,
7/13/67,13.05,15.67,87.05,251.44,15.35,21.29,28.61,631.65,20.85,,,,,,
7/14/67,12.99,15.55,93.54,250.81,15.12,21.07,28.69,638.37,21.65,,,,,,
7/17/67,12.87,15.00,93.42,251.31,15.14,20.91,29.13,646.22,21.78,,,,,,
7/18/67,13.03,15.00,97.87,250.69,14.60,20.97,29.46,643.42,21.60,,,,,,
7/19/67,12.87,15.04,95.71,247.45,14.52,21.22,29.94,612.03,21.47,,,,,,
7/20/67,12.81,14.87,98.35,248.45,14.99,21.04,30.06,598.58,21.65,,,,,,
7/21/67,12.97,15.71,100.76,248.69,15.01,20.94,30.02,592.42,21.83,,,,,,
7/24/67,12.97,15.00,99.32,247.20,15.06,20.78,29.94,608.67,21.74,,,,,,
7/25/67,12.97,14.33,98.59,244.95,14.99,21.13,29.98,600.82,21.78,,,,,,
7/26/67,13.24,13.91,99.23,249.07,15.09,21.67,30.14,615.40,21.96,,,,,,
7/27/67,13.21,13.65,100.80,251.94,15.14,21.79,30.50,626.60,23.38,,,,,,
7/28/67,13.40,13.87,102.24,252.69,15.17,21.98,30.50,616.52,23.07,,,,,,
7/31/67,13.51,13.61,104.05,253.31,15.17,22.23,30.90,601.38,22.62,,,,,,
8/1/67,13.24,14.58,104.41,256.68,15.14,23.05,31.26,587.37,21.83,,,,,,
8/2/67,13.34,14.45,104.05,254.18,15.19,23.05,31.74,574.20,22.31,,,,,,
8/3/67,13.42,14.03,103.09,253.43,15.19,22.86,30.78,584.85,22.45,,,,,,
8/4/67,13.53,14.12,103.09,254.18,15.30,22.52,31.10,581.77,22.62,,,,,,
8/7/67,13.53,13.99,102.85,254.11,15.30,22.52,30.66,582.61,22.53,,,,,,
8/8/67,13.53,14.20,103.09,254.86,15.40,22.48,30.50,592.42,21.96,,,,,,
8/9/67,13.40,14.35,103.21,251.99,15.32,22.55,30.74,563.83,22.05,,,,,,
8/10/67,13.42,14.37,102.97,247.25,15.32,22.55,31.18,570.56,22.09,,,,,,
8/11/67,13.34,13.97,101.16,245.51,15.27,22.17,31.10,588.49,21.83,,,,,,
8/14/67,13.42,13.99,99.47,244.26,15.23,22.17,31.14,581.21,21.60,,,,,,
8/15/67,13.32,14.03,99.47,244.51,15.33,22.83,31.10,586.53,21.65,,,,,,
8/16/67,13.32,14.03,99.60,246.75,15.30,22.80,31.14,587.93,20.76,,,,,,
8/17/67,13.20,14.20,101.52,245.51,15.28,22.99,31.70,598.58,20.41,,,,,,
8/18/67,13.13,14.83,102.00,248.25,15.25,22.70,31.66,596.34,20.50,,,,,,
8/21/67,12.92,14.62,102.24,248.50,15.23,22.80,31.34,583.45,20.81,,,,,,
8/22/67,12.87,14.98,102.49,246.50,15.25,22.58,31.18,573.08,21.34,,,,,,
8/23/67,12.76,14.87,102.36,247.50,15.12,22.77,30.54,581.77,20.98,,,,,,
8/24/67,12.26,15.42,103.57,245.26,15.28,22.36,30.42,571.96,21.07,,,,,,
8/25/67,12.07,15.59,104.29,242.39,15.30,22.17,30.14,570.56,20.50,,,,,,
8/28/67,12.18,15.67,105.38,242.26,15.28,22.23,29.98,575.83,20.28,,,,,,
8/29/67,12.47,15.71,103.81,245.01,15.25,22.17,29.98,586.78,20.32,,,,,,
8/30/67,12.65,15.61,105.50,246.00,15.75,22.17,29.94,589.87,20.63,,,,,,
8/31/67,12.68,15.55,105.26,249.37,16.11,22.17,30.10,590.99,20.90,,,,,,
9/1/67,12.60,15.97,104.41,249.50,16.45,22.17,30.06,594.92,20.94,,,,,,
9/5/67,12.64,15.94,104.17,250.49,16.50,22.38,29.98,605.58,19.44,,,,,,
9/6/67,12.50,15.88,104.17,251.74,16.48,22.76,30.30,607.54,20.59,,,,,,
9/7/67,12.68,15.67,106.34,250.87,16.50,22.99,30.14,588.46,20.50,,,,,,
9/8/67,12.55,15.73,108.02,251.49,16.58,22.89,30.10,574.15,20.63,,,,,,
9/11/67,12.68,15.86,108.87,255.98,16.56,23.27,30.14,583.69,21.07,,,,,,
9/12/67,12.66,15.81,107.42,257.98,16.48,23.27,30.30,592.67,21.78,,,,,,
9/13/67,12.64,15.81,107.66,257.98,16.53,23.24,30.58,595.20,21.87,,,,,,
9/14/67,12.60,15.98,107.78,254.99,16.58,23.59,30.58,583.69,21.56,,,,,,
9/15/67,12.54,17.08,109.71,254.99,17.00,23.74,30.62,565.17,21.12,,,,,,
9/18/67,12.47,17.08,111.16,256.23,17.78,23.33,30.66,556.75,20.98,,,,,,
9/19/67,12.39,16.78,110.67,258.23,17.94,23.27,30.58,556.47,20.10,,,,,,
9/20/67,12.60,16.91,109.71,256.48,18.30,23.17,30.62,559.00,20.05,,,,,,
9/21/67,12.79,16.91,108.51,269.71,18.93,22.95,30.42,571.90,20.54,,,,,,
9/22/67,12.92,16.99,109.71,270.70,18.69,22.67,30.58,599.12,20.90,,,,,,
9/25/67,13.24,17.08,108.51,275.94,18.69,22.45,30.46,603.05,20.54,,,,,,
9/26/67,13.43,16.82,105.50,272.20,18.15,22.38,30.26,596.88,20.36,,,,,,
9/27/67,13.35,16.82,107.42,273.32,18.15,22.45,30.42,599.41,21.25,,,,,,
9/28/67,13.30,16.87,107.78,274.57,18.12,22.42,29.98,613.16,21.69,,,,,,
9/29/67,13.16,16.82,108.02,273.57,17.75,22.01,29.90,623.54,23.20,,,,,,
10/2/67,13.11,16.70,108.02,270.83,17.78,21.85,29.82,618.21,22.76,,,,,,
10/3/67,13.06,16.49,110.92,273.95,18.46,21.94,29.62,645.71,23.02,,,,,,
10/4/67,12.98,16.45,110.67,273.95,19.03,22.01,29.58,632.52,24.35,,,,,,
10/5/67,13.03,16.26,109.95,283.43,19.42,22.01,29.34,638.97,24.88,,,,,,
10/6/67,13.14,16.28,108.63,283.43,19.71,22.07,28.87,643.18,24.92,,,,,,
10/9/67,13.14,16.40,107.30,285.18,19.45,22.13,28.71,646.27,24.35,,,,,,
10/10/67,13.14,16.36,106.22,284.43,19.37,21.88,28.23,631.96,23.77,,,,,,
10/11/67,13.22,16.40,105.74,289.42,18.75,22.29,27.59,627.47,23.60,,,,,,
10/12/67,13.10,16.70,102.97,289.42,18.46,22.29,27.75,624.10,23.73,,,,,,
10/13/67,12.92,16.99,104.65,292.41,18.82,22.29,27.83,621.29,24.22,,,,,,
10/16/67,13.03,17.67,102.85,290.91,18.61,22.38,28.39,623.82,24.61,,,,,,
10/17/67,12.79,17.67,104.53,287.42,18.46,21.88,28.52,637.01,24.39,,,,,,
10/18/67,12.74,17.29,104.89,291.91,18.17,21.97,28.40,634.20,24.39,,,,,,
10/19/67,12.74,16.99,103.69,295.15,18.15,21.88,28.60,637.01,24.35,,,,,,
10/20/67,12.60,17.16,103.33,298.02,18.33,21.63,28.44,649.92,24.48,,,,,,
10/23/67,12.52,17.16,103.69,294.66,17.68,21.50,28.56,648.79,24.39,,,,,,
10/24/67,12.63,17.08,104.17,294.41,17.68,21.37,28.40,644.02,25.50,,,,,,
10/25/67,12.64,17.46,104.29,293.91,17.70,21.28,28.56,673.49,26.74,,,,,,
10/26/67,12.76,17.71,106.22,296.53,18.35,21.40,28.16,673.21,27.49,,,,,,
10/27/67,12.87,17.75,105.26,298.15,18.48,21.40,28.16,666.47,27.27,,,,,,
10/30/67,13.24,18.25,104.29,297.65,18.33,21.31,28.08,667.32,26.47,,,,,,
10/31/67,13.16,18.55,102.12,296.15,18.09,20.93,28.40,656.65,26.03,,,,,,
11/1/67,13.18,18.76,96.83,291.54,17.78,20.80,28.56,651.04,25.59,,,,,,
11/2/67,13.19,18.84,96.70,290.66,17.68,20.74,27.92,632.24,25.23,,,,,,
11/3/67,13.16,18.25,96.34,289.96,17.68,20.93,27.44,620.45,24.08,,,,,,
11/6/67,12.98,18.38,97.07,290.46,17.49,20.87,27.56,629.15,23.91,,,,,,
11/8/67,13.06,18.53,96.22,288.21,17.47,20.65,27.24,615.40,24.17,,,,,,
11/9/67,13.08,18.51,98.03,289.71,17.42,20.74,27.36,620.17,24.79,,,,,,
11/10/67,13.00,18.25,98.87,293.46,17.26,20.87,27.52,620.17,25.63,,,,,,
11/13/67,13.07,17.33,97.07,294.96,16.89,20.96,27.48,615.68,24.75,,,,,,
11/14/67,12.98,17.16,94.90,293.46,17.10,20.52,26.80,609.23,23.91,,,,,,
11/15/67,13.15,17.67,95.38,297.46,17.00,20.65,26.64,615.12,24.39,,,,,,
11/16/67,13.30,18.17,99.11,304.96,17.26,21.09,26.44,638.69,25.41,,,,,,
11/17/67,13.35,18.67,97.79,307.96,17.47,21.59,26.68,646.55,25.50,,,,,,
11/20/67,13.20,17.92,97.07,299.96,17.24,21.72,26.56,627.47,25.01,,,,,,
11/21/67,13.51,18.21,100.20,308.96,17.55,21.63,26.64,643.18,26.16,,,,,,
11/22/67,13.61,18.93,100.92,306.21,17.97,21.69,26.80,645.99,26.52,,,,,,
11/24/67,14.17,18.72,100.20,306.96,18.18,21.75,27.24,643.18,26.43,,,,,,
11/27/67,14.33,18.67,100.80,308.46,18.18,21.63,27.52,663.39,26.70,,,,,,
11/28/67,14.31,19.85,102.12,306.96,18.18,21.66,27.88,669.23,26.61,,,,,,
11/29/67,14.58,20.86,103.09,306.96,18.13,21.85,28.60,663.61,26.83,,,,,,
11/30/67,14.74,20.82,100.32,305.96,18.13,21.72,28.08,655.18,27.18,,,,,,
12/1/67,14.88,21.06,100.08,307.96,18.28,21.50,28.56,670.35,28.07,,,,,,
12/4/67,14.66,21.14,99.84,314.96,18.33,21.88,28.88,706.32,28.78,,,,,,
12/5/67,14.63,20.63,100.59,314.46,18.39,22.23,28.88,689.46,29.44,,,,,,
12/6/67,14.63,20.30,100.83,316.34,18.86,22.83,29.53,693.95,30.59,,,,,,
12/7/67,14.84,19.79,100.10,319.96,19.01,22.79,29.85,682.15,30.55,,,,,,
12/8/67,14.79,19.92,97.32,322.21,18.96,22.79,29.61,683.84,30.28,,,,,,
12/11/67,14.66,19.62,95.50,322.71,18.80,22.79,29.57,682.72,30.68,,,,,,
12/12/67,14.68,19.62,93.92,320.46,19.07,22.60,29.21,674.85,31.70,,,,,,
12/13/67,14.58,19.58,95.25,321.71,19.33,22.34,29.13,674.85,32.58,,,,,,
12/14/67,14.68,19.41,94.53,323.96,19.59,22.22,29.00,673.73,32.67,,,,,,
12/15/67,14.40,19.54,93.32,318.59,19.17,22.06,28.88,663.05,33.12,,,,,,
12/18/67,14.04,19.46,92.95,308.96,19.38,22.15,28.72,664.17,32.98,,,,,,
12/19/67,14.18,19.50,92.59,308.71,20.01,22.09,28.24,658.55,32.14,,,,,,
12/20/67,14.15,19.29,92.83,312.46,19.85,21.96,28.40,659.68,31.57,,,,,,
12/21/67,14.04,18.87,92.95,311.09,19.67,21.90,28.92,674.85,31.96,,,,,,
12/22/67,13.91,18.87,92.47,306.71,19.64,21.55,28.96,667.83,32.23,,,,,,
12/26/67,13.88,18.91,92.10,308.21,19.80,21.64,28.68,672.04,31.88,,,,,,
12/27/67,13.64,19.12,89.92,312.46,19.80,21.55,29.04,674.29,31.88,,,,,,
12/28/67,13.67,18.87,90.65,312.21,19.59,21.68,29.37,670.35,31.79,,,,,,
12/29/67,14.15,18.61,93.07,313.46,19.17,21.48,29.61,681.03,30.55,,,,,,
1/2/68,14.00,18.36,92.71,306.71,18.80,20.62,29.85,663.61,30.10,,,,,,
1/3/68,13.83,18.53,92.95,302.96,18.28,20.43,29.85,640.57,30.24,,,,,,
1/4/68,13.77,18.53,92.10,294.34,17.97,20.27,29.41,619.22,27.89,,,,,,
1/5/68,13.87,18.70,93.07,296.46,18.18,21.20,29.29,627.09,29.13,,,,,,
1/8/68,13.72,19.03,95.01,298.71,18.23,20.94,29.29,628.77,30.46,,,,,,
1/9/68,13.59,18.82,95.98,299.21,18.15,20.62,29.33,628.21,29.26,,,,,,
1/10/68,13.69,18.49,95.86,301.96,17.89,20.69,28.96,629.34,28.07,,,,,,
1/11/68,13.80,18.15,94.29,304.46,17.55,20.56,28.76,623.72,28.87,,,,,,
1/12/68,13.83,18.19,92.47,307.96,17.60,20.59,28.88,622.59,29.31,,,,,,
1/15/68,13.75,19.03,92.47,311.46,17.42,20.75,28.76,629.34,29.97,,,,,,
1/16/68,13.56,19.16,91.38,307.96,17.24,20.59,29.00,629.34,29.57,,,,,,
1/17/68,13.55,19.71,90.77,307.96,17.37,20.50,28.96,623.72,31.88,,,,,,
1/18/68,13.45,20.13,90.16,310.71,18.02,20.56,28.88,613.60,30.81,,,,,,
1/19/68,13.67,20.05,90.53,310.46,18.07,20.53,28.76,599.55,30.99,,,,,,
1/22/68,13.56,19.79,89.80,303.46,17.94,20.37,28.51,589.44,30.50,,,,,,
1/23/68,13.64,19.67,88.95,311.46,17.55,20.43,28.31,588.60,30.68,,,,,,
1/24/68,13.40,19.46,89.44,306.96,17.34,20.08,28.31,588.32,29.84,,,,,,
1/25/68,13.51,19.71,88.23,308.46,17.47,19.96,27.99,593.94,29.57,,,,,,
1/26/68,13.53,19.62,88.10,309.21,17.76,19.99,27.87,595.06,29.09,,,,,,
1/29/68,13.31,19.41,88.23,307.21,18.07,19.96,27.71,588.32,29.31,,,,,,
1/30/68,13.53,19.37,87.01,304.71,18.07,20.12,27.26,581.57,28.25,,,,,,
1/31/68,13.45,19.12,85.20,297.21,17.73,19.99,26.82,568.65,27.63,,,,,,
2/1/68,13.53,19.46,86.65,299.71,17.66,20.05,26.41,574.83,28.33,,,,,,
2/2/68,13.69,19.16,88.10,297.96,17.68,19.67,26.74,577.36,28.60,,,,,,
2/5/68,13.72,18.70,86.65,296.86,17.63,19.80,27.54,577.92,28.20,,,,,,
2/6/68,13.85,18.66,87.26,294.11,17.50,19.61,27.67,586.07,28.25,,,,,,
2/7/68,13.96,19.12,86.89,296.86,17.29,19.67,27.38,588.60,28.33,,,,,,
2/8/68,13.88,18.40,85.80,290.10,16.72,19.61,27.46,564.15,27.76,,,,,,
2/9/68,13.24,17.69,85.08,286.09,16.30,19.57,27.14,574.83,27.89,,,,,,
2/13/68,13.27,17.18,84.35,286.09,16.04,19.13,27.06,571.18,27.58,,,,,,
2/14/68,13.39,17.27,85.32,293.10,16.35,19.32,27.26,593.65,27.98,,,,,,
2/15/68,13.24,17.35,85.20,293.60,16.72,19.73,27.18,593.65,28.33,,,,,,
2/16/68,13.27,17.60,85.08,289.09,16.78,19.67,27.50,575.39,27.94,,,,,,
2/19/68,13.33,17.14,83.98,293.17,16.91,19.70,27.58,574.55,28.33,,,,,,
2/20/68,13.32,17.52,84.59,298.11,16.78,19.73,27.71,569.21,28.51,,,,,,
2/21/68,13.69,17.56,85.08,300.12,17.28,20.12,27.75,572.86,28.29,,,,,,
2/23/68,13.72,16.59,85.32,295.48,16.89,20.47,27.54,569.77,28.07,,,,,,
2/26/68,13.61,16.17,84.11,294.36,16.86,20.59,27.30,562.97,27.27,,,,,,
2/27/68,13.72,16.13,85.08,297.61,16.86,20.12,27.67,575.91,27.05,,,,,,
2/28/68,13.77,16.04,84.35,295.61,17.10,19.80,27.67,564.93,27.09,,,,,,
2/29/68,13.61,15.75,84.86,290.60,16.81,19.73,27.46,554.24,25.85,,,,,,
3/1/68,13.56,15.50,85.23,289.09,16.65,19.61,27.67,545.24,25.63,,,,,,
3/4/68,13.56,14.32,82.78,281.58,16.34,19.45,27.63,530.89,24.53,,,,,,
3/5/68,13.40,14.49,84.01,285.46,16.02,19.58,27.30,537.93,23.60,,,,,,
3/6/68,13.35,14.87,85.47,294.36,16.05,19.90,27.26,553.12,25.28,,,,,,
3/7/68,13.61,15.16,85.10,293.10,16.02,19.80,27.30,548.90,24.35,,,,,,
3/8/68,13.93,15.79,84.62,290.35,16.05,19.64,27.34,544.11,24.97,,,,,,
3/11/68,14.02,16.32,85.96,297.11,16.50,20.06,27.79,570.56,25.85,,,,,,
3/12/68,14.18,15.94,86.08,298.36,16.65,20.06,27.58,549.18,26.61,,,,,,
3/13/68,14.57,15.61,85.59,295.86,16.60,20.22,27.38,535.68,27.27,,,,,,
3/14/68,14.19,15.10,84.62,287.09,15.66,19.48,27.26,526.67,26.56,,,,,,
3/15/68,14.33,15.02,86.33,295.17,15.89,19.32,27.22,533.99,26.96,,,,,,
3/18/68,14.48,15.69,85.47,295.98,16.55,19.74,27.46,542.71,27.67,,,,,,
3/19/68,14.31,15.44,84.74,291.35,16.39,19.55,27.30,531.74,27.63,,,,,,
3/20/68,14.31,15.52,85.35,293.98,16.18,19.52,27.30,530.61,27.27,,,,,,
3/21/68,14.37,15.31,84.86,290.60,16.08,19.48,27.30,519.36,26.56,,,,,,
3/22/68,14.53,14.43,84.37,293.35,15.87,19.39,27.30,519.36,26.47,,,,,,
3/25/68,14.50,14.47,83.64,294.36,16.02,18.88,27.34,523.86,27.09,,,,,,
3/26/68,14.42,14.34,83.27,297.61,16.29,19.39,27.75,538.49,27.18,,,,,,
3/27/68,14.37,14.26,84.01,299.62,16.70,19.96,27.83,541.02,27.63,,,,,,
3/28/68,14.22,14.34,83.52,300.87,16.86,20.28,27.87,540.74,28.25,,,,,,
3/29/68,14.31,14.13,84.37,306.88,17.02,20.16,28.19,544.11,28.78,,,,,,
4/1/68,14.64,14.38,87.67,316.15,17.80,20.57,28.92,576.75,29.88,,,,,,
4/2/68,14.45,15.18,86.94,318.15,17.60,20.70,28.80,584.63,30.24,,,,,,
4/3/68,14.53,16.11,87.55,320.16,17.78,20.83,29.08,584.63,30.46,,,,,,
4/4/68,14.45,16.62,87.91,319.41,17.67,21.50,29.52,593.07,31.74,,,,,,
4/5/68,14.49,16.62,87.18,315.65,17.54,21.34,29.08,591.94,30.81,,,,,,
4/8/68,14.45,16.83,87.91,321.66,17.94,21.69,29.40,602.63,31.17,,,,,,
4/10/68,14.96,16.96,89.50,321.16,18.59,21.60,29.20,609.95,31.17,,,,,,
4/11/68,15.33,17.17,90.48,325.17,18.43,21.50,29.28,615.58,30.81,,,,,,
4/15/68,15.23,17.72,88.89,324.79,17.91,21.76,29.84,609.39,30.55,,,,,,
4/16/68,15.06,17.67,91.09,323.16,18.12,22.49,29.84,608.26,31.61,,,,,,
4/17/68,15.20,17.84,91.58,322.16,18.01,22.33,30.00,599.82,31.65,,,,,,
4/18/68,15.44,17.84,92.31,320.66,18.07,22.36,30.21,616.70,32.27,,,,,,
4/19/68,15.17,17.72,91.45,318.91,18.56,22.52,29.80,599.82,31.88,,,,,,
4/22/68,15.33,16.96,89.50,318.66,18.28,22.20,29.72,613.33,32.23,,,,,,
4/23/68,15.87,17.55,89.50,328.18,18.64,22.65,29.96,636.96,33.82,,,,,,
4/24/68,15.65,18.31,90.36,327.17,18.75,22.65,29.76,629.92,34.71,,,,,,
4/25/68,15.65,18.52,91.21,328.68,18.54,22.40,30.41,627.39,34.80,,,,,,
4/26/68,15.71,18.05,93.16,330.18,18.59,22.40,30.57,634.71,34.93,,,,,,
4/29/68,15.60,18.90,93.77,334.94,18.69,22.36,30.25,629.64,35.28,,,,,,
4/30/68,15.71,18.56,93.65,339.45,18.43,22.27,30.57,625.14,36.57,,,,,,
5/1/68,15.82,18.64,91.45,343.71,18.28,22.33,30.66,633.02,36.92,,,,,,
5/2/68,15.87,19.49,92.92,348.72,18.22,22.36,30.66,649.90,38.25,,,,,,
5/3/68,15.98,19.40,92.31,345.35,17.96,22.43,30.86,657.78,39.05,,,,,,
5/6/68,16.03,19.23,91.45,344.35,18.33,22.40,30.49,648.21,39.93,,,,,,
5/7/68,16.30,19.40,90.36,345.23,18.35,22.27,30.86,645.96,41.26,,,,,,
5/8/68,16.62,19.32,89.87,344.85,18.43,22.36,30.74,643.15,39.76,,,,,,
5/9/68,16.67,19.32,89.26,342.59,18.22,22.43,30.74,637.52,37.10,,,,,,
5/10/68,16.70,19.32,89.38,340.21,18.35,22.72,30.90,641.46,35.95,,,,,,
5/13/68,16.62,19.78,89.13,336.32,18.33,22.84,31.59,651.59,37.01,,,,,,
5/14/68,16.70,19.66,87.79,336.82,18.12,22.72,31.87,648.21,37.76,,,,,,
5/15/68,16.46,19.66,88.65,335.82,18.41,22.88,32.69,633.58,38.25,,,,,,
5/16/68,16.14,19.57,90.11,332.55,18.09,22.97,32.20,632.46,38.03,,,,,,
5/17/68,16.03,19.70,88.77,326.28,18.28,22.46,31.96,624.86,37.81,,,,,,
5/20/68,16.03,19.57,87.42,326.15,18.25,22.40,31.55,616.42,36.92,,,,,,
5/21/68,16.08,19.44,86.69,331.30,18.25,22.62,31.51,619.51,18.20,,,,,,
5/22/68,16.11,19.70,84.74,330.30,18.33,22.88,31.51,624.02,18.73,,,,,,
5/23/68,16.14,19.74,84.86,327.79,18.41,22.59,31.22,629.64,19.44,,,,,,
5/24/68,16.24,19.70,86.20,330.80,18.41,22.30,30.82,646.21,20.29,,,,,,
5/27/68,15.98,20.25,85.23,333.81,18.23,22.14,30.61,656.91,20.69,,,,,,
5/28/68,15.76,20.84,85.72,336.82,18.31,22.11,30.66,667.61,20.51,,,,,,
5/29/68,15.79,21.47,86.60,347.11,18.52,22.27,30.37,673.81,20.60,,,,,,
5/31/68,15.82,22.10,86.72,358.41,18.94,22.65,30.21,681.70,20.47,,,,,,
6/3/68,15.87,22.69,88.82,376.48,19.51,22.75,29.92,686.49,20.42,,,,,,
6/4/68,16.24,22.95,88.69,371.21,19.36,22.75,31.06,691.84,21.18,,,,,,
6/5/68,16.62,22.27,87.83,366.44,19.30,22.30,30.66,689.59,21.44,,,,,,
6/6/68,17.18,22.61,87.46,369.45,19.51,22.43,30.82,715.78,22.55,,,,,,
6/7/68,17.21,22.52,87.46,371.46,19.51,22.59,30.94,718.04,22.60,,,,,,
6/10/68,16.79,22.44,87.22,372.21,19.72,22.88,31.14,732.97,22.02,,,,,,
6/11/68,17.22,22.86,86.85,371.46,19.62,23.17,31.22,731.84,22.02,,,,,,
6/13/68,17.00,23.03,87.71,361.42,19.30,23.40,31.35,729.59,22.82,,,,,,
6/14/68,16.68,23.07,87.46,357.15,18.99,23.40,31.22,723.95,22.55,,,,,,
6/17/68,16.63,22.86,86.48,347.86,18.91,23.11,31.02,691.84,21.93,,,,,,
6/18/68,16.57,22.78,85.37,348.11,18.81,22.69,30.82,695.78,21.31,,,,,,
6/20/68,16.68,23.28,86.36,359.91,18.73,23.01,30.53,703.39,20.38,,,,,,
6/21/68,16.74,23.03,85.86,359.66,18.94,22.75,30.57,698.60,20.24,,,,,,
6/24/68,16.36,22.69,85.49,349.62,18.94,22.88,30.49,673.81,20.24,,,,,,
6/25/68,16.28,22.44,84.88,355.90,19.04,22.11,30.53,665.08,19.98,,,,,,
6/27/68,16.01,22.44,84.88,361.92,18.99,22.43,30.41,685.36,19.53,,,,,,
6/28/68,15.82,21.26,84.88,355.14,19.41,22.63,30.21,669.31,19.31,,,,,,
7/1/68,15.77,20.75,84.26,352.88,19.51,23.11,30.25,661.98,19.18,,,,,,
7/2/68,16.04,21.09,84.14,353.39,19.51,23.56,30.17,671.56,19.18,,,,,,
7/3/68,16.39,21.85,84.14,359.41,19.30,24.17,30.17,678.32,19.13,,,,,,
7/8/68,17.22,22.14,85.37,366.44,19.44,24.43,30.45,682.83,20.20,,,,,,
7/9/68,16.90,22.44,85.49,364.43,19.83,23.78,30.98,685.08,20.11,,,,,,
7/11/68,16.14,22.19,85.99,359.41,20.25,23.46,30.98,669.59,20.73,,,,,,
7/12/68,16.31,22.27,84.63,356.15,20.09,22.95,31.18,667.05,20.86,,,,,,
7/15/68,16.41,22.57,84.51,358.41,19.78,22.95,31.30,654.66,20.60,,,,,,
7/16/68,16.33,22.57,84.51,356.40,19.78,21.98,31.38,639.45,20.24,,,,,,
7/18/68,16.47,22.52,84.02,359.41,19.41,21.92,31.18,615.22,19.40,,,,,,
7/19/68,16.22,22.27,84.26,346.36,19.49,22.27,31.34,621.98,19.49,,,,,,
7/22/68,16.09,21.93,82.42,343.35,19.09,22.11,30.73,610.71,18.82,,,,,,
7/23/68,15.71,21.81,82.30,345.10,18.94,21.95,30.77,625.92,18.82,,,,,,
7/25/68,15.31,22.10,82.05,336.82,18.62,21.95,30.44,612.97,19.31,,,,,,
7/26/68,15.28,21.93,82.42,333.31,18.65,22.05,30.03,614.09,18.96,,,,,,
7/29/68,15.15,20.92,82.54,332.81,18.88,21.73,29.95,609.02,19.09,,,,,,
7/30/68,15.07,21.26,83.03,340.08,18.91,22.08,29.95,614.09,19.09,,,,,,
8/1/68,15.15,21.60,82.05,339.20,19.25,21.85,29.70,608.46,18.56,,,,,,
8/2/68,15.20,22.10,81.80,337.97,19.49,21.79,29.33,601.70,17.80,,,,,,
8/5/68,14.85,22.61,82.91,337.47,19.15,21.53,29.38,603.95,17.40,,,,,,
8/6/68,15.07,22.95,82.17,339.98,19.30,21.82,29.46,619.16,18.20,,,,,,
8/8/68,14.96,22.61,79.47,337.97,19.15,22.05,29.62,615.50,18.60,,,,,,
8/9/68,14.74,22.44,80.20,336.97,19.09,22.59,29.95,624.80,18.07,,,,,,
8/12/68,15.18,22.95,80.70,340.74,18.99,23.08,30.07,643.39,18.29,,,,,,
8/13/68,14.88,23.45,80.57,345.27,19.12,23.20,30.60,643.67,19.00,,,,,,
8/15/68,15.18,24.55,80.20,340.99,18.88,22.75,30.85,642.54,18.87,,,,,,
8/16/68,15.69,24.72,80.82,342.50,18.60,22.79,30.85,645.92,19.00,,,,,,
8/19/68,15.50,24.46,81.43,347.03,18.92,22.88,30.64,642.83,19.18,,,,,,
8/20/68,15.71,24.13,80.94,346.52,18.97,22.82,30.48,652.97,18.91,,,,,,
8/22/68,15.93,23.66,81.56,345.52,19.07,23.08,30.36,633.53,19.00,,,,,,
8/23/68,15.82,23.79,81.93,340.24,18.92,22.88,30.32,629.59,19.00,,,,,,
8/26/68,15.90,23.45,81.93,342.00,18.81,23.08,30.48,632.12,19.09,,,,,,
8/27/68,15.82,23.45,83.40,339.98,18.86,23.14,30.64,625.92,19.00,,,,,,
8/29/68,15.93,24.38,83.28,339.98,19.00,22.88,30.32,629.31,18.91,,,,,,
8/30/68,15.77,24.21,82.79,336.97,19.13,22.86,30.32,629.08,19.18,,,,,,
9/3/68,15.87,24.55,82.54,338.48,19.05,22.79,30.15,620.62,19.04,,,,,,
9/4/68,15.98,24.93,82.05,340.99,19.34,22.76,30.44,629.36,19.00,,,,,,
9/5/68,16.14,25.64,83.03,341.74,19.34,22.70,31.22,642.62,19.13,,,,,,
9/6/68,16.14,25.90,83.77,342.50,19.44,22.86,30.93,640.36,19.18,,,,,,
9/9/68,16.20,25.98,85.12,340.49,19.34,22.76,30.89,643.18,19.44,,,,,,
9/10/68,16.05,25.75,85.62,338.98,19.21,22.82,30.68,643.18,19.27,,,,,,
9/12/68,15.88,25.75,84.63,338.98,18.81,22.66,30.19,640.93,19.00,,,,,,
9/13/68,15.99,25.92,84.88,339.48,18.71,21.95,30.36,653.34,18.65,,,,,,
9/16/68,15.86,26.26,85.86,337.97,18.79,21.76,30.19,662.93,19.00,,,,,,
9/17/68,15.88,26.68,87.34,338.73,18.71,21.82,30.11,662.08,19.49,,,,,,
9/19/68,16.15,27.40,85.37,337.72,18.76,21.69,29.83,662.65,19.71,,,,,,
9/20/68,16.10,27.02,84.76,332.94,18.71,21.53,29.38,668.57,20.15,,,,,,
9/23/68,15.94,26.01,84.14,338.98,18.86,21.50,29.78,672.80,19.93,,,,,,
9/24/68,15.88,25.71,84.76,338.98,18.92,21.57,29.46,670.27,19.89,,,,,,
9/26/68,15.88,25.37,83.89,337.72,18.60,21.69,28.97,652.21,20.02,,,,,,
9/27/68,15.48,25.25,84.26,334.20,18.02,21.73,28.80,624.57,20.78,,,,,,
9/30/68,15.48,24.99,83.89,336.97,18.29,21.69,28.60,605.95,21.40,,,,,,
10/1/68,15.72,25.33,83.89,328.92,18.55,22.34,29.01,600.31,21.71,,,,,,
10/3/68,15.51,25.67,85.25,326.41,18.57,22.28,29.42,631.90,21.49,,,,,,
10/4/68,15.67,25.08,87.59,332.94,18.55,22.21,29.29,629.64,20.64,,,,,,
10/7/68,15.45,24.91,89.06,332.19,18.47,22.66,29.33,625.69,20.86,,,,,,
10/8/68,15.56,24.91,89.18,332.69,18.44,22.37,29.25,618.36,20.64,,,,,,
10/10/68,15.51,25.08,87.09,331.43,18.42,22.47,29.46,620.90,20.60,,,,,,
10/11/68,15.64,25.16,87.22,326.91,18.44,22.57,29.29,624.00,20.60,,,,,,
10/14/68,15.61,25.16,88.82,321.63,18.50,22.73,29.37,624.57,21.93,,,,,,
10/15/68,15.51,25.92,90.78,316.85,18.55,22.66,29.61,617.80,21.40,,,,,,
10/17/68,15.72,26.60,92.87,320.87,18.71,23.05,29.29,610.46,21.57,,,,,,
10/18/68,15.78,27.02,95.09,328.92,18.71,23.31,29.20,609.33,21.84,,,,,,
10/21/68,15.75,26.35,96.20,328.92,18.76,23.24,29.24,613.85,21.66,,,,,,
10/22/68,15.53,26.51,93.98,325.90,18.65,22.73,29.08,611.59,22.02,,,,,,
10/24/68,15.67,26.09,94.97,319.87,18.73,22.47,28.75,605.95,22.20,,,,,,
10/25/68,15.67,26.51,94.35,318.61,18.76,22.34,28.87,609.33,22.02,,,,,,
10/28/68,15.56,26.43,92.51,315.34,18.73,22.73,29.00,609.90,21.66,,,,,,
10/29/68,15.51,26.35,91.52,311.32,18.65,22.82,28.96,609.90,21.09,,,,,,
10/31/68,15.45,25.67,93.49,308.80,18.05,22.57,29.08,589.02,20.91,,,,,,
11/1/68,15.67,25.67,92.63,310.81,17.97,21.95,29.29,590.15,20.33,,,,,,
11/4/68,15.34,26.35,92.87,316.85,18.10,21.79,29.37,602.56,20.51,,,,,,
11/6/68,15.40,26.01,93.24,311.82,18.60,21.69,29.29,595.79,20.91,,,,,,
11/7/68,15.24,25.92,93.86,318.61,18.50,21.69,29.08,595.51,20.33,,,,,,
11/8/68,15.18,26.01,93.86,317.35,18.47,21.82,29.66,595.23,20.64,,,,,,
11/12/68,15.07,26.30,93.24,321.88,18.81,22.47,29.37,605.95,21.31,,,,,,
11/13/68,15.15,26.51,93.12,325.90,18.92,22.53,29.16,611.03,21.26,,,,,,
11/14/68,15.40,26.85,94.23,326.91,19.13,22.02,29.37,625.69,21.13,,,,,,
11/15/68,15.29,26.35,95.21,328.92,19.18,22.47,29.49,616.10,21.13,,,,,,
11/18/68,15.48,26.85,94.72,324.39,19.58,23.57,29.70,611.03,20.60,,,,,,
11/19/68,15.61,26.68,94.47,326.91,19.74,23.24,30.60,615.82,20.64,,,,,,
11/21/68,15.61,27.11,95.83,327.91,19.95,22.89,30.41,614.69,20.24,,,,,,
11/22/68,15.72,26.94,96.32,329.67,20.63,22.86,30.15,613.28,20.33,,,,,,
11/25/68,15.73,27.05,97.55,328.92,21.42,22.82,30.32,609.90,20.60,,,,,,
11/26/68,15.73,26.96,98.16,331.69,20.89,22.99,31.39,613.28,21.00,,,,,,
11/27/68,16.06,26.71,97.80,336.46,20.47,22.92,31.22,646.57,21.26,,,,,,
11/29/68,16.14,26.88,98.04,335.71,20.39,23.37,32.37,655.60,21.26,,,,,,
12/2/68,16.28,27.55,97.43,330.93,20.53,22.96,32.04,649.72,21.00,,,,,,
12/3/68,16.41,28.40,97.18,331.94,20.63,23.09,31.72,645.20,21.09,,,,,,
12/5/68,17.04,28.23,97.58,330.43,21.16,23.41,30.73,625.99,22.15,,,,,,
12/6/68,16.38,28.14,97.33,327.91,20.95,23.41,31.22,621.47,22.06,,,,,,
12/9/68,16.33,28.23,95.84,328.92,21.16,23.35,31.51,616.95,22.55,,,,,,
12/10/68,15.84,28.23,92.38,329.93,21.37,23.41,31.26,614.69,21.93,,,,,,
12/12/68,16.28,29.24,94.60,322.88,22.11,23.61,31.06,615.26,22.82,,,,,,
12/13/68,16.14,30.77,95.60,318.36,21.95,23.93,30.93,616.95,23.44,,,,,,
12/16/68,16.11,31.31,95.22,317.60,22.21,24.19,30.52,615.82,23.26,,,,,,
12/17/68,15.79,31.19,94.73,321.38,21.74,24.06,30.32,614.69,23.35,,,,,,
12/19/68,16.06,30.93,96.34,327.91,21.26,23.74,30.40,632.77,23.44,,,,,,
12/20/68,16.06,30.17,94.73,323.89,20.95,23.67,30.48,618.08,23.40,,,,,,
12/23/68,15.68,29.07,94.48,319.62,20.95,23.41,29.61,604.24,23.00,,,,,,
12/24/68,15.46,29.16,94.23,322.88,21.11,24.03,28.67,604.52,22.82,,,,,,
12/26/68,15.79,28.82,94.48,321.63,21.63,23.97,28.79,607.63,22.24,,,,,,
12/27/68,15.68,29.07,93.61,320.87,21.63,23.41,28.96,604.52,22.51,,,,,,
12/30/68,15.57,28.57,92.62,315.34,21.74,23.38,28.75,606.22,22.46,,,,,,
12/31/68,15.52,28.74,92.99,316.85,22.42,23.41,28.50,604.52,22.91,,,,,,
1/2/69,15.79,28.06,93.99,315.59,22.26,23.51,28.34,600.00,22.37,,,,,,
1/3/69,16.17,28.06,94.85,313.83,22.11,23.41,28.96,597.74,22.37,,,,,,
1/6/69,16.22,27.05,93.49,304.28,21.79,23.28,28.59,593.22,21.71,,,,,,
1/7/69,16.00,26.12,91.51,305.28,21.47,23.19,28.26,590.12,21.97,,,,,,
1/8/69,15.95,26.71,91.14,307.80,21.47,23.15,28.01,585.60,21.89,,,,,,
1/9/69,15.95,26.88,91.01,311.82,21.37,23.22,28.01,580.79,22.20,,,,,,
1/10/69,15.95,26.62,89.65,307.55,21.42,23.35,27.88,570.06,21.49,,,,,,
1/13/69,15.62,26.03,90.39,301.76,21.42,23.09,27.64,570.06,21.00,,,,,,
1/14/69,15.84,26.20,91.39,310.31,21.32,22.50,28.21,581.36,21.18,,,,,,
1/15/69,15.79,26.88,90.64,310.56,21.32,22.37,28.54,588.14,21.26,,,,,,
1/16/69,15.81,26.96,90.39,314.59,21.42,22.44,29.33,593.79,21.26,,,,,,
1/17/69,15.81,26.96,89.53,309.31,21.79,22.24,29.00,595.48,21.75,,,,,,
1/20/69,15.81,26.79,88.66,301.76,22.21,22.31,28.80,600.00,21.84,,,,,,
1/21/69,15.71,27.00,89.03,304.78,22.66,22.44,28.71,599.72,22.11,,,,,,
1/22/69,15.68,26.62,89.65,304.78,23.00,22.40,28.76,602.83,22.11,,,,,,
1/23/69,15.79,28.57,90.77,302.26,23.21,22.47,28.84,607.91,22.06,,,,,,
1/24/69,15.73,28.65,89.78,301.51,23.16,22.53,28.59,599.72,22.24,,,,,,
1/27/69,15.73,27.89,89.78,301.51,23.37,22.60,28.76,602.26,22.02,,,,,,
1/28/69,15.41,28.82,89.90,301.51,23.32,22.76,28.42,589.27,21.93,,,,,,
1/29/69,15.49,28.65,90.02,297.99,23.13,22.83,28.42,593.22,22.20,,,,,,
1/30/69,15.33,28.06,90.39,298.24,23.05,23.15,28.38,593.79,21.57,,,,,,
1/31/69,15.57,28.31,91.88,297.99,23.00,24.19,28.38,597.74,21.89,,,,,,
2/3/69,15.24,28.40,89.53,296.61,22.92,23.97,27.88,603.39,21.57,,,,,,
2/4/69,15.08,28.23,89.53,297.99,22.74,23.48,27.84,608.20,21.57,,,,,,
2/5/69,14.97,28.31,89.65,298.49,22.79,23.15,27.84,609.33,21.57,,,,,,
2/6/69,15.22,28.14,89.90,299.80,22.95,23.09,27.80,605.09,21.35,,,,,,
2/7/69,15.24,28.23,91.01,300.56,23.05,22.76,27.97,607.35,21.57,,,,,,
2/11/69,15.27,28.14,90.52,305.60,23.00,22.73,27.88,612.43,21.66,,,,,,
2/12/69,15.24,27.89,90.89,308.12,23.11,22.99,27.84,609.33,21.66,,,,,,
2/13/69,15.27,27.38,92.00,312.92,23.32,23.06,27.80,607.63,21.75,,,,,,
2/14/69,15.22,27.38,91.76,311.40,23.26,23.48,27.93,606.78,22.02,,,,,,
2/17/69,15.24,27.38,89.90,302.58,22.79,22.96,27.84,607.91,21.80,,,,,,
2/18/69,15.22,26.62,89.16,302.58,22.45,22.40,27.76,594.35,21.31,,,,,,
2/19/69,15.08,26.12,88.66,298.04,22.16,22.37,27.59,588.70,20.78,,,,,,
2/20/69,14.81,25.69,87.92,298.04,22.05,22.40,27.55,579.66,20.15,,,,,,
2/24/69,14.32,24.85,85.94,299.30,21.73,22.05,27.76,579.66,19.93,,,,,,
2/25/69,14.32,25.06,86.06,298.79,21.73,21.88,27.64,579.10,19.53,,,,,,
2/26/69,14.54,25.36,85.94,301.06,21.73,21.72,27.39,583.05,20.07,,,,,,
2/27/69,14.35,25.36,85.69,298.54,21.94,21.69,27.55,583.34,20.07,,,,,,
2/28/69,14.84,25.31,86.34,295.90,22.79,21.72,27.55,585.88,19.71,,,,,,
3/3/69,15.16,25.02,86.84,298.54,22.37,21.64,27.88,583.95,19.67,,,,,,
3/4/69,15.19,25.36,86.84,300.31,22.74,21.77,27.88,585.65,19.22,,,,,,
3/5/69,15.03,25.36,88.33,303.59,23.05,21.71,27.88,585.94,19.36,,,,,,
3/6/69,14.92,25.51,87.83,303.59,22.68,21.71,27.72,585.09,18.29,,,,,,
3/7/69,15.00,25.51,88.08,302.33,22.58,21.84,27.76,575.75,18.38,,,,,,
3/10/69,14.96,25.42,89.46,306.11,22.42,22.04,27.88,581.69,17.67,,,,,,
3/11/69,14.96,25.38,88.96,305.60,22.84,22.00,27.97,588.48,17.93,,,,,,
3/12/69,14.75,25.25,89.46,302.20,22.74,21.90,27.88,587.92,17.93,,,,,,
3/13/69,14.72,24.54,88.58,297.28,23.16,22.00,27.88,585.65,17.76,,,,,,
3/14/69,14.66,24.45,86.84,298.29,23.32,22.17,27.88,583.39,18.29,,,,,,
3/17/69,14.53,24.20,86.96,304.34,23.32,22.33,27.88,586.22,18.47,,,,,,
3/18/69,14.61,24.03,86.46,302.45,23.32,22.82,28.05,582.82,18.47,,,,,,
3/19/69,14.77,24.20,87.21,306.11,23.95,23.05,28.30,584.52,19.00,,,,,,
3/20/69,15.26,24.45,89.83,308.12,24.85,23.18,28.38,582.26,19.04,,,,,,
3/21/69,15.24,24.70,89.21,308.12,24.69,23.25,28.34,579.43,19.53,,,,,,
3/24/69,15.24,25.21,88.71,309.13,24.48,23.08,28.30,579.43,19.71,,,,,,
3/25/69,15.10,25.38,89.33,310.65,24.16,22.53,28.18,577.73,20.07,,,,,,
3/26/69,14.99,25.89,89.83,312.16,24.27,22.53,28.05,579.43,20.86,,,,,,
3/27/69,15.15,26.82,92.33,313.92,24.37,22.79,28.51,578.30,20.78,,,,,,
3/28/69,15.43,26.90,92.08,316.70,24.90,22.82,28.67,580.56,20.91,,,,,,
4/1/69,15.75,26.65,92.58,315.69,24.69,22.62,28.80,577.73,20.55,,,,,,
4/2/69,15.48,26.10,91.08,313.67,24.37,22.43,28.76,572.64,20.15,,,,,,
4/3/69,15.21,25.89,90.21,313.42,23.95,22.53,28.42,569.81,20.60,,,,,,
4/7/69,14.94,26.14,90.58,309.89,23.84,22.40,28.42,565.56,20.47,,,,,,
4/8/69,14.88,26.48,90.33,309.13,24.08,22.40,28.22,563.02,20.42,,,,,,
4/9/69,15.10,27.07,90.46,314.68,24.58,22.85,28.22,563.58,20.69,,,,,,
4/10/69,14.96,27.83,91.58,316.45,24.74,23.21,28.67,562.45,20.55,,,,,,
4/11/69,15.15,28.00,91.45,314.93,25.74,23.18,28.76,560.47,20.95,,,,,,
4/14/69,15.21,28.43,91.08,311.91,25.95,23.05,28.64,559.06,21.09,,,,,,
4/15/69,15.05,28.55,91.70,313.17,26.43,22.92,28.60,559.34,21.31,,,,,,
4/16/69,14.83,28.09,90.58,311.40,26.88,22.46,28.72,553.96,21.26,,,,,,
4/17/69,15.18,28.17,90.46,309.39,26.96,21.90,28.85,547.74,20.95,,,,,,
4/18/69,14.94,28.51,90.83,310.90,26.61,22.00,28.64,547.74,21.35,,,,,,
4/21/69,15.15,28.26,90.33,310.65,26.22,22.04,28.60,547.74,21.13,,,,,,
4/22/69,15.48,28.09,89.58,315.18,25.95,22.13,28.76,548.31,21.44,,,,,,
4/23/69,15.54,27.92,89.58,313.92,25.74,22.10,28.93,553.96,21.80,,,,,,
4/24/69,15.67,27.75,91.95,318.21,24.90,22.69,29.10,574.90,23.00,,,,,,
4/25/69,15.84,27.96,92.45,320.48,25.14,22.62,28.85,584.24,22.55,,,,,,
4/28/69,15.70,26.90,92.33,327.04,25.58,22.72,28.93,591.88,23.08,,,,,,
4/29/69,15.75,27.33,94.70,330.06,26.11,23.08,29.10,602.06,23.04,,,,,,
4/30/69,15.73,28.00,97.57,330.82,26.01,23.47,29.39,602.63,23.00,,,,,,
5/1/69,15.86,28.26,95.82,328.30,25.85,23.38,30.02,606.31,22.20,,,,,,
5/2/69,15.81,28.26,97.44,330.12,25.85,23.41,30.14,608.85,23.26,,,,,,
5/5/69,16.14,28.17,96.69,331.13,26.16,23.44,30.10,617.91,23.48,,,,,,
5/6/69,16.30,27.92,96.32,335.17,26.27,23.44,30.10,623.28,23.44,,,,,,
5/7/69,16.24,28.05,95.45,332.64,26.11,23.41,29.81,618.19,23.17,,,,,,
5/8/69,16.24,27.88,95.45,333.40,26.16,23.51,30.02,614.51,23.22,,,,,,
5/9/69,15.86,27.45,95.94,330.62,26.16,23.54,29.98,621.30,23.26,,,,,,
5/12/69,15.92,26.95,96.07,330.12,26.01,23.57,29.94,621.75,23.00,,,,,,
5/13/69,15.48,27.03,96.07,335.17,26.38,24.13,29.98,619.77,23.53,,,,,,
5/14/69,15.84,27.24,97.32,337.70,26.22,24.23,30.73,623.17,23.79,,,,,,
5/15/69,15.70,27.07,96.32,333.65,26.06,24.13,31.11,624.02,23.75,,,,,,
5/16/69,15.92,27.16,96.57,334.16,26.16,24.00,31.61,618.64,24.50,,,,,,
5/19/69,15.81,27.16,95.20,327.84,26.26,23.93,31.36,604.18,24.11,,,,,,
5/20/69,15.97,27.07,94.82,323.04,26.10,23.74,30.94,596.53,24.42,,,,,,
5/21/69,16.03,27.50,94.95,326.07,26.10,23.93,30.94,596.82,24.86,,,,,,
5/22/69,16.08,27.83,95.82,326.32,26.10,23.80,31.11,602.48,24.68,,,,,,
5/23/69,16.49,27.75,96.19,330.62,26.00,23.64,31.11,614.39,24.50,,,,,,
5/26/69,16.49,27.41,95.20,330.62,25.73,23.57,31.11,621.19,24.50,,,,,,
5/27/69,16.68,26.99,94.82,325.82,25.36,23.77,30.94,612.40,24.02,,,,,,
5/28/69,16.35,26.65,95.57,325.31,25.52,24.13,31.02,618.92,24.02,,,,,,
5/29/69,16.35,27.16,94.07,322.53,25.68,24.26,31.52,622.32,24.19,,,,,,
6/2/69,15.84,26.82,93.82,323.04,25.36,24.00,31.27,615.52,24.19,,,,,,
6/3/69,15.84,26.73,92.83,321.52,25.36,23.85,31.11,616.65,24.55,,,,,,
6/4/69,16.08,25.97,92.95,322.53,25.36,24.08,31.19,619.49,24.59,,,,,,
6/5/69,16.30,26.73,94.48,321.52,25.47,24.38,31.11,618.35,24.33,,,,,,
6/6/69,16.27,26.23,92.98,318.49,25.36,24.71,30.98,611.84,24.42,,,,,,
6/9/69,15.99,26.06,93.35,315.71,25.47,24.51,30.44,608.44,23.84,,,,,,
6/10/69,15.66,26.17,92.22,313.69,25.52,24.35,30.10,604.18,23.88,,,,,,
6/11/69,15.50,26.00,90.71,312.93,25.36,24.58,29.85,578.11,23.53,,,,,,
6/12/69,15.71,25.74,90.09,311.41,25.10,24.18,29.18,587.18,23.13,,,,,,
6/13/69,15.66,25.91,91.97,314.95,25.04,24.44,29.31,589.45,11.54,,,,,,
6/16/69,15.82,25.41,91.09,316.97,24.94,24.08,29.31,588.60,11.63,,,,,,
6/17/69,15.61,25.45,90.71,317.73,24.83,23.85,29.27,586.05,11.85,,,,,,
6/18/69,15.88,25.49,91.47,317.73,24.89,24.25,29.68,591.71,11.59,,,,,,
6/19/69,15.93,25.58,91.22,317.48,24.30,24.18,29.68,595.97,11.54,,,,,,
6/20/69,15.00,25.41,90.84,315.71,24.52,24.64,29.77,609.57,11.41,,,,,,
6/23/69,15.06,24.73,89.58,318.99,24.73,24.51,29.14,608.72,11.41,,,,,,
6/24/69,15.28,25.15,89.33,329.10,24.78,24.51,29.43,632.52,11.36,,,,,,
6/25/69,15.22,25.07,89.33,324.05,24.78,24.58,29.68,641.02,11.10,,,,,,
6/26/69,15.11,24.81,90.21,333.40,24.20,24.58,29.39,665.68,10.92,,,,,,
6/27/69,15.22,25.15,91.22,335.17,23.83,24.41,29.52,671.63,10.97,,,,,,
6/30/69,15.22,25.41,90.46,341.49,23.93,24.35,29.77,658.88,10.83,,,,,,
7/1/69,15.11,26.42,90.97,341.24,23.99,24.51,30.10,669.93,10.74,,,,,,
7/2/69,15.28,26.00,91.34,351.85,23.67,24.84,30.44,668.23,11.05,,,,,,
7/3/69,15.33,26.42,90.46,355.14,23.78,25.36,31.44,678.43,10.83,,,,,,
7/7/69,15.28,26.59,89.96,351.85,23.35,25.23,31.61,663.98,10.92,,,,,,
7/8/69,15.17,26.76,88.20,339.72,23.30,24.74,31.11,651.23,10.83,,,,,,
7/9/69,15.22,26.42,87.45,337.19,23.51,24.48,30.69,638.47,10.70,,,,,,
7/10/69,15.22,25.79,85.44,330.62,23.99,24.51,30.73,622.32,10.65,,,,,,
7/11/69,15.22,25.49,86.82,335.17,24.30,25.10,30.77,626.57,10.65,,,,,,
7/14/69,15.44,25.45,85.56,325.06,23.93,24.51,30.49,611.27,9.81,,,,,,
7/15/69,15.33,24.94,85.06,327.08,24.20,24.44,30.74,601.92,9.72,,,,,,
7/16/69,15.25,25.07,86.57,332.14,24.52,24.87,31.24,638.47,10.08,,,,,,
7/17/69,15.63,25.41,88.33,331.13,25.04,25.30,31.54,632.52,10.30,,,,,,
7/18/69,15.30,25.62,87.70,326.58,24.73,24.77,31.58,632.52,9.94,,,,,,
7/22/69,15.11,25.32,86.32,321.77,24.62,24.38,31.07,622.32,9.32,,,,,,
7/23/69,15.33,25.32,85.44,323.80,24.62,24.18,30.65,639.32,9.63,,,,,,
7/24/69,15.25,25.66,85.31,320.51,24.46,24.02,30.23,620.62,9.63,,,,,,
7/25/69,15.06,25.83,84.43,320.01,24.15,24.05,30.32,605.32,9.68,,,,,,
7/28/69,14.37,24.56,84.43,316.59,24.46,23.66,30.27,595.12,9.63,,,,,,
7/29/69,14.40,24.77,84.81,316.47,24.09,23.23,29.98,591.71,9.32,,,,,,
7/30/69,14.67,25.15,85.81,318.99,24.46,23.33,29.39,612.12,9.94,,,,,,
7/31/69,14.87,25.66,86.57,328.09,24.83,23.89,30.23,634.22,10.21,,,,,,
8/1/69,15.44,26.93,86.82,334.18,24.73,24.41,30.49,640.17,10.25,,,,,,
8/4/69,15.50,26.59,86.57,331.39,25.04,24.18,30.40,639.32,10.12,,,,,,
8/5/69,15.47,28.03,85.94,339.25,25.04,24.31,30.49,656.33,10.65,,,,,,
8/6/69,15.61,27.78,85.69,340.77,25.04,24.35,30.99,649.53,10.65,,,,,,
8/7/69,15.52,27.44,85.19,338.49,25.47,24.31,31.33,656.33,10.65,,,,,,
8/8/69,15.33,27.14,84.68,338.24,26.10,24.21,31.37,646.13,10.79,,,,,,
8/11/69,15.22,26.76,84.56,333.93,26.95,24.25,30.99,646.13,10.83,,,,,,
8/12/69,15.50,27.27,83.43,335.19,27.00,24.12,30.65,637.62,10.43,,,,,,
8/13/69,15.55,27.44,82.80,339.76,26.84,24.18,30.74,646.13,10.79,,,,,,
8/14/69,15.66,27.18,82.80,343.56,28.11,24.51,30.91,655.48,10.83,,,,,,
8/15/69,15.88,28.07,83.43,344.32,27.79,24.71,31.29,652.93,11.05,,,,,,
8/18/69,15.77,28.75,84.31,346.10,27.52,25.17,31.33,664.83,11.63,,,,,,
8/19/69,15.71,29.47,84.43,346.86,27.73,25.43,31.66,663.13,11.54,,,,,,
8/20/69,15.77,29.26,83.43,351.80,28.36,25.43,31.62,657.18,11.54,,,,,,
8/21/69,15.77,29.17,83.93,353.96,28.79,25.63,31.58,661.43,11.59,,,,,,
8/22/69,15.71,29.22,85.19,355.22,29.42,25.63,31.33,664.83,11.90,,,,,,
8/25/69,15.66,28.50,84.81,345.84,28.79,25.23,31.50,647.83,11.76,,,,,,
8/26/69,15.71,28.37,83.80,344.83,28.26,24.84,31.62,644.43,11.72,,,,,,
8/27/69,15.85,28.45,83.93,347.62,28.47,25.56,31.45,642.73,11.72,,,,,,
8/28/69,15.82,28.62,84.18,352.94,28.36,25.56,31.54,655.48,11.72,,,,,,
8/29/69,15.99,28.62,84.18,349.90,28.26,25.23,32.00,653.09,11.94,,,,,,
9/2/69,15.93,28.62,83.55,348.38,28.36,25.32,32.84,652.24,12.07,,,,,,
9/3/69,15.77,28.62,83.93,345.59,28.05,25.22,32.80,642.88,12.34,,,,,,
9/4/69,15.82,28.62,83.18,345.08,27.94,24.82,32.25,643.73,11.99,,,,,,
9/5/69,15.91,28.79,82.04,342.80,28.47,24.76,32.13,630.10,11.72,,,,,,
9/8/69,15.77,28.50,81.79,340.01,28.26,24.23,31.79,619.03,11.28,,,,,,
9/9/69,15.91,29.16,83.18,343.31,28.26,24.53,31.83,633.51,11.54,,,,,,
9/10/69,16.12,29.16,84.18,353.45,28.89,25.09,32.34,653.09,11.50,,,,,,
9/11/69,16.36,29.16,84.93,348.38,28.95,24.82,32.34,647.98,11.94,,,,,,
9/12/69,16.36,29.16,84.18,350.41,29.16,24.96,32.34,653.94,12.07,,,,,,
9/15/69,16.56,31.36,87.37,348.89,29.53,25.35,32.59,658.20,12.03,,,,,,
9/16/69,16.72,32.12,86.74,351.67,29.47,25.35,33.10,653.94,12.21,,,,,,
9/17/69,16.56,32.72,85.22,351.93,29.69,25.42,32.67,651.39,12.16,,,,,,
9/18/69,16.67,31.87,84.84,353.45,30.59,25.42,32.42,663.31,12.07,,,,,,
9/19/69,16.94,31.53,85.09,355.98,31.75,25.52,32.51,688.00,12.07,,,,,,
9/22/69,16.83,31.49,85.98,363.59,31.80,25.58,33.18,707.59,12.16,,,,,,
9/23/69,17.30,32.04,87.62,362.32,32.17,25.78,33.39,693.11,12.92,,,,,,
9/24/69,17.16,33.23,87.62,362.07,31.64,25.75,33.52,691.41,13.05,,,,,,
9/25/69,16.91,32.93,86.61,352.69,31.22,25.78,33.47,688.86,13.05,,,,,,
9/26/69,17.16,31.62,86.61,351.42,30.69,25.52,33.18,694.82,12.74,,,,,,
9/29/69,16.78,31.79,86.49,351.17,30.06,25.05,32.93,684.60,12.47,,,,,,
9/30/69,17.02,32.55,86.11,350.15,29.42,25.05,32.84,679.49,12.34,,,,,,
10/1/69,16.78,30.85,85.98,348.38,29.95,24.82,32.38,664.16,12.03,,,,,,
10/2/69,17.00,32.04,86.23,349.39,29.47,24.99,33.31,681.19,12.25,,,,,,
10/3/69,17.00,31.32,87.24,349.65,30.37,24.89,33.69,664.16,12.43,,,,,,
10/6/69,16.83,31.91,87.62,353.45,31.54,25.02,33.43,676.94,12.25,,,,,,
10/7/69,17.05,31.53,86.86,350.91,31.17,25.35,33.47,670.12,12.65,,,,,,
10/8/69,17.16,31.45,85.85,346.35,31.19,25.35,33.31,671.83,12.56,,,,,,
10/9/69,17.27,31.87,85.22,351.93,31.22,25.68,33.18,682.90,12.56,,,,,,
10/10/69,17.27,32.63,86.36,351.42,31.33,26.14,33.10,689.71,13.14,,,,,,
10/13/69,17.38,35.26,87.24,352.18,31.64,26.37,33.10,688.86,13.85,,,,,,
10/14/69,17.38,34.46,87.88,358.01,31.64,27.20,33.69,703.33,13.63,,,,,,
10/15/69,17.38,34.92,87.62,359.03,31.72,26.90,33.85,717.81,13.85,,,,,,
10/16/69,17.38,35.01,87.75,356.75,31.91,27.20,34.36,733.13,14.03,,,,,,
10/17/69,17.19,34.58,87.62,355.98,31.59,27.13,33.90,739.09,13.85,,,,,,
10/20/69,17.02,34.75,86.74,358.01,31.59,27.07,34.41,759.53,13.58,,,,,,
10/21/69,17.46,36.53,87.24,362.07,31.59,27.86,34.50,782.52,13.76,,,,,,
10/22/69,17.60,36.79,90.41,360.55,32.28,28.26,34.92,765.49,14.16,,,,,,
10/23/69,17.55,36.45,88.64,361.56,31.96,28.03,35.18,745.91,14.25,,,,,,
10/24/69,17.66,36.36,88.13,369.17,32.28,28.52,37.89,745.05,14.07,,,,,,
10/27/69,17.63,36.79,86.74,368.66,32.70,28.49,37.55,740.80,14.12,,,,,,
10/28/69,17.60,38.35,85.09,366.63,32.81,28.62,37.29,733.99,14.29,,,,,,
10/29/69,17.71,37.42,83.57,361.31,32.33,27.96,37.00,722.06,14.03,,,,,,
10/30/69,17.74,38.14,85.47,364.61,32.39,28.06,37.34,727.17,14.34,,,,,,
10/31/69,18.40,38.14,85.22,365.62,32.49,27.73,37.34,723.77,14.16,,,,,,
11/3/69,18.59,37.89,85.47,364.61,32.60,27.46,37.34,715.25,15.00,,,,,,
11/4/69,18.48,38.31,85.47,364.61,32.70,27.46,37.55,717.81,14.92,,,,,,
11/5/69,18.48,39.75,85.60,365.62,32.49,27.63,37.29,727.17,15.36,,,,,,
11/6/69,18.48,39.58,85.09,366.64,32.39,28.06,37.46,731.43,15.05,,,,,,
11/7/69,18.43,39.84,86.11,371.21,32.39,28.62,37.76,744.20,15.45,,,,,,
11/10/69,18.92,41.02,86.11,372.99,32.49,28.72,37.89,730.58,15.36,,,,,,
11/11/69,19.11,40.77,86.36,374.01,32.65,28.72,37.89,713.55,14.92,,,,,,
11/12/69,18.59,39.41,85.35,373.25,33.34,28.52,37.76,725.47,14.56,,,,,,
11/13/69,18.29,39.16,85.35,370.70,32.49,28.32,37.55,720.36,14.47,,,,,,
11/14/69,18.18,39.46,84.59,369.18,31.22,28.45,37.29,713.55,14.21,,,,,,
11/17/69,18.15,39.16,84.21,368.67,30.31,28.32,37.13,721.21,14.29,,,,,,
11/18/69,18.15,39.67,85.35,369.43,31.42,28.32,37.08,725.47,15.23,,,,,,
11/19/69,18.15,40.18,83.83,365.11,32.01,28.45,36.87,718.66,15.27,,,,,,
11/20/69,18.21,39.41,83.19,360.79,31.58,28.32,36.66,695.67,14.83,,,,,,
11/21/69,18.04,39.16,81.93,356.97,31.69,28.19,36.79,695.67,14.61,,,,,,
11/24/69,17.84,38.85,82.69,351.64,31.37,27.00,36.15,708.44,14.29,,,,,,
11/25/69,17.62,40.71,82.05,352.14,31.79,27.13,36.02,696.52,14.78,,,,,,
11/26/69,17.45,42.15,82.05,355.96,31.37,27.40,35.94,714.40,14.87,,,,,,
11/28/69,17.23,42.07,81.17,363.08,31.95,28.26,35.90,734.84,15.27,,,,,,
12/1/69,17.23,40.71,80.53,366.13,31.79,28.44,35.68,735.86,14.96,,,,,,
12/2/69,17.23,40.54,80.03,362.06,31.85,28.97,35.73,733.30,14.65,,,,,,
12/3/69,17.34,40.97,79.14,361.17,32.01,28.87,35.60,723.07,14.43,,,,,,
12/4/69,17.67,42.32,81.59,363.08,32.32,28.71,35.51,726.48,14.74,,,,,,
12/5/69,17.89,41.73,80.83,363.08,32.38,28.74,35.26,712.84,14.83,,,,,,
12/8/69,17.95,40.97,78.91,361.55,31.90,28.64,35.30,716.25,14.43,,,,,,
12/9/69,18.22,40.63,79.68,362.06,31.85,28.81,35.43,717.95,14.29,,,,,,
12/10/69,18.28,41.90,81.59,361.55,32.54,28.71,35.35,729.89,14.69,,,,,,
12/11/69,18.22,41.31,81.34,361.55,32.85,28.51,35.22,732.45,14.56,,,,,,
12/12/69,18.17,42.41,80.32,365.62,32.64,28.51,35.73,730.74,14.38,,,,,,
12/15/69,18.20,41.73,79.42,364.09,32.54,28.77,35.77,703.46,14.56,,,,,,
12/16/69,17.84,41.73,77.51,359.26,32.32,28.87,35.73,696.64,14.16,,,,,,
12/17/69,17.89,41.98,76.48,357.48,33.59,28.77,35.77,691.52,14.21,,,,,,
12/18/69,18.20,43.43,76.87,366.38,33.17,29.77,36.15,716.25,14.47,,,,,,
12/19/69,17.95,44.61,78.91,372.74,34.65,29.97,36.96,716.25,15.00,,,,,,
12/22/69,17.84,43.94,77.89,366.64,35.18,29.97,36.74,706.87,14.56,,,,,,
12/23/69,17.76,42.32,78.27,357.48,34.97,29.67,37.13,712.84,13.89,,,,,,
12/24/69,17.45,41.65,78.91,361.04,36.03,29.84,37.55,707.72,14.21,,,,,,
12/26/69,17.67,42.92,79.42,367.15,36.77,30.27,37.63,704.31,14.52,,,,,,
12/29/69,17.64,43.43,78.53,364.35,37.09,30.30,37.68,691.52,14.38,,,,,,
12/30/69,18.11,44.53,78.66,365.62,37.73,30.10,37.04,706.87,14.69,,,,,,
12/31/69,18.17,45.46,79.17,370.70,38.15,30.04,37.13,721.36,15.14,,,,,,
1/2/70,18.17,45.12,78.27,370.96,37.20,29.57,37.29,712.84,15.72,,,,,,
1/5/70,17.89,43.77,77.89,374.52,36.30,29.41,37.46,715.40,15.98,,,,,,
1/6/70,18.06,42.92,75.59,374.77,36.99,29.64,37.29,703.46,16.07,,,,,,
1/7/70,18.17,44.02,75.97,375.03,36.83,29.37,37.89,716.25,15.98,,,,,,
1/8/70,18.20,45.12,76.61,375.79,37.09,29.57,38.31,723.07,15.98,,,,,,
1/9/70,18.11,46.06,74.70,375.28,37.30,29.51,38.23,729.04,15.54,,,,,,
1/12/70,18.28,47.16,74.57,374.01,36.67,29.51,37.97,729.04,14.92,,,,,,
1/13/70,18.45,49.19,74.82,380.49,36.99,29.44,37.80,728.19,14.65,,,,,,
1/14/70,18.56,51.65,76.23,380.11,37.52,29.37,37.97,734.15,14.69,,,,,,
1/15/70,18.72,50.21,76.36,387.99,37.57,29.24,37.97,761.44,14.61,,,,,,
1/16/70,18.78,49.53,75.97,376.04,37.52,29.24,38.40,758.03,14.47,,,,,,
1/19/70,18.83,48.43,74.57,355.96,37.04,28.84,38.28,724.78,13.89,,,,,,
1/20/70,19.00,49.62,74.82,362.57,37.04,29.04,38.41,726.48,14.29,,,,,,
1/21/70,19.00,49.36,75.59,361.04,37.20,29.24,38.66,724.78,14.21,,,,,,
1/22/70,19.00,48.35,75.72,362.06,37.30,29.11,39.56,730.74,13.94,,,,,,
1/23/70,18.56,48.85,74.57,362.06,37.09,28.97,38.36,726.48,14.07,,,,,,
1/26/70,18.31,51.36,74.57,354.43,37.09,27.78,37.85,717.10,13.85,,,,,,
1/27/70,18.17,50.55,75.72,351.13,36.67,27.91,37.94,706.02,13.85,,,,,,
1/28/70,18.45,50.47,75.72,346.80,34.65,27.45,37.68,695.78,13.63,,,,,,
1/29/70,18.14,48.52,74.95,344.26,33.91,27.11,37.60,683.85,13.23,,,,,,
1/30/70,17.51,48.09,73.93,340.89,33.49,26.85,37.85,686.40,13.41,,,,,,
2/2/70,17.62,48.60,74.70,348.84,35.18,27.25,37.51,694.08,13.85,,,,,,
2/3/70,18.20,48.60,74.19,349.09,34.97,29.11,38.19,707.72,14.38,,,,,,
2/4/70,18.22,49.28,74.19,349.09,33.44,28.31,38.28,694.93,14.74,,,,,,
2/5/70,18.14,48.77,71.38,344.52,34.97,28.64,38.36,708.57,14.92,,,,,,
2/6/70,18.14,50.13,71.63,350.62,34.55,28.31,38.87,700.05,15.72,,,,,,
2/9/70,18.34,50.93,71.63,355.70,36.09,28.71,39.22,711.99,15.67,,,,,,
2/10/70,18.11,50.55,70.48,351.89,36.77,28.58,39.13,692.37,15.32,,,,,,
2/11/70,18.11,52.67,71.89,361.04,36.46,28.71,39.22,694.08,15.23,,,,,,
2/12/70,18.00,51.23,71.51,357.99,35.13,28.91,39.56,682.14,15.05,,,,,,
2/13/70,17.84,51.57,70.36,354.94,34.34,29.17,39.04,666.79,15.32,,,,,,
2/16/70,17.73,51.40,70.87,355.20,34.32,29.34,39.09,670.20,15.18,,,,,,
2/17/70,17.84,52.16,70.10,355.70,33.66,29.27,37.68,678.73,15.09,,,,,,
2/18/70,17.84,53.10,70.99,357.23,33.92,28.81,36.83,700.05,15.67,,,,,,
2/19/70,17.89,52.71,70.99,357.99,33.68,28.84,37.00,688.11,15.80,,,,,,
2/20/70,18.06,51.95,70.10,355.45,33.05,29.17,36.91,672.76,15.58,,,,,,
2/24/70,17.98,51.06,70.36,350.36,32.33,29.67,37.08,665.09,15.09,,,,,,
2/25/70,18.28,51.57,70.61,350.87,33.55,29.84,36.83,665.09,15.98,,,,,,
2/26/70,18.11,50.89,70.23,350.11,32.91,29.11,36.02,645.48,15.94,,,,,,
2/27/70,18.31,50.08,72.02,346.04,33.84,28.97,37.25,620.75,16.03,,,,,,
3/2/70,18.34,49.02,73.29,341.21,33.55,28.58,37.42,638.65,15.80,,,,,,
3/3/70,18.36,48.18,76.28,338.92,33.60,28.64,37.68,654.00,15.98,,,,,,
3/4/70,18.56,46.48,76.80,335.36,33.92,28.51,37.60,625.86,15.80,,,,,,
3/5/70,18.42,46.90,77.06,334.85,33.87,28.24,37.34,630.98,15.49,,,,,,
3/6/70,18.56,46.39,76.67,330.79,33.39,28.34,37.17,639.51,15.54,,,,,,
3/9/70,18.34,44.78,76.02,322.14,33.18,28.11,37.21,644.62,15.40,,,,,,
3/10/70,18.11,44.36,75.77,332.06,32.91,27.78,37.47,644.62,15.85,,,,,,
3/11/70,18.11,45.46,74.09,334.09,33.18,27.64,37.47,639.51,15.58,,,,,,
3/12/70,18.11,46.39,73.58,334.35,33.29,27.11,37.51,622.45,15.27,,,,,,
3/13/70,18.03,46.18,72.42,329.77,32.91,26.18,37.17,615.63,14.43,,,,,,
3/16/70,17.76,45.38,71.26,325.45,32.38,25.85,36.15,615.63,14.38,,,,,,
3/17/70,17.89,46.52,72.42,327.99,32.22,26.05,36.19,622.45,14.83,,,,,,
3/18/70,17.48,48.05,72.42,327.74,32.54,26.91,36.66,629.28,15.27,,,,,,
3/19/70,17.62,47.75,72.29,327.86,32.65,26.91,36.23,615.63,13.58,,,,,,
3/20/70,17.51,47.37,72.03,325.19,32.65,26.25,36.66,616.48,13.58,,,,,,
3/23/70,17.40,47.20,73.06,327.48,32.38,26.42,36.23,609.66,14.43,,,,,,
3/24/70,17.45,48.01,73.96,333.58,32.20,26.85,36.57,627.57,14.74,,,,,,
3/25/70,17.56,49.53,76.15,338.67,33.23,27.64,37.17,638.65,15.09,,,,,,
3/26/70,17.70,49.70,76.41,338.92,33.23,27.64,37.17,641.21,14.87,,,,,,
3/30/70,17.78,50.38,75.77,342.48,33.07,27.55,36.74,620.75,14.69,,,,,,
3/31/70,17.73,50.04,76.02,344.26,32.81,27.11,37.17,620.75,14.38,,,,,,
4/1/70,17.76,51.23,76.80,343.50,32.57,27.18,37.68,615.63,14.38,,,,,,
4/2/70,17.73,51.02,76.80,337.65,32.04,27.08,37.51,619.90,15.27,,,,,,
4/3/70,17.56,51.57,76.54,332.06,32.17,26.58,37.51,593.46,14.34,,,,,,
4/6/70,17.34,49.96,76.80,325.96,31.32,26.45,37.38,585.79,14.03,,,,,,
4/7/70,17.45,48.35,77.57,325.45,30.42,26.55,37.47,573.85,14.03,,,,,,
4/8/70,17.18,47.79,77.44,329.52,30.37,27.18,37.30,585.79,13.89,,,,,,
4/9/70,17.23,47.33,78.22,331.30,31.06,26.65,37.17,584.94,13.50,,,,,,
4/10/70,16.87,46.78,78.73,337.14,31.00,26.61,36.91,590.05,13.14,,,,,,
4/13/70,16.60,45.76,78.47,332.57,30.79,26.25,36.49,587.49,12.79,,,,,,
4/14/70,16.51,46.01,76.93,330.28,31.27,26.32,36.49,574.70,12.79,,,,,,
4/15/70,16.79,46.14,77.31,328.75,31.43,26.45,36.23,570.44,12.30,,,,,,
4/16/70,16.73,45.63,77.57,326.21,31.08,26.05,35.68,555.95,12.39,,,,,,
4/17/70,17.12,44.91,78.09,327.99,31.06,25.65,36.57,578.97,12.34,,,,,,
4/20/70,17.04,45.38,77.96,330.02,31.00,25.78,36.56,593.46,13.05,,,,,,
4/21/70,17.04,44.57,78.34,326.46,30.82,25.65,36.08,582.38,13.18,,,,,,
4/22/70,16.90,43.98,76.54,318.33,30.60,25.39,35.70,578.11,12.74,,,,,,
4/23/70,16.68,43.26,75.51,314.90,29.70,24.62,35.01,567.03,12.65,,,,,,
4/24/70,16.68,41.90,74.74,314.26,29.57,24.82,35.18,566.18,12.61,,,,,,
4/27/70,16.24,39.91,72.80,306.63,29.25,24.99,34.15,564.47,12.65,,,,,,
4/28/70,16.04,40.67,71.77,295.19,29.09,24.79,34.37,561.06,12.65,,,,,,
4/29/70,16.40,44.10,73.58,305.36,30.15,25.25,34.67,581.53,13.32,,,,,,
4/30/70,16.29,43.77,73.45,303.07,30.37,25.05,34.20,582.38,12.96,,,,,,
5/1/70,16.07,43.47,73.58,303.02,30.21,25.02,33.81,583.23,13.32,,,,,,
5/4/70,15.68,40.42,71.13,288.98,29.25,24.52,32.95,553.39,13.01,,,,,,
5/5/70,15.13,38.68,70.23,288.98,28.93,24.42,32.26,553.39,12.30,,,,,,
5/6/70,15.35,41.26,71.39,293.58,29.41,24.46,32.44,551.68,12.47,,,,,,
5/7/70,15.68,41.90,72.29,295.87,29.83,24.46,33.38,572.15,12.52,,,,,,
5/8/70,15.85,41.31,71.39,296.64,29.41,24.32,32.69,564.47,12.12,,,,,,
5/11/70,15.93,40.50,71.51,291.53,28.67,24.36,32.35,544.01,11.36,,,,,,
5/12/70,15.71,40.37,70.61,288.47,28.88,24.39,31.88,535.48,11.05,,,,,,
5/13/70,15.55,40.12,68.55,280.81,28.69,24.12,31.66,525.25,11.01,,,,,,
5/14/70,15.52,41.22,67.65,274.17,28.40,23.89,31.58,538.89,10.97,,,,,,
5/15/70,15.60,42.58,68.68,276.47,29.73,24.16,33.08,550.83,11.32,,,,,,
5/18/70,15.68,41.98,69.45,275.71,30.10,24.12,33.04,557.65,11.76,,,,,,
5/19/70,15.24,40.37,69.07,263.96,28.51,23.69,31.75,529.51,11.19,,,,,,
5/20/70,14.55,39.52,66.23,255.79,28.11,23.13,30.89,515.87,10.88,,,,,,
5/21/70,14.33,38.34,65.46,250.69,27.07,22.20,30.46,509.90,10.48,,,,,,
5/22/70,14.58,36.81,65.72,253.24,26.97,22.13,29.52,516.72,10.25,,,,,,
5/25/70,14.06,34.65,63.65,246.09,25.05,21.96,28.49,494.55,10.03,,,,,,
5/26/70,14.14,33.16,62.37,247.11,23.85,20.93,27.63,487.73,9.86,,,,,,
5/27/70,15.05,35.96,64.81,264.47,25.69,21.80,30.38,518.43,11.45,,,,,,
5/28/70,15.46,38.34,65.84,272.64,26.17,22.40,32.09,532.07,11.54,,,,,,
5/29/70,15.71,39.35,68.42,283.88,27.76,22.33,33.64,559.36,11.54,,,,,,
6/1/70,16.57,41.05,69.32,293.07,28.72,22.79,33.47,565.51,12.61,,,,,,
6/2/70,16.35,40.84,69.07,288.98,28.40,23.26,33.12,560.38,13.01,,,,,,
6/3/70,16.35,41.31,70.23,288.98,29.60,23.63,33.21,574.05,13.01,,,,,,
6/4/70,16.49,39.40,69.71,276.98,29.36,23.26,33.29,550.98,12.79,,,,,,
6/5/70,16.02,40.12,68.68,275.71,28.64,23.16,32.61,551.84,12.39,,,,,,
6/8/70,16.12,39.48,69.45,271.88,28.88,23.53,32.78,538.17,11.99,,,,,,
6/9/70,15.90,40.33,69.32,273.92,28.72,23.80,32.61,530.48,11.94,,,,,,
6/10/70,15.82,40.71,68.55,271.11,28.64,23.63,32.26,515.11,11.28,,,,,,
6/11/70,15.60,39.74,68.84,264.73,29.20,23.09,31.23,509.13,10.92,,,,,,
6/12/70,15.32,39.65,68.58,264.47,29.20,23.09,32.01,521.09,11.59,,,,,,
6/15/70,15.29,41.39,68.58,264.47,29.68,23.43,32.44,521.09,11.81,,,,,,
6/16/70,16.10,43.13,70.27,276.73,31.91,24.16,33.64,538.17,11.76,,,,,,
6/17/70,15.93,42.24,70.14,271.37,31.27,24.23,33.29,528.77,11.76,,,,,,
6/18/70,16.32,43.72,71.31,277.75,31.91,24.53,34.15,539.03,12.03,,,,,,
6/19/70,16.43,43.04,72.61,275.96,31.27,24.70,34.84,546.71,12.56,,,,,,
6/22/70,16.15,43.09,73.26,274.17,31.27,24.73,34.07,548.42,12.47,,,,,,
6/23/70,16.12,41.73,71.96,262.56,30.16,23.63,34.15,523.65,12.03,,,,,,
6/24/70,15.82,41.26,71.70,260.39,29.76,23.50,33.98,519.38,11.41,,,,,,
6/25/70,15.82,42.24,71.44,263.45,29.76,23.50,33.81,510.83,11.59,,,,,,
6/26/70,15.82,40.88,70.14,262.94,29.36,23.13,32.78,496.31,11.54,,,,,,
6/29/70,15.40,40.29,70.14,262.94,29.36,22.93,32.26,492.04,11.90,,,,,,
6/30/70,15.40,39.82,70.27,255.28,29.76,23.30,32.26,498.88,11.85,,,,,,
7/1/70,15.43,40.58,70.53,259.37,29.84,23.53,33.04,506.56,11.81,,,,,,
7/2/70,15.93,39.19,71.31,256.05,29.44,23.26,33.04,496.31,11.76,,,,,,
7/6/70,15.73,36.43,70.01,249.67,29.84,22.96,33.47,487.77,11.45,,,,,,
7/7/70,15.54,37.11,70.01,247.63,28.72,23.13,33.12,481.79,11.32,,,,,,
7/8/70,16.10,41.39,70.66,257.84,29.68,23.33,34.15,508.27,11.63,,,,,,
7/9/70,15.87,40.03,70.79,259.62,30.00,23.56,33.98,515.11,12.21,,,,,,
7/10/70,16.23,39.78,74.56,255.54,30.72,23.76,33.64,513.40,12.21,,,,,,
7/13/70,16.18,39.69,75.08,252.99,30.40,23.80,33.81,512.54,12.07,,,,,,
7/14/70,15.90,40.16,74.95,256.56,30.32,23.80,34.15,502.29,11.81,,,,,,
7/15/70,15.93,41.65,75.21,257.33,30.64,23.86,35.44,508.27,12.16,,,,,,
7/16/70,15.82,41.18,78.08,259.37,30.48,24.06,36.73,517.67,12.79,,,,,,
7/17/70,16.07,41.69,79.77,264.98,31.59,24.83,37.76,519.38,13.14,,,,,,
7/20/70,16.15,40.03,78.99,263.45,31.83,24.87,37.13,499.73,13.14,,,,,,
7/21/70,16.23,39.82,77.17,263.20,31.75,24.73,36.88,497.17,12.96,,,,,,
7/22/70,16.01,39.57,77.69,259.37,31.59,24.46,37.05,498.88,13.01,,,,,,
7/23/70,16.04,40.63,79.12,262.43,31.43,24.46,36.53,503.15,13.23,,,,,,
7/24/70,15.79,38.76,79.77,259.11,30.95,24.60,37.57,505.71,13.14,,,,,,
7/27/70,15.85,37.15,78.73,258.60,30.16,24.60,37.65,504.00,13.27,,,,,,
7/28/70,15.71,37.79,79.38,258.09,30.95,24.36,37.13,485.21,13.36,,,,,,
7/29/70,15.93,37.15,80.29,257.84,31.67,22.33,36.70,494.60,13.63,,,,,,
7/30/70,16.21,36.30,80.29,258.86,31.43,22.03,36.62,497.17,13.67,,,,,,
7/31/70,16.15,34.86,80.03,258.81,31.51,21.66,35.93,498.02,12.87,,,,,,
8/3/70,15.90,34.77,78.08,255.73,30.95,21.46,35.23,481.79,12.52,,,,,,
8/4/70,15.82,35.58,78.60,256.75,30.64,22.29,34.89,491.19,12.07,,,,,,
8/5/70,15.68,34.82,79.12,256.24,30.24,22.26,34.89,492.04,11.54,,,,,,
8/6/70,15.73,34.22,78.47,254.96,30.40,22.19,35.84,485.21,11.50,,,,,,
8/7/70,15.76,34.05,78.60,251.88,30.24,21.66,35.49,478.37,11.76,,,,,,
8/10/70,15.32,33.42,77.95,246.75,29.04,21.49,35.32,460.43,11.54,,,,,,
8/11/70,15.32,33.76,77.43,244.44,28.88,21.12,35.23,467.27,11.54,,,,,,
8/12/70,15.26,31.81,77.69,236.62,28.96,20.72,35.15,456.16,11.32,,,,,,
8/13/70,14.79,31.38,76.51,228.80,28.24,19.82,35.93,451.04,11.05,,,,,,
8/14/70,14.76,31.30,76.77,235.85,27.68,20.02,35.23,458.73,10.83,,,,,,
8/17/70,14.71,32.23,77.04,241.36,27.82,20.69,34.80,463.00,10.52,,,,,,
8/18/70,14.93,32.87,77.43,245.98,28.85,20.99,35.49,464.71,10.83,,,,,,
8/19/70,15.15,31.38,78.34,245.98,28.85,20.79,35.32,474.10,11.10,,,,,,
8/20/70,15.21,31.38,79.38,251.11,29.09,20.76,36.10,481.79,11.10,,,,,,
8/21/70,15.32,33.50,82.24,255.73,30.53,21.06,35.93,498.02,12.07,,,,,,
8/24/70,15.76,33.04,82.76,269.58,31.33,21.19,36.27,511.69,12.52,,,,,,
8/25/70,15.96,34.82,82.11,270.86,31.65,21.39,36.01,526.21,13.10,,,,,,
8/26/70,16.10,33.59,81.85,270.61,31.01,21.39,36.44,525.36,12.96,,,,,,
8/27/70,15.98,34.82,81.85,272.14,30.85,21.32,36.44,521.94,12.74,,,,,,
8/28/70,16.04,35.96,82.24,278.30,31.33,21.09,36.18,543.30,12.79,,,,,,
8/31/70,15.93,35.45,81.72,273.17,31.09,21.39,36.01,534.05,12.61,,,,,,
9/1/70,16.12,35.79,81.33,270.73,31.49,21.26,36.62,533.20,12.61,,,,,,
9/2/70,16.04,35.92,81.07,270.86,30.85,21.59,37.13,540.04,12.65,,,,,,
9/3/70,16.23,35.88,81.98,276.76,32.13,22.20,36.96,549.46,13.23,,,,,,
9/4/70,15.93,35.62,81.85,279.07,32.93,22.47,36.88,556.30,13.14,,,,,,
9/8/70,16.32,35.03,83.02,282.15,33.41,22.47,36.62,553.74,13.76,,,,,,
9/9/70,16.26,34.77,83.15,280.10,34.21,22.06,36.79,547.75,13.81,,,,,,
9/10/70,16.29,34.18,83.28,275.22,33.81,22.30,36.18,534.05,13.89,,,,,,
9/11/70,16.23,35.07,83.54,275.74,33.57,22.43,36.18,533.20,14.34,,,,,,
9/14/70,16.23,34.52,82.89,272.91,33.49,22.47,36.18,527.21,14.29,,,,,,
9/15/70,16.01,34.86,82.50,273.30,32.29,22.00,36.36,530.63,14.16,,,,,,
9/16/70,15.92,36.81,83.28,278.04,33.09,22.60,36.53,537.48,14.25,,,,,,
9/17/70,15.95,37.87,84.32,283.69,33.57,22.70,37.31,546.89,14.12,,,,,,
9/18/70,15.95,38.04,84.19,287.53,33.73,22.87,37.31,554.59,14.56,,,,,,
9/21/70,15.90,37.74,84.35,282.66,33.25,22.77,36.62,552.88,14.52,,,,,,
9/22/70,15.95,37.36,85.01,280.35,32.69,23.07,36.36,549.46,14.21,,,,,,
9/23/70,16.20,38.93,85.53,288.30,32.77,23.61,36.44,561.44,14.47,,,,,,
9/24/70,16.51,41.60,86.05,296.00,33.57,23.51,36.44,583.69,14.69,,,,,,
9/25/70,16.73,41.35,86.84,296.00,34.21,23.48,36.62,589.68,14.78,,,,,,
9/28/70,16.84,40.75,88.15,297.54,33.09,23.54,36.62,587.12,14.83,,,,,,
9/29/70,16.79,41.39,88.94,299.33,33.57,23.38,36.27,599.10,15.23,,,,,,
9/30/70,16.62,39.99,88.55,299.33,33.73,23.81,36.53,596.53,15.27,,,,,,
10/1/70,16.68,39.74,88.42,304.72,33.89,23.54,36.53,592.25,15.05,,,,,,
10/2/70,16.93,40.12,89.20,307.03,34.21,23.88,37.91,602.52,15.27,,,,,,
10/5/70,17.40,40.67,89.73,314.72,35.17,24.05,37.91,625.63,15.09,,,,,,
10/6/70,18.24,39.86,89.20,315.11,35.65,24.42,37.65,620.49,15.09,,,,,,
10/7/70,17.90,40.29,89.07,313.70,35.49,24.42,36.96,611.94,14.69,,,,,,
10/8/70,17.35,39.27,89.33,306.00,34.69,24.22,37.13,599.95,14.29,,,,,,
10/9/70,17.07,39.06,88.55,303.82,33.65,24.22,37.39,588.83,14.21,,,,,,
10/12/70,17.07,39.10,87.63,297.79,33.49,23.54,37.83,581.98,14.29,,,,,,
10/13/70,17.12,39.19,86.71,299.59,34.21,23.58,37.05,589.68,14.65,,,,,,
10/14/70,17.40,39.23,87.37,299.08,34.53,23.41,36.79,589.68,14.78,,,,,,
10/15/70,17.26,39.35,88.68,300.62,34.61,23.48,37.22,595.67,15.18,,,,,,
10/16/70,17.51,39.52,87.37,298.31,33.73,23.14,37.65,587.12,14.92,,,,,,
10/19/70,17.37,39.44,87.10,291.89,33.33,23.27,37.46,587.12,14.56,,,,,,
10/20/70,17.49,40.12,88.02,298.69,35.17,23.31,37.72,594.82,14.87,,,,,,
10/21/70,17.37,39.19,89.20,296.38,34.85,23.81,37.55,598.24,14.92,,,,,,
10/22/70,17.68,39.40,89.33,295.49,35.01,23.34,37.72,581.98,15.14,,,,,,
10/23/70,17.63,40.03,90.25,302.67,35.33,23.61,37.20,588.83,15.27,,,,,,
10/26/70,17.68,39.78,90.38,297.28,35.73,23.48,37.20,588.83,15.32,,,,,,
10/27/70,17.74,40.03,89.60,298.56,35.65,23.31,37.81,587.12,15.23,,,,,,
10/28/70,17.82,41.56,90.65,304.21,35.41,23.31,38.16,594.82,15.32,,,,,,
10/29/70,17.57,40.71,90.12,306.26,35.49,23.44,38.07,594.82,15.27,,,,,,
10/30/70,17.57,40.88,90.25,302.86,36.29,23.54,37.98,592.25,15.14,,,,,,
11/2/70,17.63,42.37,89.86,308.78,36.29,23.68,38.50,599.10,14.83,,,,,,
11/3/70,17.63,42.79,91.30,305.05,36.29,23.95,38.59,607.66,14.56,,,,,,
11/4/70,17.82,42.28,92.22,305.18,36.77,24.08,39.37,584.55,15.09,,,,,,
11/5/70,17.82,42.75,91.17,301.44,37.89,24.22,40.33,571.71,14.96,,,,,,
11/6/70,17.90,43.30,91.04,302.86,37.65,24.28,40.07,571.71,14.52,,,,,,
11/9/70,17.93,45.29,91.30,306.46,37.41,24.35,41.20,570.00,14.38,,,,,,
11/10/70,18.32,45.21,91.43,308.01,37.25,24.22,41.29,572.57,14.43,,,,,,
11/11/70,18.29,45.46,91.17,306.21,37.09,24.08,41.11,570.00,14.34,,,,,,
11/12/70,18.13,43.09,89.86,306.08,36.61,23.95,40.68,568.29,14.07,,,,,,
11/13/70,18.10,43.47,89.20,301.96,36.37,23.78,40.16,568.29,13.98,,,,,,
11/16/70,18.18,44.87,88.94,302.09,35.86,23.88,40.16,575.13,13.45,,,,,,
11/17/70,18.10,44.44,89.20,301.70,36.26,23.88,39.98,573.42,13.72,,,,,,
11/18/70,17.93,44.27,89.33,299.25,35.86,23.78,39.37,569.14,13.32,,,,,,
11/19/70,17.90,44.95,89.99,299.77,36.02,23.78,39.63,571.71,13.50,,,,,,
11/20/70,18.18,47.20,90.52,305.43,36.18,23.68,39.63,580.27,13.98,,,,,,
11/23/70,18.10,47.46,90.65,308.01,35.86,23.68,39.11,585.40,14.25,,,,,,
11/24/70,18.38,47.54,91.30,309.04,36.34,23.75,38.94,591.39,14.29,,,,,,
11/25/70,18.80,48.26,91.70,308.01,36.66,23.68,39.37,593.11,14.34,,,,,,
11/27/70,18.74,49.79,91.83,317.80,37.78,23.68,39.63,605.94,14.83,,,,,,
11/30/70,18.77,50.89,92.75,316.51,37.62,23.81,41.29,613.32,15.40,,,,,,
12/1/70,18.80,50.04,91.83,317.28,37.14,23.86,40.85,600.45,15.27,,,,,,
12/2/70,18.88,50.89,93.01,323.46,37.54,23.96,41.11,610.75,15.54,,,,,,
12/3/70,19.19,50.47,92.09,320.89,36.82,24.47,41.46,606.46,15.58,,,,,,
12/4/70,19.27,50.89,91.83,321.14,36.50,24.88,41.72,612.46,15.80,,,,,,
12/7/70,19.38,50.85,92.78,325.52,36.02,24.84,41.55,622.76,15.49,,,,,,
12/8/70,19.61,49.87,92.38,325.78,36.02,25.45,42.07,615.89,15.89,,,,,,
12/9/70,19.33,49.53,93.57,326.81,36.26,25.48,41.89,610.75,15.63,,,,,,
12/10/70,19.10,49.24,95.03,327.07,36.18,25.35,41.89,590.16,15.58,,,,,,
12/11/70,18.91,50.00,96.21,326.55,35.06,25.45,41.72,593.59,15.58,,,,,,
12/14/70,18.82,48.68,96.08,320.11,34.98,25.21,41.89,598.74,15.72,,,,,,
12/15/70,18.88,47.67,95.82,320.37,36.10,25.18,41.89,602.17,15.76,,,,,,
12/16/70,18.88,47.84,95.95,322.43,37.30,25.15,41.55,596.17,15.80,,,,,,
12/17/70,18.80,48.01,96.48,322.43,36.98,25.38,41.55,580.73,16.20,,,,,,
12/18/70,18.71,47.12,97.01,325.01,37.06,25.18,40.68,585.87,16.38,,,,,,
12/21/70,18.63,47.16,95.03,326.81,36.66,25.18,40.24,581.58,16.16,,,,,,
12/22/70,18.57,47.07,96.21,325.52,36.18,25.15,39.90,573.01,15.80,,,,,,
12/23/70,18.46,46.82,96.88,321.92,36.58,25.18,40.16,574.72,16.11,,,,,,
12/24/70,18.60,46.73,95.95,324.49,36.90,25.21,39.98,589.30,16.20,,,,,,
12/28/70,18.77,47.50,95.16,328.10,36.98,25.42,39.98,584.16,15.98,,,,,,
12/29/70,18.96,49.19,97.14,329.90,37.14,25.79,39.98,586.73,16.34,,,,,,
12/30/70,19.24,48.60,97.67,329.13,36.50,26.36,39.90,588.45,16.47,,,,,,
12/31/70,18.99,47.96,99.25,327.32,36.50,26.80,40.33,593.59,16.47,,,,,,
1/4/71,18.63,46.90,99.25,322.43,36.66,25.72,39.98,590.16,15.85,,,,,,
1/5/71,18.38,47.88,99.78,325.78,37.14,25.72,39.98,597.02,16.07,,,,,,
1/6/71,18.68,50.21,98.86,327.58,37.78,25.72,39.63,605.60,15.98,,,,,,
1/7/71,19.24,51.31,99.25,325.78,39.22,25.76,40.33,601.31,15.94,,,,,,
1/8/71,19.24,50.51,98.99,323.98,39.70,25.72,40.50,594.45,15.76,,,,,,
1/11/71,19.22,51.57,99.12,321.92,40.98,25.76,40.68,585.01,15.89,,,,,,
1/12/71,19.16,52.59,99.25,325.26,41.46,25.92,41.03,590.16,16.16,,,,,,
1/13/71,19.27,52.76,98.99,325.14,41.94,25.92,40.76,591.88,16.20,,,,,,
1/14/71,19.27,53.39,99.92,323.98,42.26,26.06,39.72,587.59,16.34,,,,,,
1/15/71,19.22,53.86,100.71,319.34,41.54,26.36,39.72,584.16,16.43,,,,,,
1/18/71,18.99,53.10,100.71,321.14,38.90,26.03,39.53,592.73,16.96,,,,,,
1/19/71,18.99,52.25,101.37,322.17,39.94,26.13,39.88,596.17,17.00,,,,,,
1/20/71,19.13,51.40,101.90,324.23,40.66,26.33,40.05,603.03,17.09,,,,,,
1/21/71,19.16,52.42,105.86,325.01,40.26,26.53,39.79,603.89,17.36,,,,,,
1/22/71,19.08,51.91,109.70,326.04,40.50,26.67,39.44,613.32,17.71,,,,,,
1/25/71,19.22,53.94,111.55,331.45,40.18,26.47,39.62,622.76,17.76,,,,,,
1/26/71,19.16,53.69,109.43,335.82,41.22,26.47,39.44,634.77,17.93,,,,,,
1/27/71,19.22,53.31,105.86,332.22,40.66,26.06,39.88,633.91,17.58,,,,,,
1/28/71,19.50,53.48,105.60,327.07,40.82,25.99,40.49,651.92,17.62,,,,,,
1/29/71,19.50,53.90,104.94,335.31,41.30,25.79,40.93,666.50,18.11,,,,,,
2/1/71,19.38,54.37,110.75,337.11,41.46,25.72,40.93,669.08,18.11,,,,,,
2/2/71,19.36,55.47,108.51,337.63,42.10,26.13,40.84,663.07,18.20,,,,,,
2/3/71,19.36,56.32,108.90,338.53,42.90,25.99,40.75,664.79,18.29,,,,,,
2/4/71,19.27,58.01,109.43,340.46,42.90,26.33,40.75,675.08,18.38,,,,,,
2/5/71,19.27,59.03,109.43,348.01,43.22,26.47,40.75,671.65,19.09,,,,,,
2/8/71,19.27,58.69,111.28,352.40,43.38,26.40,41.19,663.07,19.13,,,,,,
2/9/71,19.41,57.00,109.96,350.08,43.06,26.53,40.84,655.35,18.91,,,,,,
2/10/71,19.55,55.98,110.75,348.78,45.62,27.11,41.10,648.49,19.00,,,,,,
2/11/71,19.78,56.40,110.49,350.34,44.82,27.08,41.10,656.21,18.96,,,,,,
2/12/71,19.78,58.65,112.74,351.11,44.42,26.80,41.02,661.36,19.09,,,,,,
2/16/71,19.83,58.48,111.81,353.31,44.34,26.53,41.45,653.64,19.00,,,,,,
2/17/71,19.50,58.65,109.96,348.01,44.18,26.60,40.84,647.63,19.31,,,,,,
2/18/71,19.33,58.78,110.22,340.51,44.50,26.64,40.93,649.35,19.22,,,,,,
2/19/71,19.22,58.86,109.43,339.48,43.22,26.30,40.32,643.34,19.13,,,,,,
2/22/71,18.94,58.48,108.90,341.80,43.15,25.82,40.05,638.20,18.82,,,,,,
2/23/71,19.10,57.63,109.56,346.72,44.27,26.06,40.40,644.20,19.13,,,,,,
2/24/71,19.24,59.71,111.41,349.82,44.75,25.79,40.32,645.92,19.44,,,,,,
2/25/71,19.36,60.26,114.32,345.42,45.39,26.06,40.93,651.92,19.44,,,,,,
2/26/71,19.52,60.30,114.32,348.01,45.23,26.06,40.93,660.50,19.71,,,,,,
3/1/71,19.66,63.19,113.79,350.59,45.47,26.09,41.02,669.61,20.51,,,,,,
3/2/71,19.66,66.16,114.32,349.56,45.63,26.01,41.45,661.88,20.69,,,,,,
3/3/71,19.69,64.21,115.28,348.78,45.39,25.94,41.45,662.73,20.60,,,,,,
3/4/71,20.09,66.16,116.34,352.40,46.75,26.07,41.37,667.03,20.91,,,,,,
3/5/71,20.06,66.92,117.41,357.32,48.12,26.01,41.28,683.37,21.09,,,,,,
3/8/71,20.26,68.70,117.27,360.42,48.12,25.97,41.28,685.08,21.66,,,,,,
3/9/71,20.60,71.59,114.88,360.94,49.40,25.87,41.19,686.80,22.42,,,,,,
3/10/71,20.82,73.37,115.54,360.68,51.33,25.87,41.37,695.40,22.42,,,,,,
3/11/71,20.60,69.63,114.61,359.64,48.76,25.94,41.63,695.40,21.75,,,,,,
3/12/71,20.65,68.53,115.54,366.11,47.96,26.11,41.28,694.54,21.75,,,,,,
3/15/71,20.54,68.96,118.07,375.93,48.28,26.55,41.80,720.33,22.51,,,,,,
3/16/71,20.88,68.70,117.54,374.90,50.04,26.96,42.68,732.36,22.64,,,,,,
3/17/71,20.99,67.85,117.54,375.93,50.68,27.03,42.85,729.78,22.82,,,,,,
3/18/71,21.22,68.62,117.41,373.35,50.12,27.16,43.73,723.76,22.68,,,,,,
3/19/71,21.24,68.19,117.80,372.96,49.48,27.06,43.55,740.10,23.17,,,,,,
3/22/71,21.13,66.16,117.41,370.76,48.76,27.26,43.90,730.64,23.17,,,,,,
3/23/71,20.79,67.34,118.20,367.92,47.32,27.23,43.64,731.50,23.40,,,,,,
3/24/71,20.93,67.85,117.67,367.14,47.48,27.03,43.46,722.05,22.82,,,,,,
3/25/71,20.74,68.36,118.20,368.18,47.32,26.92,43.73,710.01,23.00,,,,,,
3/26/71,21.05,70.06,118.87,370.24,48.28,26.69,43.73,707.43,23.44,,,,,,
3/29/71,21.33,71.25,119.13,368.69,49.24,26.86,42.33,716.03,23.97,,,,,,
3/30/71,21.27,70.99,118.87,369.21,49.80,27.50,43.11,719.47,24.15,,,,,,
3/31/71,21.22,68.53,119.13,369.73,49.56,27.26,43.64,728.92,24.33,,,,,,
4/1/71,21.38,69.38,119.40,368.18,49.32,27.40,43.29,726.34,24.33,,,,,,
4/2/71,21.30,68.36,118.74,370.24,49.40,27.64,43.20,740.10,24.82,,,,,,
4/5/71,21.47,69.38,119.67,373.09,49.00,27.50,43.46,747.83,24.90,,,,,,
4/6/71,21.83,68.62,123.52,373.48,49.08,27.57,43.55,753.85,24.50,,,,,,
4/7/71,22.00,69.55,124.45,373.35,49.08,27.33,43.73,751.27,24.95,,,,,,
4/8/71,22.62,68.70,124.19,368.95,48.76,27.03,43.38,743.54,25.17,,,,,,
4/12/71,23.47,70.57,125.92,369.21,49.08,27.23,42.85,750.41,25.48,,,,,,
4/13/71,22.79,69.72,126.05,370.24,49.40,27.47,42.68,746.11,26.01,,,,,,
4/14/71,22.28,69.04,127.64,371.02,50.36,27.84,42.76,744.40,25.88,,,,,,
4/15/71,22.28,69.89,126.85,368.43,50.76,27.43,42.85,734.94,25.53,,,,,,
4/16/71,22.17,71.25,127.11,364.04,51.00,27.60,43.46,727.20,25.57,,,,,,
4/19/71,22.34,73.62,127.11,366.11,51.24,27.78,43.97,711.73,26.15,,,,,,
4/20/71,22.06,73.20,126.18,368.18,51.00,27.40,43.80,709.15,25.88,,,,,,
4/21/71,21.95,74.47,128.04,365.07,50.84,27.43,43.01,706.57,26.06,,,,,,
4/22/71,21.67,75.74,128.04,364.04,50.84,27.40,42.39,709.15,25.75,,,,,,
4/23/71,21.69,76.42,131.10,367.14,50.28,27.20,42.13,718.61,25.75,,,,,,
4/26/71,22.06,81.00,128.84,368.18,50.52,27.09,41.86,720.33,26.46,,,,,,
4/27/71,21.97,72.60,130.30,370.24,51.81,27.64,41.16,717.75,26.64,,,,,,
4/28/71,21.95,78.03,131.90,373.60,53.09,27.64,41.34,731.50,27.26,,,,,,
4/29/71,21.89,76.67,131.63,374.38,53.41,28.05,41.69,736.66,26.86,,,,,,
4/30/71,21.64,76.67,130.70,369.99,54.21,28.25,42.57,730.64,26.64,,,,,,
5/3/71,21.61,78.03,129.64,365.33,53.33,28.80,42.30,734.08,26.64,,,,,,
5/4/71,21.83,79.13,129.24,365.59,53.57,29.34,42.48,749.55,26.64,,,,,,
5/5/71,21.95,81.85,129.37,365.07,54.85,29.34,42.66,746.11,26.37,,,,,,
5/6/71,22.06,79.47,128.18,363.78,57.02,29.92,42.39,749.55,26.90,,,,,,
5/7/71,22.12,79.81,128.57,360.20,58.06,29.75,42.13,742.68,26.81,,,,,,
5/10/71,22.12,81.51,128.44,357.86,57.50,29.75,42.04,740.10,26.32,,,,,,
5/11/71,22.57,83.88,128.84,355.27,57.42,29.95,42.39,733.22,26.50,,,,,,
5/12/71,22.73,85.83,127.91,355.53,56.94,30.02,42.83,747.83,26.81,,,,,,
5/13/71,22.79,86.60,129.51,353.19,56.78,29.78,42.92,742.68,27.61,,,,,,
5/14/71,22.96,84.48,128.44,348.26,56.94,29.61,42.74,738.38,28.37,,,,,,
5/17/71,22.28,82.19,124.19,346.70,55.96,29.00,42.22,730.64,27.43,,,,,,
5/18/71,22.40,83.46,124.72,350.86,56.36,28.86,41.86,734.94,27.43,,,,,,
5/19/71,22.51,83.63,127.51,355.01,56.36,29.20,41.86,730.64,27.61,,,,,,
5/20/71,22.68,84.48,129.37,361.24,56.44,29.14,41.78,733.22,27.57,,,,,,
5/21/71,22.90,84.65,129.11,357.08,55.96,28.93,42.04,731.50,27.48,,,,,,
5/24/71,22.59,82.70,129.11,353.97,55.72,28.66,41.78,726.34,27.52,,,,,,
5/25/71,22.34,80.92,128.18,349.82,56.04,28.32,41.51,727.20,27.66,,,,,,
5/26/71,22.43,80.75,126.71,350.08,55.56,28.25,41.69,727.20,27.70,,,,,,
5/27/71,22.54,80.58,126.85,346.70,55.08,28.22,42.04,726.34,27.88,,,,,,
5/28/71,22.65,82.36,127.51,339.44,55.56,28.32,41.86,722.55,28.06,,,,,,
6/1/71,22.57,84.14,128.71,341.25,55.88,28.25,42.48,732.03,28.41,,,,,,
6/2/71,22.73,83.63,129.11,338.92,56.68,28.46,42.48,740.64,29.65,,,,,,
6/3/71,22.90,82.19,129.90,333.47,57.00,28.76,42.92,739.78,30.72,,,,,,
6/4/71,23.16,79.39,130.57,336.58,57.16,28.66,43.80,755.28,29.57,,,,,,
6/7/71,23.49,77.61,131.37,329.84,56.76,28.88,43.80,759.59,29.65,,,,,,
6/8/71,23.44,77.69,126.85,324.39,56.20,28.67,44.06,756.14,29.30,,,,,,
6/9/71,23.27,77.69,126.58,330.35,56.36,28.54,44.24,747.53,29.12,,,,,,
6/10/71,23.27,76.93,128.97,333.73,56.68,28.40,44.77,745.81,29.61,,,,,,
6/11/71,23.50,77.01,130.57,336.84,57.16,28.26,45.65,766.48,29.43,,,,,,
6/14/71,23.56,76.84,128.71,330.74,58.69,28.19,45.65,757.86,29.57,,,,,,
6/15/71,23.61,75.66,125.78,333.73,60.86,28.19,45.65,775.09,30.56,,,,,,
6/16/71,23.53,76.84,128.18,335.80,61.82,28.13,45.21,789.73,31.30,,,,,,
6/17/71,23.27,77.27,129.46,333.21,60.70,27.99,45.21,809.54,31.16,,,,,,
6/18/71,22.59,75.66,127.32,327.50,60.54,27.65,45.21,785.42,29.50,,,,,,
6/21/71,22.76,74.72,124.38,325.94,59.41,27.65,45.47,773.37,28.03,,,,,,
6/22/71,22.82,74.98,125.71,326.72,58.13,27.65,45.29,775.09,28.57,,,,,,
6/23/71,22.85,76.08,126.78,327.24,59.73,28.06,45.12,776.81,29.10,,,,,,
6/24/71,22.79,76.67,125.18,324.91,60.54,27.58,45.65,768.20,29.57,,,,,,
6/25/71,22.65,75.32,125.45,323.09,59.73,27.75,45.38,767.34,31.03,,,,,,
6/28/71,22.71,75.32,125.18,323.61,59.09,27.31,45.47,776.81,31.23,,,,,,
6/29/71,22.93,76.67,127.32,325.94,60.86,27.58,45.38,787.15,31.96,,,,,,
6/30/71,23.19,77.35,129.99,329.06,61.82,27.89,45.56,799.20,31.83,,,,,,
7/1/71,23.39,76.17,130.26,329.84,62.06,27.72,45.65,803.51,31.43,,,,,,
7/2/71,23.44,76.59,129.73,331.13,61.74,27.37,45.91,808.68,31.43,,,,,,
7/6/71,23.27,77.18,130.26,328.54,61.02,27.20,46.35,811.26,31.70,,,,,,
7/7/71,23.16,78.71,130.53,323.35,60.13,27.78,47.32,818.15,31.90,,,,,,
7/8/71,23.05,78.71,131.60,323.09,60.70,27.78,48.46,816.43,31.70,,,,,,
7/9/71,22.82,78.20,131.06,328.02,61.18,27.85,47.84,819.01,31.50,,,,,,
7/12/71,22.79,77.86,130.53,326.98,61.50,27.82,48.02,816.43,31.63,,,,,,
7/13/71,22.57,72.94,128.12,313.49,61.02,27.92,48.02,805.23,31.10,,,,,,
7/14/71,22.26,76.17,125.71,311.41,60.86,27.92,48.37,800.06,30.36,,,,,,
7/15/71,22.74,74.64,125.18,309.33,61.82,28.02,48.90,802.65,30.10,,,,,,
7/16/71,22.76,74.21,120.63,305.70,61.42,28.16,49.16,794.03,29.97,,,,,,
7/19/71,23.05,74.30,120.63,307.78,60.54,28.09,49.34,789.73,30.36,,,,,,
7/20/71,23.30,74.81,123.31,310.37,61.34,28.37,49.25,790.59,30.36,,,,,,
7/21/71,23.33,72.09,121.70,313.23,61.50,28.74,49.52,794.03,30.96,,,,,,
7/22/71,23.33,72.60,116.62,310.89,61.26,28.61,49.43,796.62,30.90,,,,,,
7/23/71,23.33,73.11,119.03,309.33,63.10,28.71,49.61,800.06,29.97,,,,,,
7/26/71,23.27,72.60,117.16,308.04,62.62,28.78,50.05,801.79,29.30,,,,,,
7/27/71,23.05,70.48,116.62,303.88,61.34,28.61,49.87,784.56,29.43,,,,,,
7/28/71,22.88,70.06,115.02,310.89,60.94,28.61,49.69,775.09,29.17,,,,,,
7/29/71,22.51,68.62,113.68,308.04,60.05,28.47,48.37,781.98,28.83,,,,,,
7/30/71,22.57,69.13,114.21,302.33,60.37,28.13,47.13,775.09,28.77,,,,,,
8/2/71,22.54,68.96,116.89,304.92,59.73,28.47,47.40,757.86,29.83,,,,,,
8/3/71,22.43,67.17,115.55,301.03,57.65,27.78,46.78,732.03,28.83,,,,,,
8/4/71,22.51,67.77,115.28,297.92,58.37,27.78,46.42,737.20,28.17,,,,,,
8/5/71,22.65,69.21,117.42,297.92,57.89,28.02,46.25,744.95,28.57,,,,,,
8/6/71,22.85,69.72,118.76,297.71,56.20,27.65,47.13,754.42,29.30,,,,,,
8/9/71,22.82,69.46,116.62,296.14,55.00,27.51,46.69,749.25,30.03,,,,,,
8/10/71,22.82,68.53,116.62,298.23,56.52,27.75,46.86,744.08,30.30,,,,,,
8/11/71,23.05,70.40,119.30,303.70,58.29,27.51,47.40,764.75,30.90,,,,,,
8/12/71,23.05,71.25,120.63,309.44,59.17,27.61,47.84,776.81,30.76,,,,,,
8/13/71,23.05,69.63,119.03,307.61,60.05,27.31,48.10,778.53,30.63,,,,,,
8/16/71,23.44,73.54,126.25,327.43,62.86,28.06,49.69,816.43,31.63,,,,,,
8/17/71,23.05,73.28,131.60,329.25,62.62,28.13,49.52,820.73,31.90,,,,,,
8/18/71,22.93,72.52,130.26,323.52,60.86,28.40,49.52,809.54,30.36,,,,,,
8/19/71,23.05,72.18,130.26,320.13,60.54,28.33,49.25,802.65,30.16,,,,,,
8/20/71,23.61,72.94,128.92,322.21,60.46,28.71,48.99,806.95,30.90,,,,,,
8/23/71,24.40,74.98,129.73,328.21,61.56,29.56,49.16,806.09,30.96,,,,,,
8/24/71,24.54,77.52,131.33,331.86,61.73,29.49,49.87,816.43,31.36,,,,,,
8/25/71,24.46,79.81,132.13,328.21,61.56,29.91,50.93,819.01,30.96,,,,,,
8/26/71,24.29,78.71,132.67,327.43,60.76,30.04,50.84,816.43,30.36,,,,,,
8/27/71,24.60,79.90,133.20,328.99,60.12,30.11,51.11,828.48,31.30,,,,,,
8/30/71,24.60,77.95,132.67,323.39,57.95,29.80,50.84,810.40,31.43,,,,,,
8/31/71,24.63,77.69,132.67,317.00,58.67,29.32,50.93,799.20,31.30,,,,,,
9/1/71,24.57,77.35,132.94,314.39,58.03,29.84,50.58,807.81,31.16,,,,,,
9/2/71,24.52,78.20,135.08,312.31,58.51,30.08,51.20,811.26,31.83,,,,,,
9/3/71,24.63,79.05,138.29,320.91,58.67,31.36,51.11,822.13,33.09,,,,,,
9/7/71,24.68,77.44,137.75,323.26,58.35,30.95,51.29,822.13,34.03,,,,,,
9/8/71,24.68,77.86,138.29,323.78,58.51,30.68,51.64,834.21,33.69,,,,,,
9/9/71,24.68,77.01,138.55,319.48,58.91,30.54,51.82,826.44,33.63,,,,,,
9/10/71,24.43,76.50,139.62,318.30,58.99,30.26,51.55,822.99,34.43,,,,,,
9/13/71,24.26,76.93,135.61,312.83,58.99,30.02,51.90,816.95,33.96,,,,,,
9/14/71,23.98,76.08,134.27,312.57,58.43,29.85,51.64,801.42,34.09,,,,,,
9/15/71,24.35,76.50,134.81,315.96,58.51,30.19,51.82,805.74,34.56,,,,,,
9/16/71,24.15,77.18,135.08,313.87,58.19,30.54,51.64,803.15,34.29,,,,,,
9/17/71,24.21,77.86,135.61,313.61,58.19,30.95,51.46,812.64,34.23,,,,,,
9/20/71,24.32,77.69,134.01,317.00,57.55,30.95,51.46,811.78,34.23,,,,,,
9/21/71,24.18,76.84,133.15,318.56,57.22,30.98,51.55,797.97,33.03,,,,,,
9/22/71,24.24,76.00,131.80,320.91,57.38,30.68,51.29,793.66,31.96,,,,,,
9/23/71,24.15,75.83,133.68,318.04,57.87,30.74,50.76,800.56,31.56,,,,,,
9/24/71,24.43,75.66,132.34,317.78,57.71,30.78,51.11,800.56,32.23,,,,,,
9/27/71,24.26,74.98,129.11,316.87,57.06,30.37,51.20,799.70,32.63,,,,,,
9/28/71,24.26,74.72,129.11,317.26,56.90,30.61,50.31,799.70,33.03,,,,,,
9/29/71,24.43,73.96,129.65,315.70,57.06,30.54,50.67,796.25,32.76,,,,,,
9/30/71,24.60,73.54,132.34,316.74,58.11,30.88,50.22,795.39,32.90,,,,,,
10/1/71,24.89,73.88,133.42,319.08,57.63,30.81,51.11,803.15,33.29,,,,,,
10/4/71,25.23,67.51,134.76,319.61,57.63,30.81,50.93,801.42,33.16,,,,,,
10/5/71,25.23,69.72,133.42,320.91,57.87,30.92,50.58,804.01,34.43,,,,,,
10/6/71,25.28,71.67,137.18,322.21,58.19,31.43,51.29,800.56,34.96,,,,,,
10/7/71,25.74,70.23,137.72,321.69,57.71,31.57,51.11,796.25,35.43,,,,,,
10/8/71,25.91,69.72,136.91,317.78,57.22,31.74,50.93,794.52,35.29,,,,,,
10/11/71,25.68,69.80,134.49,318.82,57.38,31.71,51.11,790.21,35.36,,,,,,
10/12/71,24.83,68.19,134.22,328.60,58.03,31.71,50.93,789.35,34.63,,,,,,
10/13/71,24.77,66.41,133.68,322.47,57.95,32.12,51.29,791.93,34.23,,,,,,
10/14/71,24.21,64.97,132.61,320.91,57.06,32.08,51.20,786.76,33.43,,,,,,
10/15/71,24.41,66.41,132.88,321.95,56.58,31.78,50.67,772.96,33.23,,,,,,
10/18/71,24.43,66.92,133.15,322.21,56.10,30.95,50.31,773.82,33.43,,,,,,
10/19/71,24.38,67.85,132.88,322.21,54.65,31.36,49.96,762.60,33.49,,,,,,
10/20/71,24.26,68.45,129.11,318.04,55.21,30.54,49.78,757.43,33.16,,,,,,
10/21/71,24.49,70.40,128.57,317.00,56.58,30.61,49.51,762.60,32.50,,,,,,
10/22/71,25.06,69.80,125.88,314.52,57.71,30.54,49.60,771.23,32.70,,,,,,
10/25/71,24.72,71.25,127.23,314.91,57.47,30.54,49.42,781.58,32.23,,,,,,
10/26/71,24.49,72.09,124.81,311.79,57.22,30.26,49.69,769.51,32.36,,,,,,
10/27/71,24.38,72.60,125.35,309.70,57.14,30.40,49.78,747.94,31.50,,,,,,
10/28/71,24.60,72.86,125.35,311.00,57.22,30.88,50.04,747.08,32.03,,,,,,
10/29/71,24.72,73.37,125.35,313.35,57.87,31.60,50.49,758.29,33.16,,,,,,
11/1/71,24.60,70.40,122.12,304.88,57.06,31.16,50.13,747.08,32.96,,,,,,
11/2/71,24.63,70.65,123.19,308.14,57.55,31.09,49.96,747.94,32.50,,,,,,
11/3/71,25.17,72.01,126.15,315.96,57.87,31.47,50.31,778.99,33.96,,,,,,
11/4/71,25.28,70.91,126.15,313.09,58.03,31.50,51.56,778.99,34.16,,,,,,
11/5/71,25.31,70.48,124.81,314.19,57.47,31.78,51.56,767.78,34.29,,,,,,
11/8/71,25.40,69.89,124.81,313.40,57.22,31.74,52.00,772.96,34.29,,,,,,
11/9/71,25.57,69.38,124.81,313.14,56.98,32.15,52.62,783.31,35.09,,,,,,
11/10/71,25.28,69.30,122.92,311.31,56.98,32.46,53.33,770.37,34.16,,,,,,
11/11/71,24.26,69.46,121.31,306.07,57.22,31.29,52.71,760.88,33.29,,,,,,
11/12/71,24.38,69.97,119.97,308.17,57.55,30.68,52.71,758.29,33.29,,,,,,
11/15/71,24.12,69.63,118.89,308.17,57.63,30.92,53.69,754.84,33.29,,,,,,
11/16/71,24.21,71.42,121.04,316.28,58.03,30.74,54.13,753.98,33.96,,,,,,
11/17/71,24.26,72.26,122.92,315.24,57.79,31.50,54.58,755.70,33.56,,,,,,
11/18/71,24.32,70.40,122.39,308.69,57.79,31.71,53.33,750.53,33.23,,,,,,
11/19/71,23.81,68.62,121.58,307.38,58.09,31.71,52.09,730.69,32.36,,,,,,
11/22/71,23.70,67.77,120.23,305.55,57.77,30.95,52.80,729.82,32.50,,,,,,
11/23/71,23.92,68.87,120.77,304.24,57.93,30.61,51.91,729.82,32.76,,,,,,
11/24/71,23.96,69.13,119.97,305.55,57.85,30.54,51.91,735.00,32.23,,,,,,
11/26/71,24.64,73.11,123.73,312.88,58.25,31.29,52.53,762.60,33.03,,,,,,
11/29/71,24.75,76.59,126.96,316.54,59.06,31.91,51.20,766.05,34.63,,,,,,
11/30/71,24.64,79.22,128.57,319.95,60.67,32.43,50.93,770.37,35.69,,,,,,
12/1/71,25.04,78.88,131.53,324.40,61.95,32.50,50.93,783.31,36.76,,,,,,
12/2/71,25.49,79.90,130.40,324.14,61.87,32.98,51.20,785.03,36.42,,,,,,
12/3/71,25.78,82.70,132.56,336.18,61.63,33.29,53.16,795.39,36.36,,,,,,
12/6/71,25.38,80.92,130.94,328.06,61.95,33.58,53.51,795.04,37.02,,,,,,
12/7/71,25.21,83.71,131.21,331.99,61.79,33.61,53.96,800.22,38.62,,,,,,
12/8/71,25.44,86.17,132.83,328.33,62.28,33.92,53.87,808.00,39.62,,,,,,
12/9/71,25.72,84.82,131.21,332.52,61.95,33.44,54.31,808.87,39.02,,,,,,
12/10/71,26.18,85.33,131.75,339.85,63.64,33.68,55.11,824.42,38.49,,,,,,
12/13/71,26.18,84.65,133.64,339.59,63.40,33.58,54.93,823.56,38.36,,,,,,
12/14/71,26.18,83.29,133.37,335.13,62.44,33.65,54.58,810.60,37.96,,,,,,
12/15/71,26.09,83.54,135.54,342.60,63.08,33.99,54.93,828.74,37.82,,,,,,
12/16/71,26.06,85.16,137.70,355.03,63.24,34.06,55.38,837.38,39.15,,,,,,
12/17/71,26.40,86.17,140.41,355.03,63.40,35.03,56.09,842.57,39.69,,,,,,
12/20/71,27.06,89.06,143.92,357.65,63.40,36.14,56.27,864.17,41.15,,,,,,
12/21/71,28.34,90.08,142.03,362.36,63.24,35.93,57.60,872.82,41.15,,,,,,
12/22/71,28.08,89.40,139.32,357.39,61.71,35.24,56.44,870.22,40.55,,,,,,
12/23/71,27.29,91.60,139.59,351.89,61.95,34.68,55.64,867.63,39.55,,,,,,
12/27/71,27.14,96.35,138.51,349.27,62.12,34.41,54.58,865.90,39.02,,,,,,
12/28/71,27.29,94.99,139.05,355.29,62.44,34.27,54.49,875.41,39.09,,,,,,
12/29/71,27.31,92.11,137.70,352.94,63.08,33.86,54.58,867.63,39.49,,,,,,
12/30/71,27.14,91.94,133.64,350.84,63.08,34.06,55.64,864.17,39.42,,,,,,
12/31/71,27.77,93.30,135.54,352.41,63.40,34.27,55.82,865.90,40.35,,,,,,
1/3/72,27.43,92.11,136.35,348.75,62.92,34.62,55.47,848.62,40.02,,,,,,
1/4/72,27.49,92.87,136.08,356.08,63.16,35.38,54.84,859.85,40.15,,,,,,
1/5/72,27.31,91.60,136.35,357.13,63.00,35.79,54.67,869.36,39.89,,,,,,
1/6/72,26.57,90.25,137.97,357.13,63.16,35.69,54.58,869.36,40.35,,,,,,
1/7/72,26.40,91.18,139.32,354.77,63.08,35.72,54.31,860.72,41.49,,,,,,
1/10/72,26.69,91.94,139.59,353.99,63.24,35.55,54.76,855.53,41.82,,,,,,
1/11/72,26.97,91.60,139.59,357.13,62.92,35.86,55.11,857.26,41.42,,,,,,
1/12/72,26.89,92.20,138.78,358.44,62.60,35.65,55.38,848.62,40.49,,,,,,
1/13/72,26.40,92.96,136.62,357.13,61.95,35.24,54.67,839.98,40.42,,,,,,
1/14/72,26.46,96.18,136.08,366.55,61.47,35.34,55.47,834.79,39.95,,,,,,
1/17/72,26.26,97.28,138.51,366.03,61.07,35.51,56.63,857.26,40.15,,,,,,
1/18/72,26.23,99.24,138.24,366.03,61.47,35.65,56.09,861.58,40.22,,,,,,
1/19/72,26.18,102.37,138.51,369.96,61.95,35.38,56.36,860.72,40.22,,,,,,
1/20/72,25.66,99.15,136.89,380.69,62.60,34.68,56.36,864.17,39.95,,,,,,
1/21/72,26.06,100.00,136.35,385.67,61.95,34.68,56.81,868.50,40.29,,,,,,
1/24/72,26.40,98.90,133.91,377.55,61.15,34.68,55.82,869.36,40.02,,,,,,
1/25/72,26.63,98.90,133.37,383.31,61.47,35.31,55.73,884.05,40.09,,,,,,
1/26/72,26.57,99.74,131.75,386.19,62.12,35.24,55.38,883.19,40.55,,,,,,
1/27/72,26.66,105.34,134.99,385.67,62.44,35.79,56.18,884.05,42.22,,,,,,
1/28/72,26.86,109.58,135.81,385.67,63.00,36.00,56.99,892.69,42.55,,,,,,
1/31/72,27.26,107.55,134.18,385.40,63.48,35.93,57.16,888.37,43.95,,,,,,
2/1/72,27.31,107.89,133.91,386.45,63.08,36.03,57.16,885.78,44.95,,,,,,
2/2/72,28.05,105.85,133.91,391.16,62.92,37.03,58.41,883.19,45.55,,,,,,
2/3/72,28.05,106.45,133.10,392.32,63.81,37.79,58.41,886.64,45.55,,,,,,
2/4/72,28.05,106.02,132.56,388.64,67.91,37.93,58.59,892.69,45.28,,,,,,
2/7/72,27.66,104.66,128.23,387.33,66.78,37.10,58.86,889.24,44.68,,,,,,
2/8/72,27.88,105.85,129.85,391.27,66.30,37.17,59.66,897.01,44.22,,,,,,
2/9/72,28.08,105.51,131.21,392.85,66.06,37.72,61.81,918.62,44.35,,,,,,
2/10/72,27.88,106.36,131.48,391.01,65.66,37.38,63.68,924.67,44.81,,,,,,
2/11/72,28.17,105.34,130.94,392.85,66.46,37.38,61.81,916.02,46.28,,,,,,
2/14/72,28.28,107.21,129.85,387.85,66.46,37.03,62.17,916.02,46.61,,,,,,
2/15/72,28.51,110.18,129.58,388.64,67.43,37.31,62.08,929.85,47.01,,,,,,
2/16/72,29.02,111.96,130.67,388.25,67.59,37.24,63.24,924.67,47.94,,,,,,
2/17/72,29.02,111.11,130.94,386.54,69.36,37.59,63.33,924.67,48.28,,,,,,
2/18/72,28.68,111.28,130.94,387.59,68.81,37.48,62.34,924.67,47.15,,,,,,
2/22/72,28.57,111.87,130.40,387.33,68.57,36.83,60.74,922.07,47.34,,,,,,
2/23/72,28.62,113.48,128.50,387.85,66.71,36.90,61.36,924.67,47.34,,,,,,
2/24/72,28.34,112.64,127.15,383.39,66.39,37.45,61.99,926.39,46.61,,,,,,
2/25/72,28.45,112.55,129.04,391.53,64.13,37.28,61.81,931.58,46.48,,,,,,
2/28/72,28.28,112.30,130.67,385.75,65.58,36.48,61.54,924.67,46.48,,,,,,
2/29/72,28.42,113.15,131.21,387.33,66.39,36.90,61.36,924.67,48.08,,,,,,
3/1/72,28.79,116.03,133.87,391.53,67.84,37.07,61.72,949.73,48.01,,,,,,
3/2/72,29.02,115.01,134.15,395.47,67.84,37.36,61.63,960.10,48.48,,,,,,
3/3/72,29.05,110.69,134.15,396.79,68.65,37.74,61.81,972.20,49.01,,,,,,
3/6/72,29.31,109.75,136.32,399.42,69.45,38.12,61.90,976.25,49.81,,,,,,
3/7/72,29.36,108.57,138.23,403.36,70.58,38.30,62.52,974.52,49.21,,,,,,
3/8/72,30.22,106.70,139.32,401.52,71.30,38.19,62.88,973.65,50.08,,,,,,
3/9/72,30.53,104.58,139.32,402.57,73.80,38.05,62.17,986.63,49.94,,,,,,
3/10/72,29.97,101.10,137.68,397.58,71.06,38.02,62.52,977.98,48.61,,,,,,
3/13/72,28.83,103.48,138.23,392.32,69.94,37.81,59.84,966.73,47.48,,,,,,
3/14/72,29.00,103.82,138.23,390.48,71.39,38.12,61.00,953.74,48.08,,,,,,
3/15/72,28.71,104.41,138.50,392.06,71.63,38.09,61.09,957.21,47.81,,,,,,
3/16/72,28.60,104.24,138.23,392.06,71.06,37.98,60.65,958.94,48.74,,,,,,
3/17/72,28.54,103.99,138.50,396.26,70.90,38.23,59.66,958.94,49.01,,,,,,
3/20/72,28.71,101.87,138.77,396.13,70.74,38.57,60.65,958.94,48.94,,,,,,
3/21/72,28.65,101.27,138.23,395.74,70.74,38.64,60.56,941.63,47.68,,,,,,
3/22/72,28.94,102.46,138.77,397.05,70.42,38.99,60.92,932.11,48.21,,,,,,
3/23/72,29.22,104.24,140.40,401.78,71.06,38.85,62.61,939.90,49.81,,,,,,
3/24/72,29.45,104.16,140.13,402.31,70.66,38.57,62.70,950.28,50.34,,,,,,
3/27/72,29.22,108.23,140.40,404.67,70.90,38.92,63.06,974.52,50.34,,,,,,
3/28/72,29.08,108.90,140.40,404.54,72.03,38.99,63.06,991.82,50.61,,,,,,
3/29/72,28.65,108.90,139.32,399.42,71.95,38.64,62.97,971.05,50.94,,,,,,
3/30/72,28.77,107.89,140.68,401.78,71.22,38.54,63.33,979.71,51.54,,,,,,
4/3/72,28.71,109.24,141.22,405.20,71.22,38.85,63.24,979.71,53.67,,,,,,
4/4/72,28.77,108.90,144.49,408.88,71.87,38.92,63.77,1001.34,53.94,,,,,,
4/5/72,29.08,112.13,146.39,412.03,71.87,39.68,64.31,995.29,53.27,,,,,,
4/6/72,28.94,109.41,152.38,410.98,72.43,40.17,65.47,1002.21,53.20,,,,,,
4/7/72,29.40,108.57,152.38,409.14,74.12,40.24,65.56,1009.13,53.40,,,,,,
4/10/72,29.57,107.89,150.47,410.45,74.29,40.10,65.02,1002.21,53.20,,,,,,
4/11/72,29.74,107.21,149.11,410.45,74.29,40.31,65.02,999.61,53.27,,,,,,
4/12/72,29.80,105.85,149.66,417.81,75.17,40.52,64.93,1005.67,53.40,,,,,,
4/13/72,30.31,109.58,151.29,414.39,75.09,41.00,65.02,994.42,53.34,,,,,,
4/14/72,30.14,112.89,152.10,415.18,76.06,40.83,65.38,984.04,54.34,,,,,,
4/17/72,30.31,115.69,150.20,415.18,76.22,41.00,65.11,960.67,55.94,,,,,,
4/18/72,30.31,116.03,149.93,415.97,76.06,41.35,65.20,962.40,57.27,,,,,,
4/19/72,29.91,114.67,149.66,410.98,75.09,40.76,64.93,957.21,55.80,,,,,,
4/20/72,29.34,114.67,147.21,407.56,74.85,40.52,65.56,962.40,54.14,,,,,,
4/21/72,29.17,113.82,148.57,404.67,74.21,40.93,64.75,961.53,54.47,,,,,,
4/24/72,28.77,113.15,148.02,404.67,73.64,40.69,63.77,958.94,54.74,,,,,,
4/25/72,28.48,111.45,147.21,400.99,73.64,40.38,62.78,939.90,55.00,,,,,,
4/26/72,28.88,110.77,145.03,399.42,73.40,40.10,63.32,931.24,56.40,,,,,,
4/27/72,29.17,111.28,145.03,400.47,73.48,40.24,64.66,952.01,56.67,,,,,,
4/28/72,29.77,113.32,147.21,405.72,75.09,40.31,65.65,958.07,56.60,,,,,,
5/1/72,29.68,112.55,146.12,402.04,74.45,39.13,65.47,941.63,56.80,,,,,,
5/2/72,29.11,111.79,144.76,399.42,73.64,39.34,65.65,943.36,57.40,,,,,,
5/3/72,29.22,112.64,140.68,398.36,73.32,38.71,66.73,946.82,57.00,,,,,,
5/4/72,28.94,115.44,144.21,405.59,73.80,38.54,67.26,934.70,57.93,,,,,,
5/5/72,29.05,115.61,144.76,410.07,74.45,39.13,68.61,953.74,58.60,,,,,,
5/8/72,28.77,115.01,144.76,407.44,74.45,38.85,67.89,941.63,58.67,,,,,,
5/9/72,28.88,113.82,142.04,400.05,73.80,38.30,67.18,941.63,56.20,,,,,,
5/10/72,28.88,115.18,142.85,404.80,75.09,38.64,67.09,943.36,56.53,,,,,,
5/11/72,29.42,114.84,144.76,404.54,75.25,38.64,67.18,951.15,55.80,,,,,,
5/12/72,29.45,117.98,148.02,402.95,75.66,38.43,67.44,957.21,56.13,,,,,,
5/15/72,29.51,121.20,147.75,407.70,76.70,38.57,68.16,967.59,56.20,,,,,,
5/16/72,29.51,121.29,148.02,404.80,76.46,38.43,67.71,960.67,57.00,,,,,,
5/17/72,29.40,121.37,146.66,410.86,76.06,38.68,67.62,962.40,56.73,,,,,,
5/18/72,29.34,123.32,149.11,416.14,77.35,39.13,68.34,973.65,59.80,,,,,,
5/19/72,29.65,128.16,149.93,417.98,77.35,40.38,68.34,1021.25,61.13,,,,,,
5/22/72,29.82,132.82,152.65,423.00,78.70,40.65,69.60,1043.75,62.19,,,,,,
5/23/72,29.57,130.96,152.38,424.05,80.72,40.52,69.60,1059.33,62.19,,,,,,
5/24/72,29.80,127.56,151.02,425.10,81.77,40.93,69.78,1083.56,63.93,,,,,,
5/25/72,30.05,126.97,151.29,426.16,81.20,40.86,70.76,1099.14,64.72,,,,,,
5/26/72,30.25,128.75,151.56,426.16,77.73,40.65,70.40,1092.22,65.26,,,,,,
5/30/72,30.37,127.14,152.10,417.19,77.57,40.93,71.39,1059.33,64.92,,,,,,
5/31/72,30.34,125.70,149.66,419.57,77.09,40.59,70.67,1049.81,62.46,,,,,,
6/1/72,30.20,125.02,151.02,420.89,77.90,40.65,70.31,1069.72,61.20,124.01,90.35,39.64,16.17,72.29,
6/2/72,30.08,125.53,150.20,420.36,79.75,39.96,70.13,1083.56,60.20,123.47,91.40,39.52,15.97,73.62,
6/5/72,30.02,125.27,150.20,416.14,80.64,39.75,70.22,1075.49,59.40,121.04,90.18,39.06,15.92,73.73,
6/6/72,29.77,125.02,150.74,414.56,79.03,39.27,71.39,1053.82,58.20,114.56,89.30,38.72,16.26,70.63,
6/7/72,29.62,125.70,147.48,416.93,78.70,39.34,71.75,1048.62,58.60,113.21,90.35,38.49,16.26,70.35,
6/8/72,29.66,124.68,145.78,414.29,78.54,39.61,71.03,1045.16,59.93,115.91,89.30,38.49,16.17,70.46,
6/9/72,29.55,121.12,143.60,412.45,78.86,39.63,70.13,1031.29,60.06,115.10,90.35,38.55,16.26,70.13,
6/12/72,29.32,121.12,145.24,409.02,79.83,39.14,70.13,1040.82,61.53,116.99,90.18,38.43,16.31,70.57,
6/13/72,29.32,122.14,144.69,414.29,79.35,39.00,69.51,1057.29,63.13,116.99,91.05,38.89,16.46,73.51,
6/14/72,29.55,125.36,144.69,421.68,80.80,39.21,69.51,1061.62,65.39,115.64,92.97,39.29,16.46,74.78,
6/15/72,29.55,126.21,145.78,419.30,79.51,39.56,69.60,1060.75,64.99,114.29,93.49,39.18,16.26,74.72,
6/16/72,29.72,126.21,144.69,420.62,78.38,39.35,69.42,1057.29,66.72,114.02,92.44,39.12,16.56,74.23,
6/19/72,29.95,126.21,144.42,418.25,78.70,39.21,68.88,1051.22,65.92,112.94,91.75,39.01,16.75,73.89,
6/20/72,30.18,127.23,145.51,418.78,79.83,40.05,69.78,1049.49,64.86,113.21,92.97,39.01,16.85,75.11,
6/21/72,30.46,128.24,148.79,419.30,79.99,40.88,68.88,1053.82,63.53,115.64,92.09,39.06,16.65,74.67,
6/22/72,30.46,127.56,148.79,417.46,79.83,40.67,69.06,1052.09,64.06,117.80,92.79,39.29,16.70,74.72,
6/23/72,30.52,126.38,146.88,416.67,78.94,40.81,69.42,1040.82,63.66,111.86,93.14,39.52,16.65,75.55,
6/26/72,30.52,126.72,146.06,413.76,78.70,41.23,69.42,1022.62,64.19,108.61,94.19,39.18,16.46,75.44,
6/27/72,30.46,126.21,145.51,413.76,78.70,41.51,69.06,1021.76,63.13,113.21,93.66,38.95,16.46,74.89,
6/28/72,30.46,125.87,144.69,412.05,78.54,42.69,68.07,1029.56,62.59,114.29,92.09,38.89,16.31,74.34,
6/29/72,30.46,125.70,143.87,412.97,78.38,43.46,67.80,1034.76,62.46,116.99,91.57,38.89,16.56,73.34,
6/30/72,30.58,126.55,143.87,413.50,79.19,43.32,66.91,1045.16,63.13,120.50,92.79,38.55,16.61,74.67,
7/3/72,30.63,127.23,144.69,416.80,79.35,43.18,67.62,1046.89,65.12,125.10,93.84,38.49,16.65,74.43,
7/5/72,30.95,128.92,145.78,421.94,79.67,44.85,68.52,1050.36,65.26,129.69,94.89,38.55,16.95,76.75,
7/6/72,31.49,132.31,146.06,425.90,80.88,45.48,69.33,1058.15,66.46,129.69,96.63,38.95,17.29,77.75,
7/7/72,31.26,131.30,145.78,426.16,79.83,46.24,70.31,1053.82,64.46,127.53,98.90,38.37,17.54,78.86,
7/10/72,31.21,129.94,143.32,420.89,79.67,45.55,69.96,1057.29,62.33,126.45,97.85,38.37,17.59,77.09,
7/11/72,31.09,128.24,143.60,418.78,80.15,44.85,70.04,1046.89,61.79,126.72,98.20,38.66,17.59,77.09,
7/12/72,31.04,126.12,141.95,417.46,80.64,44.43,70.49,1033.02,62.19,126.45,99.07,38.72,17.63,76.64,
7/13/72,30.98,125.02,140.04,413.24,80.48,43.04,70.13,1019.16,62.33,121.31,99.07,38.95,17.14,76.09,
7/14/72,31.04,126.89,141.68,414.82,80.96,43.88,69.96,1033.02,61.66,122.12,100.82,40.33,17.54,76.20,
7/17/72,31.18,124.34,140.59,409.28,79.67,43.32,67.80,1023.49,55.80,121.04,99.07,40.10,17.39,74.10,
7/18/72,31.26,125.70,139.77,409.81,79.03,43.46,67.71,1029.56,58.73,122.12,98.37,39.64,17.19,73.04,
7/19/72,30.98,126.72,137.85,411.39,78.14,43.18,69.16,1046.89,59.80,122.12,99.42,39.18,17.29,74.21,
7/20/72,31.15,126.04,137.03,412.18,79.03,42.97,68.08,1048.62,59.53,115.91,100.47,38.83,17.05,73.54,
7/21/72,31.44,126.89,140.04,418.25,78.70,43.11,68.62,1055.55,61.53,118.34,102.04,38.95,17.14,75.26,
7/24/72,31.84,131.30,142.23,420.62,79.99,43.25,68.89,1069.42,62.86,120.50,103.78,39.01,16.75,77.42,
7/25/72,32.18,129.60,140.59,419.83,79.35,44.02,70.24,1062.49,61.79,119.42,102.91,39.12,17.05,77.25,
7/26/72,32.24,130.96,138.95,416.14,79.35,45.76,70.60,1064.22,61.26,119.42,105.52,39.41,16.95,77.97,
7/27/72,33.27,129.26,137.85,418.78,78.46,46.04,70.60,1087.62,58.60,119.15,105.52,40.67,16.85,77.75,
7/28/72,32.87,129.52,138.40,419.83,78.54,46.80,69.97,1091.95,59.93,119.69,105.35,40.21,17.00,76.75,
7/31/72,32.52,129.18,137.85,422.73,78.54,47.08,69.52,1091.95,61.53,119.42,104.13,40.15,16.85,76.03,
8/1/72,33.67,130.87,137.85,432.49,79.35,47.01,69.16,1117.09,62.46,122.39,105.35,40.56,17.19,77.42,
8/2/72,33.38,134.86,139.49,431.43,79.51,47.01,70.42,1114.49,62.73,130.23,105.00,40.90,17.44,78.30,
8/3/72,33.04,134.01,141.68,439.48,79.03,47.64,71.50,1130.08,61.79,132.39,105.35,40.44,17.19,78.58,
8/4/72,32.47,135.71,143.32,440.27,80.15,48.61,71.32,1152.62,60.46,132.66,104.65,40.44,17.29,80.41,
8/7/72,32.47,135.71,145.78,442.12,80.23,48.06,71.50,1159.55,60.33,132.39,104.91,40.38,17.34,81.74,
8/8/72,32.58,134.35,148.24,442.65,79.99,47.22,70.96,1189.02,60.73,130.50,105.26,40.15,17.34,82.51,
8/9/72,32.75,134.69,150.43,448.21,80.64,47.22,69.88,1176.02,60.86,130.50,104.91,40.21,17.39,83.79,
8/10/72,33.15,135.54,150.16,448.21,83.70,46.94,70.33,1170.82,62.86,134.28,105.43,40.21,17.59,83.73,
8/11/72,33.33,135.88,150.71,450.33,84.51,46.80,70.96,1168.22,66.19,135.63,105.61,40.27,17.93,83.46,
8/14/72,33.24,134.69,151.53,449.53,83.94,47.22,72.76,1164.75,67.52,134.55,107.53,40.50,17.93,81.52,
8/15/72,32.98,130.53,151.80,444.77,79.51,47.36,73.12,1143.95,66.06,133.20,105.96,40.38,17.83,79.74,
8/16/72,33.27,130.96,152.07,440.27,80.64,46.94,71.86,1140.48,64.99,132.39,104.38,40.27,17.73,78.64,
8/17/72,33.15,133.33,146.60,437.36,80.96,46.52,70.96,1141.35,65.52,129.69,104.03,40.33,17.78,77.97,
8/18/72,33.33,134.69,147.15,435.51,81.44,46.52,71.32,1154.35,65.26,130.23,105.78,40.38,17.44,78.69,
8/21/72,33.21,133.50,146.06,434.45,80.54,45.55,70.33,1135.28,64.19,129.69,108.05,40.56,17.44,77.03,
8/22/72,33.27,132.65,146.33,436.83,80.38,45.41,70.51,1133.55,63.93,127.80,108.58,40.56,17.34,76.70,
8/23/72,33.21,128.24,144.42,437.10,78.93,45.69,68.89,1130.08,62.99,125.10,107.70,40.44,17.24,76.70,
8/24/72,32.98,124.68,141.95,431.01,79.41,45.76,69.07,1100.62,61.40,124.56,106.48,40.10,17.14,76.70,
8/25/72,32.01,125.19,143.05,429.69,79.17,44.78,68.89,1091.95,61.26,124.56,104.38,40.10,16.95,77.31,1.17
8/28/72,31.89,125.95,143.05,427.84,78.76,43.32,68.98,1088.49,61.00,124.56,104.03,39.92,16.90,76.75,1.16
8/29/72,32.30,126.63,145.51,432.60,78.93,43.74,69.43,1096.29,60.73,126.45,104.91,40.27,17.06,77.47,1.15
8/30/72,32.35,126.04,146.06,431.80,78.93,44.57,69.79,1086.75,60.73,129.69,104.56,39.98,16.96,76.87,1.15
8/31/72,32.35,127.39,145.51,432.33,79.73,45.55,69.79,1085.89,61.40,129.15,104.56,39.64,16.82,77.53,1.13
9/1/72,32.47,127.23,146.88,429.95,80.06,45.48,70.96,1089.08,63.13,134.01,104.91,40.04,16.86,77.86,1.14
9/5/72,32.30,127.06,146.06,428.36,80.38,45.69,71.41,1084.74,62.73,131.58,104.21,39.64,16.91,77.14,1.13
9/6/72,32.09,124.94,145.51,424.66,80.38,45.55,70.69,1065.65,63.66,127.26,103.68,39.58,16.47,76.20,1.14
9/7/72,32.01,121.80,146.06,422.81,80.22,45.90,70.87,1070.86,63.66,127.53,103.86,39.35,15.98,74.43,1.14
9/8/72,31.76,122.14,146.06,422.01,80.62,46.24,70.69,1070.86,62.33,124.83,102.81,39.12,16.23,73.99,1.13
9/11/72,31.53,119.00,145.51,419.63,79.57,45.48,70.24,1067.39,61.26,121.31,101.24,39.12,16.13,72.43,1.14
9/12/72,30.90,118.66,143.05,418.05,78.76,45.06,69.25,1048.29,60.86,118.34,99.66,39.00,15.88,71.33,1.14
9/13/72,31.01,119.93,142.23,421.22,78.76,45.13,69.52,1056.97,61.53,121.04,98.96,38.95,16.08,73.04,1.14
9/14/72,30.98,121.71,142.23,422.81,78.93,45.41,70.24,1063.05,60.46,122.12,101.41,39.00,15.93,72.66,1.14
9/15/72,30.67,120.44,141.68,420.96,78.76,44.99,70.60,1067.39,60.46,122.39,100.89,38.25,16.18,72.21,1.14
9/18/72,30.27,121.29,142.50,419.37,78.60,45.41,70.24,1057.84,61.13,124.01,100.54,37.91,16.23,71.77,1.14
9/19/72,30.44,120.44,142.45,420.16,78.28,45.27,70.24,1048.29,59.93,125.10,101.94,37.39,16.42,72.21,1.13
9/20/72,30.50,122.14,143.00,423.87,78.60,45.13,70.06,1055.24,59.40,129.15,101.94,37.28,16.37,72.27,1.12
9/21/72,30.78,121.12,143.00,422.81,79.09,45.06,69.34,1047.43,58.60,126.45,100.89,37.33,16.42,74.59,1.09
9/22/72,31.13,120.95,142.45,421.49,78.60,44.99,69.70,1041.35,58.73,126.45,100.71,36.70,16.27,75.37,1.05
9/25/72,30.90,119.85,141.35,421.49,78.12,44.57,68.98,1043.95,58.33,125.10,100.36,35.95,16.13,74.54,1.02
9/26/72,31.30,117.73,140.25,421.35,78.28,44.57,69.43,1044.82,58.20,126.45,100.01,36.30,16.42,74.98,1.01
9/27/72,31.82,120.02,144.65,430.75,80.22,44.71,69.79,1065.65,61.00,134.28,100.19,37.91,16.82,76.81,0.99
9/28/72,32.28,122.48,146.02,427.84,81.27,45.20,69.79,1071.72,60.86,134.55,100.54,38.14,16.91,81.90,1.02
9/29/72,32.39,120.95,146.02,430.22,80.38,45.69,70.60,1100.36,59.93,133.20,101.06,38.43,16.86,78.08,1.03
10/2/72,31.96,122.14,143.00,428.89,79.01,44.99,71.41,1102.10,59.26,134.01,99.66,37.79,16.62,78.03,1.08
10/3/72,32.10,122.31,143.55,430.48,80.70,45.69,70.69,1102.10,60.73,134.55,100.01,37.62,16.27,77.73,1.10
10/4/72,31.93,120.27,143.82,426.78,80.54,46.10,70.15,1096.02,61.00,133.20,99.31,37.91,16.27,77.57,1.12
10/5/72,31.41,117.30,142.72,418.05,79.49,44.85,69.88,1073.46,58.86,126.45,97.56,37.74,15.68,75.96,1.09
10/6/72,31.82,117.47,141.90,424.92,80.54,45.83,70.42,1086.48,61.13,128.61,97.74,38.02,15.98,74.96,1.04
10/9/72,31.99,117.56,142.17,423.60,81.02,45.13,70.60,1088.21,61.79,131.04,98.79,38.08,15.88,75.29,1.06
10/10/72,32.39,116.11,143.55,416.99,80.70,45.27,71.95,1093.42,61.66,129.15,98.96,38.02,16.03,76.01,1.06
10/11/72,32.22,113.48,140.25,413.55,80.86,45.06,71.95,1076.06,60.86,124.83,98.26,37.97,15.98,75.46,1.06
10/12/72,31.59,113.48,139.15,406.93,81.02,45.55,70.78,1059.57,60.46,124.56,98.44,37.45,15.83,74.24,1.06
10/13/72,31.36,114.67,137.77,401.11,80.54,45.41,69.70,1060.44,60.73,123.20,97.91,36.93,15.64,73.85,1.06
10/16/72,31.21,114.84,137.22,385.77,79.73,45.13,70.16,1028.33,59.80,122.12,97.21,36.70,15.54,72.91,1.03
10/17/72,31.13,118.83,136.95,391.85,80.22,45.27,70.16,1061.31,61.79,125.37,98.26,36.81,15.68,73.19,1.05
10/18/72,31.24,119.42,137.50,401.11,80.38,45.48,71.15,1069.12,61.79,130.23,100.71,37.33,15.49,73.96,1.12
10/19/72,31.24,121.20,136.12,400.58,80.38,45.27,71.61,1055.24,62.19,129.15,102.81,37.45,15.64,73.85,1.13
10/20/72,31.70,125.53,141.07,409.58,80.06,45.76,71.79,1089.95,62.06,134.01,104.03,37.33,16.03,74.24,1.12
10/23/72,32.33,127.73,141.90,413.28,79.41,45.55,72.33,1120.32,62.73,131.85,104.03,37.79,16.37,77.40,1.11
10/24/72,32.62,127.73,142.17,411.96,79.81,46.10,71.24,1130.73,65.26,132.93,107.36,38.37,16.42,78.07,1.12
10/25/72,32.56,126.72,141.35,405.88,80.54,46.04,71.06,1121.19,64.72,132.93,107.70,38.83,16.18,77.57,1.10
10/26/72,32.73,126.04,140.52,399.52,82.56,46.17,71.97,1112.51,65.39,132.93,110.15,39.06,16.13,77.46,1.10
10/27/72,32.85,127.73,138.60,400.85,81.99,46.10,72.78,1096.89,65.12,132.66,108.23,38.66,16.18,77.01,1.11
10/30/72,33.14,127.90,138.60,401.91,81.83,46.38,73.87,1109.91,65.39,133.20,108.58,38.31,15.93,77.40,1.10
10/31/72,33.02,131.81,140.52,407.99,83.53,47.64,75.95,1108.17,68.05,132.93,110.50,38.49,16.13,78.79,1.14
11/1/72,32.91,133.84,141.90,412.23,85.30,48.47,78.48,1096.89,68.85,131.85,110.85,38.49,16.32,78.51,1.19
11/2/72,32.39,131.97,143.55,413.81,84.41,49.31,77.93,1091.68,68.32,131.58,110.85,38.77,16.91,78.51,1.20
11/3/72,32.85,131.81,144.65,410.51,84.25,49.87,79.92,1110.78,68.19,131.85,110.15,39.41,17.70,77.95,1.20
11/6/72,32.96,129.35,143.82,403.23,82.80,49.10,80.47,1076.06,66.19,134.55,110.33,39.29,17.36,75.29,1.20
11/8/72,32.56,127.23,144.65,399.88,84.17,48.96,79.02,1041.35,64.33,138.06,109.10,39.46,17.41,72.91,1.21
11/9/72,32.39,125.53,143.00,394.57,81.51,49.24,80.65,1041.35,65.66,137.79,108.40,39.52,17.36,71.75,1.21
11/10/72,32.39,125.36,142.45,395.37,80.94,48.75,80.47,992.76,65.79,138.06,107.01,39.41,16.91,70.19,1.21
11/13/72,32.22,125.95,141.90,400.15,79.73,47.92,79.56,1020.52,66.06,140.50,106.21,39.52,16.96,70.69,1.21
11/14/72,32.62,128.24,144.10,412.10,83.12,47.71,79.38,1052.63,65.79,140.50,107.96,40.04,16.91,73.63,1.19
11/15/72,32.88,127.31,147.40,408.11,82.24,48.47,78.57,1027.47,64.19,137.79,109.19,39.93,16.91,72.08,1.19
11/16/72,33.02,131.72,148.77,408.91,81.99,47.92,78.84,1037.88,65.92,135.09,109.19,40.16,16.91,72.74,1.19
11/17/72,32.96,130.28,147.95,407.85,82.22,47.92,77.93,1039.62,66.32,134.01,108.31,41.42,16.91,72.63,1.19
11/20/72,32.96,130.11,147.12,408.91,82.14,47.64,77.66,1041.35,67.39,131.85,107.09,41.42,16.91,72.63,1.18
11/21/72,33.08,131.13,147.67,411.30,79.80,47.64,77.84,1041.35,67.52,132.66,106.91,40.62,16.57,72.41,1.21
11/22/72,32.96,131.38,148.77,418.47,79.23,47.92,79.56,1029.20,67.92,134.01,106.73,40.73,16.82,72.47,1.21
11/24/72,33.08,129.77,149.87,413.16,79.96,47.85,79.47,1034.41,66.59,135.90,107.61,40.67,16.96,72.13,1.21
11/27/72,32.89,129.60,148.77,409.44,79.15,47.22,78.84,1027.47,66.99,134.55,107.09,40.79,17.11,72.30,1.24
11/28/72,33.12,132.82,149.32,405.99,79.23,47.22,78.48,1022.26,66.06,132.93,105.68,40.56,17.14,72.63,1.20
11/29/72,33.06,133.16,149.05,411.04,79.15,47.08,77.39,1030.94,67.52,131.85,106.03,40.44,17.14,73.13,1.15
11/30/72,32.83,135.03,150.10,415.28,79.96,47.29,78.21,1039.62,70.19,131.85,106.38,40.16,17.29,75.63,1.14
12/1/72,32.89,136.05,151.75,422.72,81.33,48.19,78.66,1046.56,71.38,135.09,106.21,40.16,17.39,76.46,1.16
12/4/72,33.40,138.42,154.24,425.37,82.06,48.61,79.20,1052.36,72.05,138.06,106.56,40.39,17.59,76.24,1.20
12/5/72,33.63,138.93,154.24,422.72,81.90,48.85,78.30,1052.36,72.85,138.60,106.03,40.62,17.59,75.96,1.22
12/6/72,33.63,139.10,153.97,421.66,82.54,49.27,79.20,1063.66,74.85,138.06,106.73,41.02,17.59,76.13,1.22
12/7/72,33.92,139.10,153.97,421.39,82.87,49.76,79.38,1068.87,74.31,138.06,106.38,41.54,17.59,75.96,1.21
12/8/72,33.86,140.29,153.97,428.03,83.19,49.90,78.30,1081.04,74.85,137.25,106.91,41.37,17.79,75.85,1.19
12/11/72,33.81,147.24,154.80,429.36,83.19,49.20,78.66,1093.21,73.12,136.71,106.91,41.14,17.84,75.29,1.21
12/12/72,34.33,147.07,153.97,423.78,82.87,49.34,79.20,1037.59,72.58,135.90,106.91,40.91,17.59,75.57,1.19
12/13/72,34.33,150.55,153.69,420.86,83.19,49.83,78.48,1030.64,73.65,134.55,108.31,40.85,17.44,76.29,1.20
12/14/72,34.27,154.11,151.48,420.06,83.03,49.90,78.30,1035.85,75.51,134.55,109.01,40.68,17.39,76.85,1.21
12/15/72,34.10,154.37,151.75,422.85,82.70,49.90,79.20,1041.07,75.38,135.09,108.14,40.73,16.90,76.51,1.22
12/18/72,33.98,149.96,150.93,419.00,80.60,49.90,78.75,1033.24,75.65,135.09,107.44,40.68,16.85,75.52,1.21
12/19/72,33.69,149.62,150.93,414.22,80.12,49.97,78.84,1033.24,78.44,135.90,105.33,40.10,17.05,75.79,1.22
12/20/72,33.35,152.25,151.48,413.69,80.28,49.76,77.57,1025.42,79.37,136.98,106.21,39.75,17.00,75.96,1.22
12/21/72,33.23,153.69,151.20,409.44,81.09,48.78,77.93,1010.65,78.04,135.09,106.21,39.23,17.00,75.13,1.21
12/22/72,33.58,155.72,152.58,414.75,82.06,49.06,78.66,1018.47,79.37,135.09,107.96,39.40,17.09,75.24,1.22
12/26/72,33.46,155.89,154.80,416.08,82.22,49.48,79.74,1023.69,81.37,134.55,108.66,39.23,17.00,76.51,1.20
12/27/72,33.69,157.76,156.45,423.78,83.19,49.55,79.20,1026.29,81.77,137.79,109.71,39.64,16.95,77.95,1.21
12/29/72,34.21,160.64,161.15,426.97,84.32,49.83,80.65,1037.59,81.24,139.96,111.64,40.27,16.95,80.67,1.22
1/2/73,33.78,165.56,163.36,434.40,83.03,50.59,80.47,1049.76,80.31,141.31,110.94,40.62,17.24,81.99,1.22
1/3/73,34.15,165.31,164.47,434.67,83.51,51.15,84.26,1058.45,79.24,147.25,111.47,40.33,17.29,81.99,1.22
1/4/73,34.44,160.64,161.15,437.32,83.27,51.43,82.45,1056.71,78.84,147.79,110.59,39.69,17.49,81.71,1.22
1/5/73,34.27,161.15,162.54,444.76,83.03,52.27,82.27,1053.23,78.71,147.52,111.12,39.46,17.59,81.93,1.21
1/8/73,34.10,155.38,163.36,444.76,82.95,52.83,82.64,1047.15,78.84,146.44,110.94,39.64,17.19,82.26,1.21
1/9/73,34.15,153.18,161.43,443.43,82.54,52.90,82.45,1050.63,78.44,145.36,110.77,39.23,17.19,82.60,1.18
1/10/73,33.46,151.06,162.54,437.06,81.90,54.09,82.27,1051.49,77.51,143.74,110.94,38.94,17.39,81.71,1.15
1/11/73,34.10,151.31,162.81,441.04,82.54,55.00,83.00,1053.23,79.37,145.90,110.59,39.29,17.64,81.76,1.18
1/12/73,33.78,145.21,159.77,446.09,82.46,54.09,83.72,1039.33,78.04,146.44,110.59,39.69,17.34,80.21,1.18
1/15/73,33.40,145.55,159.22,449.54,82.06,53.11,84.37,1023.69,76.18,145.90,109.36,39.64,17.39,77.88,1.16
1/16/73,33.46,146.56,160.32,448.74,81.09,52.97,84.18,1010.65,77.91,145.90,108.31,39.64,17.34,78.43,1.18
1/17/73,33.75,153.01,159.49,450.33,81.33,53.46,84.82,1037.59,79.37,145.36,108.14,40.21,17.34,78.77,1.19
1/18/73,33.81,158.27,158.94,455.51,82.54,53.67,86.09,1054.10,79.64,147.79,108.31,40.62,17.34,81.38,1.19
1/19/73,33.40,165.56,157.84,466.27,83.03,54.23,86.36,1055.84,78.44,150.49,107.96,40.16,17.29,81.15,1.17
1/22/73,33.63,160.98,154.80,463.08,82.70,54.65,85.27,1072.35,77.51,148.87,107.61,40.16,17.14,81.26,1.15
1/23/73,33.81,155.55,154.80,471.84,84.32,53.95,86.09,1080.17,77.91,148.87,107.09,40.39,17.00,83.60,1.11
1/24/73,33.75,142.83,151.48,463.08,82.87,53.11,84.64,1060.18,77.51,142.12,106.38,39.75,16.85,82.87,1.13
1/26/73,33.29,146.56,154.52,464.94,83.59,53.39,80.92,1084.52,77.64,139.96,104.81,39.17,16.25,82.60,1.12
1/29/73,33.12,146.39,154.24,468.92,83.19,52.34,79.47,1077.56,77.38,136.44,102.00,38.13,16.25,82.60,1.08
1/30/73,33.40,145.55,153.69,466.27,82.54,52.76,78.11,1077.56,76.84,137.79,101.65,38.42,16.30,82.82,1.06
1/31/73,33.58,144.70,154.80,462.55,81.73,52.55,78.92,1068.87,76.84,135.90,102.35,38.54,16.55,83.15,1.05
2/1/73,33.06,136.56,151.48,455.64,79.15,51.43,79.38,1049.76,73.51,131.31,105.51,38.25,16.50,80.82,1.07
2/2/73,33.06,131.81,152.03,456.44,79.15,50.31,79.83,1051.49,70.85,132.39,105.68,38.48,16.40,79.93,1.07
2/5/73,33.12,133.67,152.58,456.71,79.63,51.29,79.10,1055.84,70.19,134.01,106.21,38.13,16.30,79.27,1.07
2/6/73,33.03,137.91,152.31,464.94,81.41,51.71,79.65,1057.58,71.38,135.90,106.56,38.83,16.30,80.82,1.06
2/7/73,33.00,138.08,148.16,467.23,80.77,52.06,79.20,1053.23,71.65,134.01,107.96,38.42,15.96,80.15,1.08
2/8/73,33.03,140.97,149.27,466.16,80.93,51.92,79.01,1058.45,73.12,135.63,108.49,38.77,16.21,80.21,1.06
2/9/73,33.23,141.14,153.14,475.22,81.90,52.97,79.65,1084.52,78.31,138.33,110.86,38.77,16.45,81.04,1.06
2/12/73,33.86,139.10,154.24,477.88,81.90,53.46,80.56,1125.36,78.31,138.33,112.44,38.88,16.55,82.99,1.10
2/13/73,33.86,134.35,157.28,480.55,80.85,54.58,81.46,1146.22,79.64,139.42,116.31,38.83,16.90,83.21,1.10
2/14/73,33.69,130.79,153.97,474.82,80.20,53.95,80.10,1119.28,77.78,135.36,114.38,38.48,16.65,82.43,1.10
2/15/73,33.40,129.43,154.52,470.42,79.96,54.09,78.38,1120.15,76.58,135.09,115.96,38.60,16.85,81.93,1.11
2/16/73,33.35,132.48,154.80,470.16,80.22,53.95,78.56,1126.23,75.25,135.36,119.12,38.94,16.85,81.93,1.14
2/20/73,33.43,133.50,154.52,476.29,79.73,54.72,77.83,1137.53,75.38,136.98,119.47,39.00,16.95,81.26,1.16
2/21/73,33.06,131.64,151.48,472.82,76.82,54.09,77.38,1145.35,74.05,134.01,118.59,38.77,17.09,80.04,1.15
2/22/73,32.94,130.45,150.10,473.09,78.92,54.23,76.47,1147.08,74.71,132.93,120.17,38.71,17.19,80.38,1.12
2/23/73,32.94,129.43,146.23,461.90,77.79,53.95,75.93,1126.23,73.91,125.10,118.94,38.65,17.00,79.54,1.13
2/26/73,32.37,130.11,146.78,459.24,77.87,52.76,76.75,1104.20,72.05,129.15,117.01,38.65,16.90,77.38,1.12
2/27/73,31.65,128.58,147.06,450.71,77.71,52.55,77.65,1097.24,66.99,127.53,117.01,38.42,17.00,76.55,1.11
2/28/73,32.31,130.28,148.67,459.77,78.28,51.71,77.56,1103.33,68.32,131.04,118.24,38.13,16.81,77.38,1.10
3/1/73,32.19,128.07,147.28,454.97,75.93,50.73,76.02,1093.76,68.99,128.61,119.12,38.48,16.81,74.94,1.09
3/2/73,32.94,130.45,148.39,470.96,76.98,51.71,78.02,1103.33,71.38,129.15,120.88,38.48,16.76,76.38,1.08
3/5/73,33.40,135.71,149.22,467.49,78.11,52.09,79.65,1147.70,71.92,129.69,121.05,38.84,16.71,77.16,1.05
3/6/73,34.04,141.81,150.61,465.90,80.05,54.40,80.47,1163.37,74.58,131.85,121.93,39.30,16.76,79.93,1.00
3/7/73,34.33,142.32,152.00,469.89,82.72,54.68,80.92,1169.46,74.18,133.74,126.15,39.71,17.11,80.60,0.98
3/8/73,34.35,139.78,151.72,469.36,81.35,54.54,81.46,1143.35,72.98,133.20,124.04,40.11,17.31,80.93,1.03
3/9/73,34.15,137.57,152.28,468.29,80.54,54.96,80.10,1125.08,73.25,134.01,122.63,40.29,17.41,80.93,1.01
3/12/73,34.08,136.05,151.17,471.49,81.67,55.38,80.19,1148.57,73.65,134.55,124.57,40.00,17.21,80.04,1.02
3/13/73,34.28,137.06,150.89,473.89,82.16,56.36,80.56,1149.44,73.78,135.90,124.21,40.34,17.16,79.32,0.99
3/14/73,34.54,135.37,151.17,478.15,82.16,55.80,80.83,1175.55,73.51,136.44,125.80,41.27,17.11,79.93,1.01
3/15/73,34.25,130.62,150.33,473.09,81.11,55.38,81.10,1170.33,72.85,136.71,126.50,40.87,16.96,79.27,0.99
3/16/73,33.90,130.79,148.39,472.56,82.56,55.17,80.37,1159.01,72.58,135.63,125.80,40.63,17.11,78.66,0.98
3/19/73,33.62,129.77,145.06,466.56,80.62,54.54,79.83,1131.17,71.12,133.74,122.28,40.75,16.96,78.38,0.96
3/20/73,33.67,130.96,146.17,466.43,80.05,53.42,78.38,1116.38,70.98,132.39,120.88,40.46,16.96,78.16,0.94
3/21/73,33.21,125.70,142.28,458.70,79.57,51.67,76.75,1085.92,67.12,129.15,117.71,39.88,16.56,73.72,0.92
3/22/73,32.52,121.80,141.44,453.38,77.63,51.18,75.48,1065.04,66.32,124.01,112.09,38.72,15.82,72.44,0.76
3/23/73,32.29,122.48,140.33,456.04,79.41,52.44,76.66,1035.46,66.99,126.18,114.55,38.55,15.67,72.72,0.77
3/26/73,32.00,124.17,140.61,460.84,78.92,52.72,76.20,1051.12,70.58,123.74,118.77,38.20,15.92,74.60,0.78
3/27/73,32.23,126.89,142.55,466.16,80.54,53.77,77.83,1085.05,71.52,126.45,120.17,38.61,16.76,75.05,0.81
3/28/73,32.35,125.36,143.67,462.97,80.86,54.26,76.38,1061.56,71.92,127.80,119.82,38.49,16.81,75.27,0.80
3/29/73,32.11,131.64,145.06,467.49,80.22,54.68,75.20,1073.74,73.25,129.15,122.98,39.53,16.71,75.16,0.80
3/30/73,32.29,126.89,143.39,459.77,78.52,53.63,73.30,1052.86,70.98,126.45,120.52,38.66,16.36,72.16,0.80
4/2/73,32.00,127.56,139.50,456.04,76.42,51.74,68.58,1038.07,70.72,119.69,120.17,38.26,15.97,69.50,0.81
4/3/73,31.65,127.73,138.39,452.04,76.09,51.46,68.40,1027.63,69.12,116.72,119.12,38.32,15.92,69.01,0.81
4/4/73,31.77,124.85,135.33,450.71,76.42,52.16,70.12,1023.27,67.65,109.97,116.31,37.79,16.02,67.40,0.81
4/5/73,31.77,127.90,137.00,450.58,76.66,52.16,71.30,1027.63,68.45,111.32,115.61,38.26,15.57,67.90,0.77
4/6/73,32.29,120.61,137.27,451.25,77.79,52.65,71.21,1034.59,72.72,116.99,117.19,38.32,15.82,69.68,0.77
4/9/73,32.86,130.11,140.05,457.64,79.81,53.00,71.76,1068.52,73.12,119.69,119.47,38.49,15.92,70.46,0.77
4/10/73,33.15,130.79,142.55,462.70,81.03,54.33,72.94,1071.13,71.52,126.45,119.47,39.30,16.27,72.74,0.77
4/11/73,33.07,127.06,143.39,458.44,80.54,54.05,72.75,1069.39,71.25,123.47,119.29,38.95,16.22,72.18,0.77
4/12/73,33.44,123.49,142.83,460.57,79.57,53.00,73.21,1067.65,70.72,124.56,118.06,38.43,16.22,70.57,0.77
4/13/73,33.50,123.66,142.83,457.91,79.89,53.14,72.85,1065.04,69.79,121.31,117.71,38.43,16.22,69.57,0.77
4/16/73,33.10,125.19,142.00,453.11,79.57,52.44,73.77,1051.12,69.79,116.45,117.19,38.20,16.22,70.68,0.76
4/17/73,33.12,124.17,142.00,452.84,78.76,52.72,73.86,1037.20,68.85,111.32,117.36,38.08,16.07,71.79,0.76
4/18/73,33.15,124.85,141.72,460.30,78.92,53.77,74.95,1059.82,69.52,115.64,118.06,37.85,16.17,72.29,0.75
4/19/73,33.27,124.17,142.55,457.11,79.25,54.26,76.68,1077.22,69.92,117.26,118.42,39.07,16.17,78.96,0.77
4/23/73,32.98,125.87,141.72,453.38,79.65,54.68,74.49,1083.31,68.72,111.59,118.24,39.30,16.22,80.08,0.80
4/24/73,31.51,125.19,139.78,442.46,76.33,53.28,72.76,1070.26,67.12,111.32,117.89,39.76,15.97,77.18,0.82
4/25/73,31.25,122.14,133.38,434.20,76.74,52.16,72.13,1040.68,63.66,109.15,115.25,39.59,15.82,74.35,0.82
4/26/73,32.11,122.48,135.33,436.59,77.63,51.67,72.85,1037.20,65.26,108.88,114.20,39.65,15.52,76.85,0.81
4/27/73,32.11,119.59,134.50,431.80,76.09,49.49,72.49,1007.61,62.99,104.29,112.27,38.78,15.62,74.74,0.80
4/30/73,31.88,120.44,131.72,434.73,76.66,49.49,72.58,979.77,63.26,105.10,112.97,38.84,15.67,75.96,0.79
5/1/73,31.48,122.98,133.11,442.59,76.50,49.63,72.67,1002.39,64.19,113.21,113.50,38.72,15.67,76.18,0.79
5/2/73,31.54,122.48,132.83,442.59,77.31,52.16,74.04,1047.64,66.86,117.80,117.36,38.61,15.67,79.52,0.78
5/3/73,31.77,127.90,133.66,451.78,77.31,52.44,74.59,1063.30,70.05,121.85,119.12,38.72,16.02,80.91,0.78
5/4/73,31.83,126.21,137.83,450.87,76.17,53.28,74.49,1063.30,71.12,124.56,119.29,38.95,16.17,80.69,0.80
5/7/73,31.19,126.38,137.00,445.79,74.39,52.44,74.04,1070.26,70.72,116.72,118.06,39.24,16.17,80.69,0.79
5/8/73,31.54,130.45,137.27,451.14,76.98,53.21,73.86,1073.74,73.78,119.42,119.82,39.24,16.17,84.97,0.79
5/9/73,31.42,129.77,137.55,442.58,74.88,52.44,74.49,1075.48,72.05,117.80,119.65,38.95,16.17,85.41,0.80
5/10/73,31.36,129.94,135.61,438.84,76.01,51.60,73.95,1077.22,69.79,118.07,119.29,38.95,16.17,85.80,0.80
5/11/73,31.13,128.24,132.83,433.63,76.33,49.91,73.22,1038.94,67.12,115.37,117.54,38.43,16.17,83.25,0.79
5/14/73,30.55,126.55,129.49,423.48,74.15,49.42,73.13,1017.18,64.19,109.15,116.22,37.62,16.02,81.52,0.76
5/15/73,30.96,127.56,131.44,427.62,75.36,50.05,73.22,1016.31,68.72,112.94,117.98,38.14,16.17,83.69,0.75
5/16/73,31.05,126.21,131.16,427.62,75.93,50.48,73.22,998.04,66.06,112.94,119.92,38.14,16.02,81.97,0.75
5/17/73,30.76,123.83,128.38,424.41,75.20,50.41,72.76,983.25,64.06,109.15,119.39,38.14,16.02,81.52,0.76
5/18/73,30.81,119.59,125.05,415.86,73.26,49.21,72.58,988.47,64.99,105.91,117.63,38.14,15.82,79.41,0.76
5/21/73,30.50,117.39,125.05,413.45,73.18,48.58,70.85,991.95,65.79,105.91,114.81,38.43,15.82,83.69,0.76
5/22/73,30.96,120.10,125.88,416.93,72.21,49.35,71.40,1025.02,67.12,107.80,116.04,38.43,15.82,84.13,0.76
5/23/73,31.19,120.95,126.71,416.66,72.45,49.98,72.04,1031.98,68.85,109.69,118.33,38.43,16.02,85.41,0.74
5/24/73,32.29,127.56,132.27,428.15,74.64,51.11,72.85,1068.52,72.05,121.04,122.03,39.24,16.36,89.25,0.73
5/25/73,32.58,128.41,133.11,436.17,74.80,50.97,73.31,1073.74,72.98,119.69,123.26,38.95,16.76,87.97,0.76
5/29/73,32.81,125.87,133.66,432.29,75.12,50.62,72.67,1072.00,72.32,119.42,122.38,38.95,16.96,86.64,0.80
5/30/73,32.98,125.02,133.11,426.28,74.96,50.05,71.76,1047.64,68.72,115.37,121.33,38.43,16.82,83.19,0.78
5/31/73,32.52,120.27,132.27,420.60,75.04,50.05,71.03,1027.63,67.65,110.51,121.85,38.43,16.63,81.52,0.78
6/1/73,31.59,116.37,129.22,414.25,73.91,48.65,71.40,1019.79,68.05,110.51,119.21,38.43,16.43,81.08,0.78
6/4/73,31.36,117.90,129.22,413.92,72.86,48.16,70.49,1005.64,68.72,108.34,117.80,37.45,16.08,81.97,0.78
6/5/73,31.88,121.63,132.55,423.61,74.40,49.59,72.49,1038.76,71.12,114.29,119.39,37.45,16.63,83.63,0.77
6/6/73,32.26,119.42,132.27,420.94,73.91,50.16,73.22,1039.63,70.05,115.64,118.33,36.93,16.82,82.86,0.71
6/7/73,32.75,122.14,135.85,430.29,75.53,51.35,75.40,1066.64,72.05,118.34,118.51,37.45,17.37,84.08,0.70
6/8/73,33.08,122.14,136.13,433.30,75.77,51.92,76.13,1065.77,69.79,122.12,121.15,38.27,17.37,86.19,0.70
6/11/73,32.79,121.12,134.45,431.63,76.26,51.92,76.13,1060.54,68.19,118.61,120.09,37.45,17.77,86.19,0.69
6/12/73,33.14,124.17,136.69,439.98,77.88,53.18,77.95,1084.07,70.72,121.31,123.97,39.08,17.57,88.31,0.66
6/13/73,33.60,122.48,134.17,440.31,77.88,53.04,76.50,1080.59,69.52,115.64,124.50,39.08,17.77,87.53,0.62
6/14/73,33.86,118.40,131.66,428.95,77.71,53.11,76.41,1084.94,64.19,114.29,124.32,38.56,17.57,84.97,0.54
6/15/73,33.60,115.69,129.70,425.28,77.23,51.63,74.40,1071.87,63.39,111.32,121.33,38.27,17.57,85.41,0.53
6/18/73,33.14,114.33,128.02,419.60,76.18,51.78,74.13,1065.77,63.26,109.97,121.33,37.45,17.57,84.52,0.53
6/19/73,32.67,114.84,129.14,424.95,76.58,51.21,75.40,1071.87,63.66,117.80,122.56,36.93,17.57,83.19,0.55
6/20/73,33.02,113.82,129.42,429.62,76.90,50.30,75.95,1076.23,63.66,119.42,121.85,36.93,17.57,83.19,0.61
6/21/73,32.67,109.41,127.74,421.60,74.80,49.73,75.31,1065.77,62.33,115.91,119.56,37.45,17.57,81.52,0.62
6/22/73,32.85,103.99,127.74,423.28,75.45,49.81,74.68,1064.90,59.93,119.42,120.80,37.45,17.57,82.41,0.61
6/25/73,32.09,97.03,125.51,412.58,73.34,48.82,72.76,1050.96,57.40,115.64,116.04,37.45,17.57,78.52,0.58
6/26/73,32.41,101.78,127.18,417.93,75.45,49.52,74.31,1064.90,60.73,119.69,115.34,37.74,17.77,76.41,0.52
6/27/73,33.02,101.78,127.46,418.60,75.61,50.37,73.77,1073.61,59.26,119.69,114.63,38.27,18.17,76.41,0.53
6/28/73,32.91,105.17,129.42,427.28,73.99,51.14,75.22,1087.56,60.60,123.74,117.10,38.27,18.72,78.52,0.53
6/29/73,33.17,104.16,128.30,423.61,73.75,50.58,75.77,1084.94,60.86,122.39,117.63,38.27,18.52,76.41,0.53
7/2/73,32.82,100.76,126.91,407.91,73.34,50.58,75.04,1065.77,59.66,119.96,118.33,37.74,18.37,74.41,0.55
7/3/73,32.36,101.27,126.35,398.89,71.80,48.96,73.22,1043.11,59.26,116.72,116.22,37.74,17.97,74.86,0.57
7/5/73,32.01,102.63,126.35,400.89,70.75,47.84,73.22,1043.98,58.60,117.80,114.28,36.93,17.97,76.08,0.57
7/6/73,31.98,101.95,126.35,401.23,71.72,46.85,72.13,1012.61,59.26,117.80,111.11,36.93,17.97,73.97,0.57
7/9/73,32.56,111.28,126.35,408.24,74.15,46.92,72.76,1010.87,62.59,123.74,110.76,36.93,17.77,76.08,0.55
7/10/73,32.76,109.58,127.18,419.60,75.29,46.92,74.49,1049.21,60.60,126.72,112.70,36.93,18.37,78.20,0.55
7/11/73,33.43,114.50,133.61,427.62,77.07,48.40,77.23,1073.61,64.06,125.10,116.92,37.45,19.11,81.21,0.54
7/12/73,33.14,116.88,132.22,419.27,76.42,48.12,76.68,1062.29,65.12,122.39,118.86,37.74,19.11,81.21,0.53
7/13/73,33.08,114.33,129.70,414.25,76.01,47.69,76.59,1056.18,63.93,120.50,119.92,37.45,18.92,81.65,0.53
7/16/73,33.69,121.46,131.66,426.28,76.58,48.96,77.83,1074.49,67.65,126.45,120.09,38.27,19.11,85.55,0.59
7/17/73,33.28,118.40,133.06,414.25,75.53,50.09,77.38,1073.61,66.72,124.01,121.33,39.08,19.31,83.77,0.60
7/18/73,32.88,120.78,136.41,419.93,75.93,49.81,78.47,1067.51,67.92,126.45,120.27,39.37,19.71,85.11,0.64
7/19/73,33.22,122.81,138.09,420.94,76.10,49.95,77.92,1080.59,68.99,127.80,121.15,39.08,19.86,87.22,0.67
7/20/73,33.28,119.25,137.81,420.94,76.42,50.44,77.74,1089.30,70.32,129.15,120.45,37.74,20.06,91.01,0.72
7/23/73,33.14,120.44,140.04,417.93,75.61,49.95,78.47,1094.53,69.39,128.61,121.15,38.27,20.46,90.23,0.76
7/24/73,33.17,122.14,138.93,416.59,75.93,50.30,79.75,1120.67,71.38,131.04,125.20,39.08,20.46,93.69,0.85
7/25/73,33.31,125.53,142.28,426.28,76.74,51.56,83.05,1115.44,71.52,133.20,129.07,39.08,20.86,94.91,0.91
7/26/73,33.43,125.02,142.28,425.95,77.07,51.63,82.50,1125.90,70.32,133.20,128.37,39.08,20.46,93.69,0.87
7/27/73,33.22,124.85,143.40,424.95,76.50,52.34,82.68,1123.29,68.59,135.36,126.78,39.37,20.26,97.03,0.79
7/30/73,33.57,126.21,143.68,428.62,76.26,52.27,81.67,1122.41,71.25,136.98,125.90,40.19,19.86,97.47,0.82
7/31/73,33.37,120.10,140.32,420.27,76.50,52.34,82.77,1104.11,68.99,133.20,124.50,39.66,19.71,95.36,0.85
8/1/73,33.02,118.07,138.09,416.26,76.01,51.21,81.58,1102.37,68.19,132.39,122.03,39.66,19.71,92.79,0.80
8/2/73,33.43,121.12,137.53,418.26,76.10,51.21,82.86,1103.24,67.39,133.74,124.32,39.08,19.51,93.69,0.79
8/3/73,33.20,120.61,138.65,416.26,75.93,50.79,82.50,1100.63,67.12,131.85,125.02,39.37,19.51,95.36,0.78
8/6/73,33.51,121.12,140.60,415.59,75.61,50.51,82.13,1100.63,66.99,132.39,117.80,39.37,19.71,97.92,0.78
8/7/73,33.63,119.76,137.81,411.58,74.96,50.93,82.59,1098.01,66.72,131.85,118.68,39.37,19.71,97.03,0.77
8/8/73,33.34,117.05,134.45,407.72,74.56,50.65,80.67,1091.04,66.86,128.61,118.51,39.08,19.86,94.47,0.73
8/9/73,33.31,116.71,133.33,407.05,74.80,50.51,79.75,1084.07,67.39,129.69,118.86,39.37,19.86,93.69,0.74
8/10/73,33.31,115.35,134.45,404.03,73.83,50.44,79.30,1066.64,67.26,129.15,117.80,39.08,19.71,92.79,0.76
8/13/73,32.76,112.98,133.89,404.37,73.34,49.66,78.11,1062.29,68.72,130.23,117.04,39.08,19.51,92.79,0.76
8/14/73,32.67,114.50,134.45,402.02,73.91,48.12,72.99,1051.83,67.65,127.80,115.80,38.56,18.92,92.79,0.73
8/15/73,32.91,115.52,135.29,405.71,73.83,48.19,72.07,1064.03,66.86,127.80,114.74,37.74,18.52,93.69,0.73
8/16/73,32.70,113.65,135.63,403.03,73.75,47.69,71.25,1047.47,64.46,127.80,111.74,37.74,17.57,90.23,0.74
8/17/73,32.47,114.33,135.91,403.03,73.99,46.92,71.70,1043.98,66.06,128.61,110.33,37.45,17.37,91.01,0.76
8/20/73,32.38,109.75,134.78,402.02,73.10,46.64,70.97,1033.53,65.39,126.45,109.45,37.45,17.37,91.46,0.72
8/21/73,32.44,108.57,133.38,399.34,72.78,45.73,70.88,1027.43,65.66,126.18,108.39,36.93,17.37,91.90,0.70
8/22/73,32.41,108.57,133.94,399.34,73.42,45.02,70.52,1020.46,66.46,125.91,109.80,36.93,17.37,90.23,0.70
8/23/73,32.88,111.45,134.78,401.35,73.75,45.73,70.97,1046.60,68.99,128.61,112.27,36.93,17.77,92.35,0.71
8/24/73,32.50,112.64,131.97,400.01,73.59,47.13,70.52,1044.86,68.85,127.53,115.45,36.93,17.57,91.90,0.74
8/27/73,32.96,113.99,130.56,408.39,74.07,47.27,74.27,1042.24,69.65,128.88,115.98,37.45,17.97,93.24,0.76
8/28/73,33.60,116.37,130.56,407.72,75.69,47.55,72.89,1062.29,69.92,127.80,116.68,37.45,18.03,92.35,0.76
8/29/73,33.37,118.57,130.85,408.05,75.69,47.27,74.45,1082.33,70.72,126.45,112.98,38.27,18.58,94.47,0.76
8/30/73,32.96,115.69,131.13,406.71,76.58,46.43,71.34,1074.49,69.79,124.83,109.80,37.74,18.23,94.02,0.74
8/31/73,32.65,116.37,133.10,403.70,77.15,45.96,72.07,1076.89,69.79,126.45,107.33,37.59,18.58,95.80,0.75
9/4/73,32.67,114.50,133.94,398.16,77.72,45.04,73.17,1071.66,69.12,126.72,106.09,37.88,18.23,97.92,0.77
9/5/73,32.91,113.32,132.82,399.34,77.64,44.97,72.99,1068.17,69.12,128.61,105.74,37.59,18.03,98.81,0.77
9/6/73,33.25,110.26,131.41,400.01,77.39,44.62,72.44,1047.22,68.85,129.69,104.50,37.88,18.03,98.36,0.77
9/7/73,33.46,107.21,130.85,397.16,74.23,44.05,71.52,1044.60,68.32,131.04,100.97,37.88,17.63,97.92,0.76
9/10/73,32.78,103.82,130.28,393.30,73.75,43.91,70.24,1033.26,68.59,129.69,101.86,38.41,17.43,96.58,0.76
9/11/73,32.99,104.16,128.31,383.58,74.07,45.32,69.88,1020.17,68.99,128.34,104.68,37.88,17.08,94.47,0.74
9/12/73,33.22,107.55,127.47,389.61,73.50,46.45,69.51,1017.55,69.92,126.18,106.62,37.88,17.08,95.80,0.69
9/13/73,33.16,109.92,127.75,391.96,74.72,47.44,70.06,1038.50,72.58,125.10,109.09,37.59,17.28,96.58,0.68
9/14/73,33.30,112.64,131.69,399.67,76.67,47.44,70.42,1055.08,70.45,123.74,108.56,38.41,17.63,100.04,0.69
9/17/73,33.13,109.92,135.35,364.80,76.91,47.72,70.61,1029.77,72.18,125.37,107.68,38.70,17.83,102.15,0.71
9/18/73,33.13,106.70,133.38,348.04,76.91,47.16,71.25,972.17,71.78,126.45,107.33,38.70,17.63,103.49,0.74
9/19/73,32.90,106.36,135.91,363.13,77.64,47.44,71.43,1012.32,72.58,131.85,114.21,39.23,18.23,107.72,0.79
9/20/73,33.30,111.45,140.41,360.44,77.64,47.44,71.61,1026.28,74.98,134.28,112.98,39.52,18.23,109.50,0.81
9/21/73,33.77,110.77,142.95,348.71,77.96,46.88,71.98,1028.02,76.98,135.09,110.33,39.81,18.03,107.28,0.81
9/24/73,33.80,112.30,146.04,337.31,78.45,46.88,71.52,1016.68,76.44,134.55,112.98,40.63,18.03,106.50,0.79
9/25/73,34.09,110.77,145.20,348.04,77.80,47.44,70.79,1035.01,77.11,134.55,111.04,41.15,17.83,107.72,0.80
9/26/73,33.92,109.58,145.48,349.38,77.88,46.81,71.70,1028.90,75.65,135.90,110.33,40.33,18.03,106.05,0.80
9/27/73,33.83,108.06,142.95,348.71,77.15,46.95,72.25,1017.55,75.91,135.90,112.98,39.81,17.83,107.72,0.80
9/28/73,34.00,107.38,141.82,346.03,76.83,46.24,72.44,999.22,74.85,132.93,112.98,39.81,17.83,106.94,0.80
10/1/73,33.89,106.70,141.26,345.69,75.61,45.54,72.44,986.13,75.11,131.58,110.68,40.63,17.83,108.61,0.79
10/2/73,33.74,109.58,143.51,342.67,75.37,46.03,71.25,986.13,76.44,133.20,111.04,40.63,18.03,113.45,0.78
10/3/73,33.01,106.53,143.79,333.28,74.64,47.02,69.42,975.66,76.05,131.58,108.39,40.63,17.83,113.90,0.79
10/4/73,32.35,105.34,144.63,337.31,73.99,47.23,68.78,961.70,73.51,129.69,106.80,40.33,17.63,111.78,0.80
10/5/73,32.78,106.19,149.42,348.04,75.37,48.22,70.15,982.64,73.38,131.04,109.09,40.33,17.63,115.57,0.81
10/8/73,32.72,108.57,149.70,351.05,75.77,49.42,71.98,977.41,74.98,132.39,111.04,40.63,17.83,117.35,0.80
10/9/73,32.84,107.89,152.79,351.05,76.02,49.84,70.24,1014.06,73.38,129.69,112.98,40.33,18.03,117.80,0.80
10/10/73,33.25,106.36,149.70,367.48,75.37,49.49,69.51,988.75,74.71,128.34,111.56,39.81,17.83,116.91,0.80
10/11/73,33.36,108.40,151.11,376.87,75.53,49.84,70.97,1012.32,78.04,130.23,112.98,40.33,18.43,121.15,0.80
10/12/73,33.54,102.46,149.98,378.21,76.67,50.27,72.07,1019.30,76.71,130.50,112.45,40.33,18.58,122.93,0.83
10/15/73,33.16,100.08,145.48,374.53,76.99,49.70,73.50,995.73,75.51,129.15,114.74,40.33,18.43,117.35,0.83
10/16/73,33.19,99.07,146.04,378.05,76.99,50.13,73.96,1008.82,74.58,130.50,114.21,40.33,18.58,116.46,0.81
10/17/73,33.19,97.37,147.45,379.89,76.42,50.41,74.97,1008.82,74.05,129.69,114.04,40.33,18.98,116.02,0.81
10/18/73,33.36,95.67,148.57,385.59,76.02,50.90,74.24,1013.19,74.05,132.93,114.04,40.33,18.98,112.56,0.81
10/19/73,33.45,95.84,150.82,390.95,77.31,50.41,73.32,1026.28,74.05,134.01,117.92,40.33,19.38,113.90,0.81
10/22/73,33.13,95.67,151.67,375.53,77.48,49.14,73.69,1006.21,74.18,131.04,117.21,40.33,19.18,115.23,0.80
10/23/73,33.42,97.03,151.11,383.58,78.37,49.77,75.53,1012.32,75.25,128.88,118.10,40.63,19.58,117.80,0.82
10/24/73,33.30,97.20,151.95,385.59,78.12,49.70,75.16,1015.81,75.11,129.69,117.92,41.15,19.93,119.03,0.82
10/25/73,33.25,97.71,150.54,387.60,78.45,50.83,76.26,1019.30,75.25,130.50,120.21,41.15,19.93,118.13,0.81
10/26/73,33.71,97.71,152.51,382.91,79.91,50.48,77.55,1028.02,76.71,134.28,121.27,41.15,20.13,119.03,0.81
10/29/73,33.48,97.54,153.36,382.24,80.39,51.18,76.72,1028.02,77.38,132.39,119.69,41.15,20.13,118.13,0.83
10/30/73,33.48,96.86,150.54,373.52,79.10,50.13,75.89,1021.04,76.44,131.04,116.68,40.63,19.58,114.34,0.85
10/31/73,33.16,96.18,147.17,375.87,78.37,48.57,75.80,1022.79,74.85,132.39,115.98,40.63,19.58,111.33,0.83
11/1/73,33.42,92.11,144.63,377.21,77.48,48.36,75.71,1022.79,73.51,130.50,115.98,39.81,18.78,111.33,0.81
11/2/73,33.60,88.21,144.07,375.87,78.20,48.85,75.34,1021.04,73.91,129.96,115.63,39.52,18.58,109.21,0.80
11/5/73,33.68,84.99,142.10,371.17,77.39,48.50,74.42,993.12,71.25,126.72,115.45,39.23,18.43,107.87,0.76
11/6/73,33.13,84.82,141.26,370.17,77.80,48.43,73.50,974.79,70.32,119.96,115.45,38.70,18.43,105.31,0.75
11/7/73,33.60,85.16,142.66,371.17,79.26,48.71,73.50,996.61,70.19,123.20,115.63,39.23,18.23,104.86,0.74
11/8/73,33.48,85.83,149.98,380.09,79.26,49.00,76.08,1006.21,71.25,123.20,116.68,39.23,18.23,106.20,0.74
11/9/73,33.42,81.42,148.85,374.87,78.53,49.42,74.42,986.13,69.79,117.26,117.21,38.70,17.83,103.19,0.72
11/12/73,33.07,73.28,148.01,382.78,78.61,49.14,74.24,970.43,66.59,116.99,117.51,38.41,17.63,104.08,0.70
11/13/73,32.90,73.62,151.95,390.19,77.88,50.69,73.50,986.13,67.39,117.80,118.39,37.88,17.83,103.19,0.65
11/14/73,32.84,71.42,147.73,386.48,77.80,50.05,72.31,969.55,64.33,114.02,119.45,37.07,17.83,101.51,0.65
11/15/73,32.78,71.92,144.07,377.06,77.48,50.41,73.32,992.24,63.13,112.94,119.81,37.07,18.23,101.85,0.66
11/16/73,32.93,73.11,145.76,383.12,78.04,50.27,75.16,998.35,63.53,110.24,121.40,37.88,18.58,103.19,0.66
11/19/73,30.83,67.51,141.54,371.67,77.23,49.42,73.23,963.44,59.26,103.75,117.68,36.77,17.83,101.07,0.62
11/20/73,31.01,63.10,140.41,366.28,74.96,49.21,72.03,963.44,59.93,102.94,114.50,36.48,17.83,100.62,0.57
11/21/73,31.15,62.09,140.69,372.68,76.02,48.85,71.39,959.95,54.87,105.10,115.91,36.48,18.23,102.74,0.55
11/23/73,30.98,59.54,141.82,366.96,76.10,48.15,70.93,935.52,50.21,105.91,114.32,35.96,17.63,105.75,0.55
11/26/73,30.39,57.17,139.29,358.20,74.64,47.44,70.01,914.57,50.61,99.70,111.84,34.03,17.63,102.74,0.50
11/27/73,30.27,56.32,136.47,354.84,74.80,46.81,70.47,893.63,53.01,98.89,110.43,32.92,17.72,102.29,0.53
11/28/73,30.25,62.93,140.98,362.58,76.75,48.01,70.75,924.17,56.87,102.40,108.84,32.40,17.92,104.53,0.55
11/29/73,30.48,60.73,143.51,358.20,76.42,48.57,70.20,904.10,56.47,100.51,107.60,32.10,17.72,104.86,0.55
11/30/73,30.27,59.71,143.00,356.86,75.77,48.01,69.83,883.16,53.67,95.38,109.37,31.29,17.17,101.85,0.55
12/3/73,29.49,58.52,135.92,348.10,75.04,47.64,70.38,855.18,52.21,93.48,107.24,30.70,16.57,97.16,0.53
12/4/73,29.22,60.22,134.79,343.73,72.53,47.78,70.93,865.67,50.87,91.32,107.07,30.84,16.37,94.15,0.52
12/5/73,29.25,56.83,135.07,341.03,71.07,46.58,69.19,856.05,50.21,89.97,106.53,31.43,16.22,89.02,0.51
12/6/73,28.93,59.71,138.47,351.13,73.18,47.21,70.38,884.91,58.20,94.29,109.72,32.54,16.37,92.03,0.53
12/7/73,29.17,59.54,141.02,356.86,74.96,47.36,70.20,914.64,56.73,101.05,112.20,33.37,17.37,88.24,0.54
12/10/73,30.01,61.75,142.15,354.16,77.31,48.13,70.93,933.87,57.67,104.56,112.73,33.37,17.37,92.03,0.53
12/11/73,28.99,58.69,139.32,338.68,76.50,47.14,70.93,911.14,56.20,101.05,109.37,32.54,17.17,89.02,0.53
12/12/73,28.70,58.18,133.65,337.50,73.50,46.58,69.37,864.80,55.14,98.35,105.65,32.25,16.37,89.02,0.51
12/13/73,28.47,57.17,134.22,339.35,70.09,45.37,67.07,839.44,55.80,94.29,99.28,31.43,16.02,84.78,0.47
12/14/73,28.35,60.73,133.09,331.27,69.77,45.37,67.07,829.82,59.53,100.78,100.69,30.84,15.61,85.67,0.47
12/17/73,28.00,61.24,130.82,323.19,67.82,46.08,65.79,829.82,59.13,100.24,103.88,31.43,15.81,84.33,0.46
12/18/73,28.26,61.58,133.09,335.98,71.88,46.29,68.27,882.28,61.00,104.56,107.60,30.84,15.81,90.80,0.47
12/19/73,28.06,59.37,134.22,337.67,71.55,46.65,67.99,891.90,60.06,101.05,108.84,30.84,16.37,88.24,0.48
12/20/73,27.82,59.54,134.79,327.23,69.44,45.37,67.35,869.17,59.66,98.08,102.46,30.84,16.37,86.90,0.48
12/21/73,27.30,57.68,131.95,323.87,68.15,44.66,66.70,841.19,59.66,94.02,101.58,31.43,16.37,87.35,0.48
12/24/73,27.07,57.17,130.54,319.83,68.15,44.45,65.60,813.20,56.07,92.40,99.99,31.43,16.22,86.90,0.48
12/26/73,28.00,59.88,135.64,334.64,73.42,45.58,67.26,852.55,59.66,98.35,104.41,31.72,16.97,92.48,0.48
12/27/73,29.25,63.61,141.30,343.39,74.31,46.93,67.62,874.41,60.86,101.05,106.53,32.25,17.52,95.04,0.47
12/28/73,29.28,64.29,141.58,335.65,72.53,46.50,67.35,867.42,61.40,98.08,104.94,32.25,17.37,94.15,0.46
12/31/73,29.52,64.12,142.71,332.28,73.18,45.80,67.62,858.67,60.73,97.00,104.77,32.54,17.37,96.09,0.47
1/2/74,29.05,61.92,141.87,326.90,72.53,45.58,67.26,849.93,61.66,89.43,103.88,32.54,17.37,94.75,0.48
1/3/74,29.63,60.39,143.56,322.18,72.53,45.80,68.17,850.80,60.20,85.65,103.88,33.37,17.72,96.09,0.56
1/4/74,28.93,55.81,146.68,310.74,70.09,43.74,67.62,800.96,56.47,80.24,101.93,33.37,17.37,90.95,0.54
1/7/74,28.47,55.47,145.26,306.02,67.01,42.82,66.15,785.22,53.54,87.54,99.10,33.37,16.77,89.61,0.54
1/8/74,27.77,51.06,141.87,307.03,64.74,42.25,64.50,772.11,53.14,86.19,98.22,33.07,16.22,86.59,0.56
1/9/74,26.72,50.04,138.47,306.70,63.44,41.40,62.11,745.00,51.81,79.43,95.03,32.54,15.61,85.81,0.54
1/10/74,26.19,49.19,135.92,308.38,62.95,41.12,62.02,755.49,52.21,80.79,92.55,32.25,15.06,85.36,0.54
1/11/74,26.72,51.40,139.03,323.19,64.58,41.68,62.94,772.11,54.87,84.84,93.26,32.54,15.21,87.49,0.54
1/14/74,27.45,52.42,140.73,319.15,66.04,42.11,63.55,772.98,55.00,86.19,93.44,32.54,15.21,90.50,0.55
1/15/74,28.06,52.93,141.02,322.01,67.09,43.10,63.73,775.60,55.54,87.27,93.44,32.54,15.41,90.95,0.55
1/16/74,28.03,55.47,141.02,328.24,68.96,43.53,65.03,784.35,57.40,88.62,93.44,32.54,15.41,91.29,0.55
1/17/74,29.20,56.32,142.71,337.67,71.07,43.67,66.32,804.46,59.13,95.11,96.80,32.25,16.02,95.20,0.55
1/18/74,28.70,55.13,141.87,331.27,69.93,42.96,65.58,797.47,58.20,91.59,98.93,31.43,15.81,93.97,0.57
1/21/74,28.06,59.71,143.00,329.93,69.93,43.95,66.50,795.72,61.00,95.11,99.28,30.84,15.21,95.20,0.55
1/22/74,28.12,58.69,143.85,336.32,71.39,44.80,67.24,818.45,59.40,98.35,101.23,31.43,15.41,95.64,0.59
1/23/74,28.32,62.09,146.68,333.97,72.20,45.51,69.27,823.70,60.20,102.94,102.46,30.84,15.41,96.09,0.62
1/24/74,28.32,60.73,145.55,331.95,71.07,45.09,66.87,827.20,59.40,101.59,103.00,30.02,15.41,97.32,0.62
1/25/74,28.12,60.56,139.88,332.62,72.36,45.72,66.87,831.57,58.33,102.40,101.40,30.61,15.21,97.32,0.64
1/28/74,28.41,59.88,134.22,329.08,70.50,44.80,66.32,829.82,57.27,103.21,101.23,30.61,15.41,96.54,0.64
1/29/74,28.09,60.39,137.05,327.57,69.93,44.24,65.76,830.69,57.40,100.51,99.28,30.61,15.21,97.77,0.64
1/30/74,27.97,62.59,137.33,331.61,70.01,44.66,66.87,831.57,58.47,99.70,100.69,31.43,15.61,100.78,0.65
1/31/74,27.42,60.73,135.64,330.26,68.88,44.31,66.13,832.44,57.80,95.11,101.23,30.84,15.21,100.34,0.67
2/1/74,27.33,59.37,133.94,324.88,68.31,43.95,65.58,809.71,57.13,94.29,99.63,30.61,15.21,97.32,0.64
2/4/74,27.12,56.32,131.11,319.15,67.98,43.10,62.99,792.22,55.27,91.59,97.33,30.02,15.21,91.73,0.61
2/5/74,26.89,55.98,128.84,318.82,66.52,42.82,61.88,783.47,54.87,92.13,95.74,28.97,14.86,88.72,0.63
2/6/74,26.77,57.17,127.99,321.23,66.28,42.96,62.07,793.97,55.67,95.65,95.56,29.50,14.66,89.61,0.63
2/7/74,26.83,58.01,128.27,319.87,66.52,42.68,63.36,797.47,54.87,94.29,93.44,29.50,14.66,88.38,0.63
2/8/74,26.54,55.81,127.71,315.64,65.87,42.18,62.90,782.60,53.27,91.32,93.42,28.67,14.66,87.04,0.57
2/11/74,25.70,53.60,122.61,308.70,64.82,41.40,61.42,749.37,51.14,87.54,89.87,27.85,14.66,83.58,0.60
2/12/74,25.61,53.94,125.16,309.04,65.23,41.40,61.52,749.37,51.67,88.08,88.09,27.27,15.06,84.47,0.52
2/13/74,25.93,53.94,122.04,310.39,64.90,41.12,61.79,738.01,51.67,87.54,87.20,26.74,15.06,84.02,0.57
2/14/74,25.72,54.45,122.89,306.67,65.06,40.97,62.16,739.75,52.61,88.35,85.25,26.74,14.86,84.02,0.57
2/15/74,25.75,55.64,126.57,316.15,66.48,41.68,62.62,748.50,53.01,90.24,86.14,27.85,15.21,85.81,0.57
2/19/74,25.70,55.98,126.57,313.78,67.05,42.89,61.61,755.49,53.14,92.40,89.69,29.50,14.86,87.49,0.56
2/20/74,26.16,58.69,127.99,318.86,66.48,43.10,62.62,778.23,54.20,98.89,93.95,28.97,15.06,90.95,0.56
2/21/74,26.54,57.85,131.39,321.56,67.94,44.73,63.73,786.97,55.27,99.16,97.68,29.79,15.21,93.07,0.57
2/22/74,26.45,57.17,131.11,320.21,67.86,44.02,63.64,785.22,55.40,99.43,95.90,29.79,15.61,95.20,0.57
2/25/74,26.34,57.00,130.82,319.19,67.61,43.81,63.36,788.73,54.74,99.70,95.37,29.79,15.61,92.63,0.60
2/26/74,26.45,58.69,131.95,321.90,67.78,44.24,63.36,807.13,55.00,100.24,98.39,29.79,15.21,97.32,0.59
2/27/74,26.83,60.73,130.82,320.89,66.88,44.80,65.39,817.65,55.27,99.70,97.68,30.02,15.61,95.64,0.59
2/28/74,26.83,60.73,129.17,322.07,66.31,44.52,65.12,806.26,55.00,99.70,96.97,30.02,15.41,97.32,0.59
3/1/74,26.75,59.20,128.88,319.53,65.34,44.66,64.47,792.23,55.94,99.70,95.19,29.79,15.41,96.87,0.55
3/4/74,26.63,60.73,128.03,320.55,65.18,44.65,63.46,788.73,58.20,97.00,97.68,29.79,15.81,97.32,0.55
3/5/74,26.72,66.16,127.74,327.32,68.35,45.43,65.49,804.50,59.40,102.13,98.75,30.17,16.08,96.54,0.55
3/6/74,26.89,69.89,127.74,330.70,68.59,45.57,66.13,805.38,59.80,104.29,99.46,30.17,15.88,97.32,0.56
3/7/74,26.42,68.87,126.03,324.61,68.83,45.00,66.13,796.62,59.66,98.35,97.50,30.17,15.68,95.20,0.56
3/8/74,26.72,70.40,126.89,325.63,69.40,46.14,66.23,832.55,60.86,102.40,99.28,30.17,15.88,95.64,0.57
3/11/74,27.57,71.92,129.45,333.75,70.22,46.43,66.60,871.11,62.73,102.40,99.46,30.99,15.88,98.21,0.59
3/12/74,27.95,70.91,128.88,337.81,71.92,48.14,68.44,864.10,62.06,102.40,100.17,31.58,15.68,96.54,0.59
3/13/74,27.95,73.11,125.46,338.49,73.06,48.78,69.27,869.36,62.86,102.40,101.77,31.58,16.08,98.21,0.57
3/14/74,27.57,72.77,121.18,336.80,74.60,48.28,69.09,869.36,61.79,101.59,104.25,30.75,16.44,96.54,0.57
3/15/74,27.13,72.60,120.61,337.47,73.87,48.35,69.83,871.11,61.13,101.05,103.36,29.64,16.29,96.54,0.57
3/18/74,26.54,70.06,119.19,335.10,72.33,47.85,68.63,854.46,59.13,97.00,103.19,29.64,15.88,93.52,0.56
3/19/74,26.72,69.04,116.62,332.73,71.03,47.57,67.61,841.31,58.60,95.11,102.83,29.64,15.48,92.63,0.55
3/20/74,27.04,70.06,121.75,333.41,72.00,47.35,67.52,832.55,59.13,92.13,104.78,29.93,15.88,93.52,0.54
3/21/74,27.33,69.04,122.90,329.01,72.00,47.78,67.80,818.52,58.20,94.29,104.25,29.93,15.88,94.30,0.55
3/22/74,27.48,68.53,125.46,329.69,73.30,47.99,68.07,816.77,59.00,94.29,104.78,29.93,15.88,93.07,0.56
3/25/74,27.72,67.85,128.88,335.10,72.65,48.49,68.72,829.92,59.40,94.29,103.90,29.93,15.88,92.18,0.56
3/26/74,27.48,67.51,128.31,338.49,72.33,47.85,68.72,837.81,58.60,93.75,104.78,29.93,16.08,92.63,0.56
3/27/74,26.84,66.16,125.46,330.36,72.41,47.35,69.09,818.52,57.40,92.40,105.32,29.64,15.88,89.61,0.56
3/28/74,26.13,65.48,123.75,324.61,71.43,46.57,68.72,807.13,56.47,91.59,101.23,28.22,15.13,87.49,0.55
3/29/74,25.81,66.50,123.75,319.19,70.87,46.07,65.39,806.26,56.07,90.24,100.17,28.22,15.13,85.36,0.55
4/1/74,25.64,66.50,124.04,311.07,70.30,46.00,65.12,801.00,55.94,90.24,99.46,27.99,15.13,84.92,0.55
4/2/74,25.61,66.50,124.61,316.83,71.03,45.93,65.03,794.86,55.67,92.13,99.10,27.40,14.92,86.04,0.56
4/3/74,25.90,67.85,127.17,323.93,71.35,47.14,66.41,818.52,57.00,93.75,100.88,27.16,15.13,88.17,0.55
4/4/74,25.87,68.87,127.74,325.12,72.17,46.43,66.41,818.52,57.27,92.94,102.65,27.40,14.92,87.72,0.55
4/5/74,25.37,66.16,124.89,316.15,71.35,46.00,65.76,796.62,56.07,90.24,102.30,27.40,14.92,85.59,0.56
4/8/74,25.11,65.48,123.75,312.42,70.38,45.50,64.56,791.36,55.67,89.70,101.05,27.16,14.72,85.14,0.58
4/9/74,25.64,65.82,125.46,315.47,71.92,45.50,64.47,797.49,55.67,90.78,102.48,27.40,14.72,86.04,0.58
4/10/74,25.31,61.41,122.61,311.75,71.35,45.57,64.01,786.98,55.40,88.89,104.25,27.40,14.72,86.37,0.58
4/11/74,25.58,59.54,121.47,310.73,71.60,45.15,64.29,785.22,54.87,88.89,103.54,27.40,14.72,84.25,0.58
4/15/74,25.75,60.39,123.18,312.09,70.62,45.36,64.81,785.22,55.14,88.35,105.14,27.99,14.72,82.56,0.58
4/16/74,26.37,63.44,125.46,317.16,71.52,46.57,66.11,809.76,58.47,88.89,104.96,28.81,15.13,85.59,0.58
4/17/74,26.40,62.26,124.89,317.16,71.52,46.64,66.48,823.78,58.86,91.32,106.38,28.81,15.68,86.37,0.58
4/18/74,26.25,60.05,125.46,318.18,71.60,45.86,67.03,822.91,58.73,88.35,107.45,29.64,15.68,89.40,0.58
4/19/74,25.78,58.86,123.18,313.61,70.54,45.86,66.76,810.64,57.67,85.38,105.14,29.11,15.13,89.40,0.58
4/22/74,25.81,59.37,123.18,312.09,69.73,45.86,66.29,807.13,57.80,86.19,105.14,28.81,15.13,89.85,0.58
4/23/74,25.34,58.35,121.18,307.69,69.24,45.43,64.99,792.23,56.20,83.49,103.19,27.99,14.72,87.27,0.57
4/24/74,24.96,57.00,121.18,302.78,69.08,44.72,65.55,764.19,54.34,82.41,99.63,27.40,14.72,85.59,0.56
4/25/74,24.67,58.35,118.62,300.07,68.59,45.43,65.73,764.19,55.00,82.14,99.99,27.40,14.32,88.17,0.56
4/26/74,24.52,57.68,117.76,305.32,69.81,44.72,67.87,760.69,55.67,79.70,102.83,28.22,14.12,88.61,0.57
4/29/74,24.64,59.03,118.62,303.96,70.38,44.93,68.98,761.56,57.13,79.70,104.07,28.22,13.56,91.98,0.56
4/30/74,24.73,59.37,116.34,307.69,70.87,45.79,69.63,758.93,57.00,83.22,105.67,27.99,13.77,88.61,0.56
5/1/74,24.52,61.75,120.33,311.41,71.35,46.85,70.75,765.94,58.07,84.84,107.98,28.22,13.92,94.55,0.55
5/2/74,23.61,61.07,120.90,310.56,71.19,46.71,70.93,779.97,57.80,87.00,107.45,27.99,13.92,95.90,0.55
5/3/74,23.14,59.88,119.47,306.33,70.70,45.43,70.56,788.73,57.00,86.73,105.32,27.16,13.36,95.45,0.54
5/6/74,23.41,61.24,119.76,303.62,71.19,45.50,70.56,779.97,57.80,87.00,104.25,27.16,13.36,97.13,0.54
5/7/74,23.50,60.39,118.90,308.87,70.87,45.57,72.79,788.73,59.00,86.19,107.63,27.16,13.77,98.47,0.57
5/8/74,24.38,59.88,118.05,307.72,71.84,45.57,72.61,786.98,60.33,80.52,109.22,26.34,13.77,98.92,0.59
5/9/74,25.43,62.93,116.05,313.85,73.79,46.43,73.53,813.27,62.86,81.06,111.00,27.16,13.92,101.50,0.58
5/10/74,25.43,61.92,108.64,305.00,73.71,46.14,73.53,806.26,60.60,78.08,109.93,26.87,13.36,98.02,0.58
5/13/74,25.20,60.22,110.35,301.59,72.49,46.43,72.14,804.50,60.20,77.81,107.24,25.45,13.56,98.02,0.58
5/14/74,25.14,59.37,113.49,303.64,73.30,47.28,72.61,799.25,60.46,75.11,109.56,25.45,13.77,97.58,0.57
5/15/74,25.20,59.88,114.34,302.78,73.63,46.57,73.53,804.50,60.86,77.00,109.38,26.04,13.92,99.37,0.57
5/16/74,24.73,58.01,113.20,299.55,73.63,46.85,72.88,803.63,60.86,77.54,107.60,26.34,13.92,98.92,0.58
5/17/74,23.91,57.00,111.20,297.17,72.98,46.57,71.68,792.23,59.53,76.19,106.88,25.45,13.77,97.13,0.58
5/20/74,23.91,57.68,110.35,297.17,73.24,46.64,71.49,793.11,59.93,76.19,106.35,24.63,13.77,98.02,0.57
5/21/74,24.02,58.69,109.21,296.15,74.38,46.85,72.05,793.11,61.26,74.03,107.78,24.63,13.77,98.02,0.57
5/22/74,23.67,58.86,108.64,294.27,74.46,46.57,72.05,791.36,60.60,71.60,107.95,24.63,13.56,97.13,0.57
5/23/74,24.14,60.73,108.35,294.44,74.38,46.57,72.70,805.38,60.46,73.49,107.95,24.63,13.77,98.47,0.57
5/24/74,24.35,62.59,108.92,297.85,76.01,47.14,72.98,830.79,62.19,75.65,108.67,26.04,13.92,102.73,0.61
5/28/74,24.29,62.59,110.06,295.47,75.35,48.28,72.23,825.54,62.06,76.19,108.84,26.34,14.12,101.50,0.62
5/29/74,24.08,59.20,108.64,286.79,73.73,46.71,72.05,803.63,59.26,76.46,108.31,26.87,13.99,101.50,0.62
5/30/74,24.64,61.24,110.06,292.06,74.70,45.57,72.05,814.14,58.60,79.70,107.24,26.34,13.99,98.47,0.60
5/31/74,25.11,60.56,110.06,289.34,74.87,45.00,72.79,820.28,58.07,82.14,107.06,26.34,14.20,98.47,0.60
6/3/74,25.49,62.43,111.77,298.19,76.17,45.99,73.91,827.30,60.06,87.54,107.60,26.48,14.40,97.13,0.61
6/4/74,25.90,65.14,112.06,300.23,76.49,46.35,72.61,833.45,60.06,86.19,109.20,28.14,14.80,92.87,0.61
6/5/74,25.55,66.16,110.06,300.06,76.17,46.78,73.07,843.11,60.60,86.73,111.16,28.97,15.01,89.85,0.62
6/6/74,26.78,69.21,113.86,309.76,76.41,47.64,74.28,871.22,62.46,88.35,112.76,29.26,15.01,91.98,0.64
6/7/74,26.89,67.17,114.43,312.15,77.39,47.92,75.58,877.36,62.86,89.70,113.48,29.80,15.77,88.61,0.67
6/10/74,27.60,68.19,116.73,313.51,77.31,48.06,76.69,893.17,67.39,89.70,112.59,29.80,15.77,86.04,0.70
6/11/74,27.43,66.50,114.72,308.40,76.01,47.49,77.25,880.88,65.52,88.08,113.48,30.09,15.77,84.25,0.67
6/12/74,27.43,65.82,116.16,306.02,77.23,48.42,76.32,880.00,65.52,86.19,114.01,30.09,15.56,83.80,0.68
6/13/74,27.78,66.84,115.58,309.76,77.15,48.99,77.71,871.22,66.06,83.49,117.04,30.33,15.77,85.59,0.69
6/14/74,27.75,63.95,114.72,303.29,77.06,48.14,77.15,868.58,65.26,80.52,115.26,30.33,15.56,87.27,0.70
6/17/74,27.25,62.59,113.00,297.85,75.68,47.35,75.02,847.50,65.79,77.00,114.37,30.33,15.21,85.59,0.71
6/18/74,27.25,58.69,111.56,294.10,76.66,46.92,75.76,841.36,62.99,78.35,115.08,30.09,15.56,83.80,0.71
6/19/74,26.81,59.03,111.85,294.78,76.25,46.99,75.30,827.30,61.93,79.16,116.15,29.80,15.36,84.25,0.71
6/20/74,26.54,59.37,110.98,291.04,76.01,47.06,73.63,824.67,61.00,80.79,114.90,29.26,15.36,82.56,0.71
6/21/74,25.87,59.20,109.55,290.02,75.68,46.92,75.39,819.40,58.60,81.06,114.37,28.37,15.36,82.56,0.70
6/24/74,25.93,60.56,110.41,293.76,76.41,46.92,76.50,833.45,58.73,80.24,114.01,28.37,15.21,83.80,0.69
6/25/74,26.40,62.43,114.72,301.59,76.82,47.21,78.27,851.02,59.40,82.41,115.79,29.80,15.36,86.04,0.71
6/26/74,25.72,59.03,111.27,294.44,76.66,46.42,76.32,823.79,52.21,80.79,114.37,29.26,15.36,82.12,0.71
6/27/74,25.48,59.03,111.85,288.66,74.05,45.85,74.46,809.74,50.21,78.35,113.48,28.97,15.01,82.12,0.69
6/28/74,25.43,58.69,113.28,289.68,73.73,44.92,74.09,808.86,51.01,75.11,111.16,28.97,14.80,84.25,0.69
7/1/74,25.45,58.52,113.00,289.68,73.89,45.35,75.21,812.37,51.27,75.11,110.45,28.97,14.80,84.02,0.69
7/2/74,24.28,52.76,110.41,287.98,72.59,44.06,73.81,764.07,50.08,72.95,108.67,28.14,14.20,81.89,0.68
7/3/74,23.78,54.62,108.97,285.93,71.94,44.35,73.72,768.46,51.01,71.33,108.84,28.14,14.40,83.68,0.69
7/5/74,23.84,53.94,108.97,280.15,69.66,43.63,73.72,759.68,50.74,70.25,106.17,27.31,14.20,81.89,0.69
7/8/74,23.42,51.40,103.51,270.96,67.71,43.56,70.56,715.77,40.89,64.84,104.57,27.01,13.84,79.75,0.68
7/9/74,23.69,44.78,103.51,274.70,68.76,43.70,71.86,723.67,41.82,62.68,102.61,27.31,13.99,78.85,0.68
7/10/74,23.48,47.16,102.65,269.26,68.52,42.91,70.56,705.23,38.89,58.09,99.76,27.01,13.23,75.48,0.68
7/11/74,23.31,50.04,103.22,270.62,67.38,43.34,70.56,714.01,41.29,59.17,99.94,27.01,13.03,75.48,0.69
7/12/74,23.90,55.13,109.26,292.74,70.23,44.13,73.91,753.53,45.15,64.03,102.97,27.31,13.99,80.20,0.69
7/15/74,24.48,54.79,108.40,298.19,71.29,44.06,75.36,755.29,45.81,64.84,105.99,27.54,14.20,80.65,0.69
7/16/74,23.13,52.25,107.53,291.04,70.39,43.42,73.96,744.75,45.55,64.84,104.75,27.01,13.99,80.65,0.69
7/17/74,23.51,54.96,109.83,296.49,71.69,43.34,75.83,757.04,45.28,67.01,105.10,27.01,14.20,82.34,0.69
7/18/74,22.78,53.94,109.55,295.47,71.94,44.35,76.48,763.19,46.35,68.09,107.60,25.35,14.20,80.99,0.71
7/19/74,22.84,53.26,110.12,296.49,72.10,45.06,75.08,767.58,46.61,68.09,107.78,25.35,14.20,78.85,0.73
7/22/74,22.75,54.28,108.68,299.38,71.12,43.77,74.15,769.34,47.54,68.09,106.88,25.35,13.99,80.65,0.70
7/23/74,22.60,54.11,109.26,302.61,70.15,43.49,73.59,761.44,46.88,72.41,108.31,24.76,13.99,78.07,0.70
7/24/74,22.39,53.94,112.13,300.91,68.68,42.06,74.80,766.71,46.88,72.41,105.99,24.52,13.64,76.72,0.70
7/25/74,22.13,52.59,111.27,292.40,66.57,41.48,73.12,739.48,45.55,69.71,104.39,24.76,13.64,75.82,0.69
7/26/74,21.54,50.72,108.40,280.83,64.53,40.55,71.63,702.59,43.68,68.36,102.08,23.69,13.23,75.03,0.69
7/29/74,21.01,49.36,104.08,276.40,63.80,39.27,70.70,694.69,43.15,64.30,98.69,23.40,12.67,74.58,0.69
7/30/74,20.78,49.87,103.51,282.53,64.45,38.05,70.60,679.76,43.15,65.65,97.27,23.40,12.47,76.27,0.68
7/31/74,20.04,48.85,98.91,274.53,63.96,38.34,70.79,663.07,40.49,62.68,94.77,23.40,11.66,74.14,0.69
8/1/74,19.72,49.70,99.20,274.70,61.52,38.48,69.58,658.68,41.02,61.87,94.59,23.40,11.31,74.14,0.69
8/2/74,19.42,50.89,100.06,273.34,59.24,37.26,67.71,653.41,41.02,60.79,93.17,23.40,11.10,75.03,0.69
8/5/74,19.33,52.08,101.21,278.11,58.51,37.41,67.43,659.56,43.28,61.60,94.95,23.40,11.31,76.72,0.68
8/6/74,19.66,52.76,103.80,284.23,59.49,38.62,69.20,669.22,45.28,64.57,97.80,23.40,11.66,75.03,0.68
8/7/74,20.81,54.96,107.82,292.40,63.07,39.48,71.44,686.79,46.75,66.20,97.98,23.93,12.27,75.48,0.69
8/8/74,20.42,51.74,106.10,285.89,61.68,38.19,69.76,669.22,43.55,63.49,95.66,23.40,12.07,72.00,0.70
8/9/74,19.60,51.40,104.95,285.89,61.20,37.55,68.27,653.41,43.82,64.30,92.99,22.57,11.86,71.10,0.70
8/12/74,18.86,50.55,104.08,278.35,59.73,37.48,66.87,642.87,42.48,62.95,94.42,22.57,11.51,68.07,0.66
8/13/74,18.36,50.04,100.92,277.32,57.78,36.48,65.66,620.04,41.15,58.09,91.56,21.15,11.10,67.62,0.65
8/14/74,18.54,49.02,99.48,274.23,56.96,35.05,63.79,605.99,40.75,55.39,89.41,20.32,10.70,65.94,0.60
8/15/74,18.54,49.02,97.76,274.23,56.31,35.33,64.45,603.35,40.75,52.69,87.63,20.02,10.90,67.28,0.55
8/16/74,18.66,49.19,94.60,272.18,56.96,34.33,64.63,599.84,39.55,48.63,86.02,19.78,10.70,67.28,0.54
8/19/74,18.63,50.89,91.72,269.78,55.87,33.54,64.35,553.29,40.09,50.52,83.87,20.02,10.70,67.28,0.55
8/20/74,18.39,50.89,92.01,273.89,56.12,33.76,64.54,545.39,40.22,54.04,85.84,20.02,10.70,69.42,0.52
8/21/74,17.89,47.50,88.84,263.26,55.46,33.69,62.40,540.12,36.36,55.12,85.84,20.02,10.49,66.83,0.55
8/22/74,17.24,46.65,88.56,264.29,54.48,33.47,62.96,549.78,34.09,52.69,83.69,20.02,10.49,66.83,0.55
8/23/74,17.22,44.10,81.08,260.52,53.10,32.97,62.86,542.75,33.03,53.50,84.23,19.78,9.94,65.94,0.55
8/26/74,17.54,46.82,85.97,265.32,53.83,33.76,61.18,564.71,35.83,56.74,86.19,19.19,10.34,69.42,0.58
8/27/74,16.95,45.80,83.67,263.26,52.20,33.83,59.41,557.68,34.89,57.55,84.59,19.78,10.22,67.62,0.60
8/28/74,16.92,45.46,81.94,262.24,53.34,33.97,59.22,571.74,35.56,56.74,85.30,20.02,10.42,69.42,0.60
8/29/74,16.71,45.63,84.24,258.81,53.42,34.83,59.13,572.61,36.49,54.04,86.19,19.19,10.01,71.10,0.58
8/30/74,17.13,46.31,87.12,263.26,56.03,36.54,61.74,585.83,37.29,57.82,90.13,19.78,10.01,72.90,0.58
9/3/74,16.95,41.73,85.68,251.61,55.87,35.25,60.34,569.97,34.76,52.42,89.41,19.95,9.60,67.28,0.59
9/4/74,16.24,42.07,80.79,246.81,52.12,34.67,58.20,548.83,32.23,50.79,87.09,19.35,9.40,65.04,0.58
9/5/74,17.24,42.58,84.24,249.90,56.28,35.68,61.18,579.66,33.43,54.04,93.17,20.19,9.60,68.52,0.59
9/6/74,17.07,39.52,84.53,245.44,55.63,35.68,60.62,581.42,32.23,52.15,93.35,20.19,10.22,69.42,0.58
9/9/74,16.27,36.64,79.36,237.21,54.89,34.46,60.06,560.28,30.23,47.82,90.13,20.19,9.81,67.28,0.58
9/10/74,16.13,36.30,78.78,235.16,54.16,33.67,60.16,562.04,30.76,47.82,90.31,20.19,10.01,65.94,0.57
9/11/74,16.04,36.98,75.91,226.41,53.59,33.52,59.78,560.28,31.03,47.01,89.95,20.19,10.01,63.35,0.57
9/12/74,15.15,34.27,71.31,214.59,52.20,30.14,58.85,533.85,29.97,45.12,87.09,19.95,10.01,62.12,0.54
9/13/74,15.18,34.61,69.29,208.42,49.75,28.20,56.71,515.35,28.90,40.80,81.72,19.35,9.60,61.22,0.52
9/16/74,15.78,36.81,74.18,218.87,49.43,29.78,56.71,530.33,31.16,43.77,84.59,19.35,9.60,62.12,0.52
9/17/74,15.96,34.61,78.90,221.96,50.49,31.87,57.64,533.85,31.16,46.47,89.95,19.35,10.22,57.74,0.52
9/18/74,16.01,34.27,82.39,228.30,51.71,32.23,57.73,542.66,31.83,49.98,88.70,19.12,10.57,59.08,0.53
9/19/74,16.67,35.28,87.05,233.78,54.48,33.81,59.69,554.99,32.50,51.06,89.59,19.35,11.19,60.32,0.52
9/20/74,16.37,34.44,88.50,235.16,55.95,33.16,59.88,563.80,31.83,49.98,92.10,19.35,11.19,58.63,0.52
9/23/74,14.95,33.25,84.72,232.07,54.48,31.94,59.32,518.00,31.16,47.82,92.81,18.52,10.98,58.63,0.52
9/24/74,14.24,33.25,82.10,228.64,52.77,31.01,58.67,484.52,29.97,46.47,91.56,18.28,10.42,58.19,0.52
9/25/74,13.82,32.74,77.73,226.24,53.83,31.15,58.67,479.23,29.03,46.47,91.02,17.68,10.57,55.60,0.52
9/26/74,13.26,32.06,76.86,224.87,52.85,30.93,58.11,468.66,28.23,42.69,87.09,17.38,10.42,54.25,0.52
9/27/74,11.80,30.53,75.11,220.59,49.02,29.35,54.56,459.85,26.77,42.15,83.51,16.31,9.81,53.92,0.52
9/30/74,12.16,29.35,72.78,218.02,49.26,28.92,54.47,456.33,26.24,40.53,80.47,14.87,9.40,55.15,0.50
10/1/74,12.51,28.67,76.86,219.73,50.49,28.78,52.23,452.81,27.30,40.53,81.90,15.47,9.19,56.28,0.46
10/2/74,11.68,29.35,79.77,218.70,51.47,28.85,52.04,445.76,26.37,40.53,83.69,14.87,9.19,54.93,0.44
10/3/74,11.06,28.16,77.73,216.30,50.08,28.70,50.92,442.23,26.10,38.10,82.62,14.04,9.04,55.38,0.43
10/4/74,10.97,27.31,76.57,214.25,49.59,29.35,51.30,428.14,22.64,38.64,82.08,14.58,8.84,54.14,0.41
10/7/74,11.63,29.18,80.64,225.04,51.63,30.65,52.79,451.92,25.04,41.88,83.69,15.47,9.19,56.73,0.40
10/8/74,11.71,27.82,78.61,222.13,49.26,30.14,51.95,452.81,24.90,40.80,82.26,15.47,9.60,54.48,0.39
10/9/74,12.78,30.53,84.72,235.84,52.45,31.87,51.95,484.52,27.43,42.15,86.37,16.31,9.81,57.07,0.40
10/10/74,13.52,30.87,87.63,241.50,54.24,32.95,54.10,510.95,28.37,42.69,88.70,17.14,10.57,57.07,0.45
10/11/74,13.82,30.53,87.05,244.07,55.63,34.24,58.00,532.09,30.36,40.80,89.59,18.52,10.98,58.42,0.46
10/14/74,14.56,32.57,88.21,245.44,57.42,34.89,59.78,543.54,32.36,44.58,95.67,19.35,11.39,58.42,0.48
10/15/74,14.68,34.61,85.01,243.04,56.52,35.39,60.35,492.45,31.83,44.04,94.42,19.12,10.98,57.07,0.47
10/16/74,14.18,33.25,83.26,242.87,55.46,34.10,59.50,451.92,32.10,43.77,91.92,19.12,10.98,55.83,0.47
10/17/74,13.82,34.61,83.56,246.81,55.63,33.67,60.63,465.14,33.16,43.23,93.35,18.52,10.98,56.73,0.47
10/18/74,13.73,34.77,85.01,252.64,57.34,34.10,62.03,482.76,34.23,42.15,94.06,19.12,11.75,56.28,0.47
10/21/74,14.12,34.44,88.50,263.95,59.70,36.40,64.38,502.14,37.16,45.93,96.57,19.35,11.59,59.33,0.47
10/22/74,13.79,33.42,86.47,257.44,59.79,36.40,65.32,492.45,36.22,49.44,98.53,21.09,11.39,58.42,0.45
10/23/74,13.58,30.70,85.01,249.55,57.26,35.11,63.82,486.28,34.09,48.63,94.24,19.95,11.19,57.97,0.44
10/24/74,13.58,30.70,82.68,248.52,56.77,35.25,62.69,490.69,33.69,49.44,93.53,19.35,11.19,58.87,0.42
10/25/74,13.76,29.35,81.23,243.04,57.01,34.03,62.88,490.69,34.36,51.88,95.67,19.35,11.59,57.07,0.41
10/28/74,13.82,30.70,82.97,247.84,57.75,34.67,62.69,480.11,34.89,49.44,96.03,19.35,11.75,57.97,0.41
10/29/74,14.77,32.06,86.76,262.92,59.05,37.12,66.82,500.38,35.69,52.69,100.86,19.35,12.36,61.47,0.41
10/30/74,15.48,32.06,87.92,264.64,58.89,38.27,68.98,518.88,37.82,58.09,103.00,19.35,13.13,64.96,0.44
10/31/74,14.95,31.72,89.09,259.32,56.77,37.98,65.13,513.59,37.56,60.25,103.36,20.19,13.13,66.21,0.44
11/1/74,14.92,31.38,90.83,262.58,57.09,37.70,64.94,470.42,37.42,60.79,100.68,20.49,12.92,65.75,0.45
11/4/74,14.95,31.04,89.67,259.84,56.20,36.69,65.51,465.14,36.22,59.44,99.96,20.49,12.57,64.51,0.45
11/5/74,15.60,32.57,92.87,268.58,58.73,39.06,67.76,482.76,39.29,64.57,104.26,21.92,13.33,70.49,0.46
11/6/74,15.51,33.93,89.67,254.24,57.01,38.99,66.35,474.83,38.49,62.95,104.26,22.16,13.54,68.35,0.44
11/7/74,15.39,37.32,91.71,258.73,58.07,40.57,68.32,468.66,41.55,64.30,105.51,21.33,13.94,70.15,0.43
11/8/74,14.41,37.15,90.25,263.22,57.09,41.00,68.60,471.31,41.29,62.14,104.61,20.49,14.10,69.70,0.37
11/11/74,14.00,36.98,92.29,262.53,56.77,41.29,68.89,479.23,41.02,63.49,106.05,20.49,14.51,69.70,0.37
11/12/74,13.52,33.76,88.80,255.62,55.79,40.79,67.48,466.02,38.09,59.44,104.25,20.19,13.33,67.56,0.37
11/13/74,13.76,33.76,86.18,255.28,55.38,40.00,66.73,472.19,37.42,59.98,101.92,19.35,13.13,68.35,0.36
11/14/74,13.52,33.25,87.34,251.65,56.60,39.13,65.70,463.38,36.22,60.52,101.20,19.12,12.92,68.35,0.37
11/15/74,13.05,33.08,83.85,249.06,55.87,37.41,63.72,446.64,35.43,58.90,97.07,19.12,12.57,67.56,0.37
11/18/74,11.60,30.19,79.19,240.25,54.04,35.39,61.66,418.45,33.83,54.04,93.84,18.28,11.75,64.51,0.37
11/19/74,11.92,29.52,79.48,234.21,54.12,34.75,58.94,410.52,32.23,53.23,94.74,18.28,11.59,64.06,0.36
11/20/74,11.83,29.86,78.61,232.83,54.45,34.96,59.13,399.95,32.76,54.04,95.28,18.28,11.59,64.06,0.36
11/21/74,11.83,31.04,79.77,236.97,54.78,36.47,60.63,392.02,34.49,55.12,96.36,18.52,12.36,66.21,0.36
11/22/74,12.10,31.55,82.10,235.59,54.69,37.12,61.94,395.54,34.89,57.28,98.69,18.52,12.77,67.11,0.36
11/25/74,12.29,30.87,82.39,240.42,55.59,37.98,62.32,410.52,35.69,55.39,100.12,18.52,12.66,65.30,0.35
11/26/74,12.71,31.38,81.81,244.57,55.02,37.91,63.07,421.09,37.02,59.17,99.41,19.12,12.87,67.11,0.35
11/27/74,12.86,30.03,84.72,246.30,55.43,38.85,63.07,421.09,36.89,58.09,100.48,19.12,13.02,66.66,0.36
11/29/74,12.95,30.03,86.47,244.92,54.94,39.42,62.13,422.85,36.09,58.09,100.48,19.12,13.23,67.11,0.36
12/2/74,12.23,29.35,85.01,235.93,53.63,37.77,61.00,399.85,34.23,55.39,94.74,18.28,12.87,63.61,0.34
12/3/74,12.11,29.35,82.72,232.31,52.81,36.90,60.63,402.51,35.16,53.77,94.74,17.68,12.46,64.96,0.33
12/4/74,12.08,29.01,83.30,234.55,52.24,37.62,61.38,404.28,35.43,54.58,96.18,18.45,12.66,65.30,0.33
12/5/74,11.81,26.80,81.54,229.72,51.59,36.26,60.35,393.66,33.03,50.79,93.84,18.45,12.46,61.02,0.33
12/6/74,11.27,26.29,79.18,227.30,51.67,34.82,58.84,385.70,32.23,50.79,92.23,17.85,12.25,58.87,0.32
12/9/74,11.66,25.95,78.30,232.83,52.16,36.26,60.06,398.97,33.83,51.34,90.79,17.85,12.25,58.87,0.30
12/10/74,12.32,27.31,80.95,237.66,53.96,37.55,61.47,388.35,34.89,52.69,93.13,18.70,13.02,61.47,0.28
12/11/74,11.90,27.48,79.48,237.32,54.28,38.56,61.38,385.70,34.89,54.85,94.74,18.70,13.02,61.47,0.28
12/12/74,11.93,26.46,76.83,234.21,54.45,38.13,60.63,383.93,33.69,54.85,91.51,18.70,12.25,59.66,0.31
12/13/74,11.69,25.45,77.42,231.10,54.53,38.34,60.06,362.70,34.36,54.04,92.41,18.70,12.04,58.42,0.31
12/16/74,11.36,23.92,73.00,228.33,54.28,37.84,58.37,357.39,34.63,54.04,91.33,18.70,11.84,58.87,0.30
12/17/74,11.99,23.75,76.83,237.14,54.45,38.56,60.16,368.01,34.49,55.12,91.87,19.30,12.04,61.02,0.32
12/18/74,11.87,25.45,78.30,234.90,55.27,38.56,59.97,374.20,32.63,57.28,93.49,19.30,12.46,61.02,0.36
12/19/74,12.11,25.95,78.59,233.52,54.94,38.41,60.44,371.54,32.23,57.28,93.67,19.30,12.04,60.12,0.37
12/20/74,11.81,25.78,75.94,234.21,53.30,38.27,59.88,361.81,28.63,54.85,92.95,19.30,12.04,58.87,0.37
12/23/74,11.96,25.78,74.77,229.03,52.16,38.41,59.69,350.31,30.10,52.15,92.95,18.70,12.04,58.87,0.36
12/24/74,11.99,27.14,75.36,231.27,52.08,38.85,60.06,358.28,30.63,53.50,93.67,18.70,12.25,59.66,0.36
12/26/74,12.23,27.48,76.83,227.99,52.73,37.84,60.53,358.28,31.30,54.85,93.67,18.70,12.66,60.12,0.36
12/27/74,12.23,26.97,76.24,224.19,52.65,36.83,59.88,352.97,30.63,54.58,93.13,18.70,12.87,59.33,0.36
12/30/74,12.26,27.48,75.36,226.95,52.49,36.69,59.78,357.39,30.36,54.58,92.77,19.30,13.02,59.89,0.33